activeSiteFlexibility
,BACKBONE_BETA,34
,BACKBONE_OTHER,42
,SIDECHAIN_ALPHA,17
,SIDECHAIN_BETA,67
,SIDECHAIN_OTHER,42
cationPiInteractions,none
closeContacts
,closeContacts.1
,,ligandAtoms
,,,atomIndex,1
,,,atomName,C1
,,,chain,X
,,,resID,1
,,,resName,UNL
,,metrics
,,,distance,3.897109826525294
,,receptorAtoms
,,,atomIndex,416
,,,atomName,CA
,,,chain,X
,,,resID,269
,,,resName,ALA
,closeContacts.2
,,ligandAtoms
,,,atomIndex,1
,,,atomName,C1
,,,chain,X
,,,resID,1
,,,resName,UNL
,,metrics
,,,distance,3.1165272339576964
,,receptorAtoms
,,,atomIndex,417
,,,atomName,C
,,,chain,X
,,,resID,269
,,,resName,ALA
,closeContacts.3
,,ligandAtoms
,,,atomIndex,1
,,,atomName,C1
,,,chain,X
,,,resID,1
,,,resName,UNL
,,metrics
,,,distance,3.1352371521146534
,,receptorAtoms
,,,atomIndex,418
,,,atomName,O
,,,chain,X
,,,resID,269
,,,resName,ALA
,closeContacts.4
,,ligandAtoms
,,,atomIndex,1
,,,atomName,C1
,,,chain,X
,,,resID,1
,,,resName,UNL
,,metrics
,,,distance,3.4667138618582287
,,receptorAtoms
,,,atomIndex,419
,,,atomName,CB
,,,chain,X
,,,resID,269
,,,resName,ALA
,closeContacts.5
,,ligandAtoms
,,,atomIndex,1
,,,atomName,C1
,,,chain,X
,,,resID,1
,,,resName,UNL
,,metrics
,,,distance,3.197841303129346
,,receptorAtoms
,,,atomIndex,421
,,,atomName,N
,,,chain,X
,,,resID,270
,,,resName,VAL
,closeContacts.6
,,ligandAtoms
,,,atomIndex,1
,,,atomName,C1
,,,chain,X
,,,resID,1
,,,resName,UNL
,,metrics
,,,distance,3.4387185113062095
,,receptorAtoms
,,,atomIndex,422
,,,atomName,CA
,,,chain,X
,,,resID,270
,,,resName,VAL
,closeContacts.7
,,ligandAtoms
,,,atomIndex,1
,,,atomName,C1
,,,chain,X
,,,resID,1
,,,resName,UNL
,,metrics
,,,distance,3.381948255074285
,,receptorAtoms
,,,atomIndex,423
,,,atomName,C
,,,chain,X
,,,resID,270
,,,resName,VAL
,closeContacts.8
,,ligandAtoms
,,,atomIndex,1
,,,atomName,C1
,,,chain,X
,,,resID,1
,,,resName,UNL
,,metrics
,,,distance,3.712503602691855
,,receptorAtoms
,,,atomIndex,428
,,,atomName,H
,,,chain,X
,,,resID,270
,,,resName,VAL
,closeContacts.9
,,ligandAtoms
,,,atomIndex,1
,,,atomName,C1
,,,chain,X
,,,resID,1
,,,resName,UNL
,,metrics
,,,distance,3.23577873161933
,,receptorAtoms
,,,atomIndex,429
,,,atomName,N
,,,chain,X
,,,resID,271
,,,resName,LYS
,closeContacts.10
,,ligandAtoms
,,,atomIndex,1
,,,atomName,C1
,,,chain,X
,,,resID,1
,,,resName,UNL
,,metrics
,,,distance,3.088811260015736
,,receptorAtoms
,,,atomIndex,438
,,,atomName,H
,,,chain,X
,,,resID,271
,,,resName,LYS
,closeContacts.11
,,ligandAtoms
,,,atomIndex,1
,,,atomName,C1
,,,chain,X
,,,resID,1
,,,resName,UNL
,,metrics
,,,distance,3.74165551594478
,,receptorAtoms
,,,atomIndex,843
,,,atomName,O
,,,chain,X
,,,resID,313
,,,resName,ILE
,closeContacts.12
,,ligandAtoms
,,,atomIndex,1
,,,atomName,C1
,,,chain,X
,,,resID,1
,,,resName,UNL
,,metrics
,,,distance,3.788817361657856
,,receptorAtoms
,,,atomIndex,866
,,,atomName,H
,,,chain,X
,,,resID,315
,,,resName,ILE
,closeContacts.13
,,ligandAtoms
,,,atomIndex,2
,,,atomName,C2
,,,chain,X
,,,resID,1
,,,resName,UNL
,,metrics
,,,distance,3.995598203022922
,,receptorAtoms
,,,atomIndex,429
,,,atomName,N
,,,chain,X
,,,resID,271
,,,resName,LYS
,closeContacts.14
,,ligandAtoms
,,,atomIndex,2
,,,atomName,C2
,,,chain,X
,,,resID,1
,,,resName,UNL
,,metrics
,,,distance,3.9733236716884774
,,receptorAtoms
,,,atomIndex,433
,,,atomName,CB
,,,chain,X
,,,resID,271
,,,resName,LYS
,closeContacts.15
,,ligandAtoms
,,,atomIndex,2
,,,atomName,C2
,,,chain,X
,,,resID,1
,,,resName,UNL
,,metrics
,,,distance,3.6876363703597463
,,receptorAtoms
,,,atomIndex,438
,,,atomName,H
,,,chain,X
,,,resID,271
,,,resName,LYS
,closeContacts.16
,,ligandAtoms
,,,atomIndex,3
,,,atomName,C3
,,,chain,X
,,,resID,1
,,,resName,UNL
,,metrics
,,,distance,3.6722501276465365
,,receptorAtoms
,,,atomIndex,863
,,,atomName,CG1
,,,chain,X
,,,resID,315
,,,resName,ILE
,closeContacts.17
,,ligandAtoms
,,,atomIndex,3
,,,atomName,C3
,,,chain,X
,,,resID,1
,,,resName,UNL
,,metrics
,,,distance,3.605273637326299
,,receptorAtoms
,,,atomIndex,865
,,,atomName,CD1
,,,chain,X
,,,resID,315
,,,resName,ILE
,closeContacts.18
,,ligandAtoms
,,,atomIndex,4
,,,atomName,C4
,,,chain,X
,,,resID,1
,,,resName,UNL
,,metrics
,,,distance,3.858960870493507
,,receptorAtoms
,,,atomIndex,865
,,,atomName,CD1
,,,chain,X
,,,resID,315
,,,resName,ILE
,closeContacts.19
,,ligandAtoms
,,,atomIndex,5
,,,atomName,C5
,,,chain,X
,,,resID,1
,,,resName,UNL
,,metrics
,,,distance,3.494721305054239
,,receptorAtoms
,,,atomIndex,590
,,,atomName,OE2
,,,chain,X
,,,resID,286
,,,resName,GLU
,closeContacts.20
,,ligandAtoms
,,,atomIndex,5
,,,atomName,C5
,,,chain,X
,,,resID,1
,,,resName,UNL
,,metrics
,,,distance,3.940519001349949
,,receptorAtoms
,,,atomIndex,619
,,,atomName,CE
,,,chain,X
,,,resID,290
,,,resName,MET
,closeContacts.21
,,ligandAtoms
,,,atomIndex,6
,,,atomName,C6
,,,chain,X
,,,resID,1
,,,resName,UNL
,,metrics
,,,distance,3.8211496960993294
,,receptorAtoms
,,,atomIndex,433
,,,atomName,CB
,,,chain,X
,,,resID,271
,,,resName,LYS
,closeContacts.22
,,ligandAtoms
,,,atomIndex,6
,,,atomName,C6
,,,chain,X
,,,resID,1
,,,resName,UNL
,,metrics
,,,distance,3.871006716604868
,,receptorAtoms
,,,atomIndex,435
,,,atomName,CD
,,,chain,X
,,,resID,271
,,,resName,LYS
,closeContacts.23
,,ligandAtoms
,,,atomIndex,6
,,,atomName,C6
,,,chain,X
,,,resID,1
,,,resName,UNL
,,metrics
,,,distance,3.4382174160457053
,,receptorAtoms
,,,atomIndex,590
,,,atomName,OE2
,,,chain,X
,,,resID,286
,,,resName,GLU
,closeContacts.24
,,ligandAtoms
,,,atomIndex,6
,,,atomName,C6
,,,chain,X
,,,resID,1
,,,resName,UNL
,,metrics
,,,distance,3.510204979769701
,,receptorAtoms
,,,atomIndex,846
,,,atomName,CG2
,,,chain,X
,,,resID,313
,,,resName,ILE
,closeContacts.25
,,ligandAtoms
,,,atomIndex,7
,,,atomName,C7
,,,chain,X
,,,resID,1
,,,resName,UNL
,,metrics
,,,distance,3.7375557520925335
,,receptorAtoms
,,,atomIndex,429
,,,atomName,N
,,,chain,X
,,,resID,271
,,,resName,LYS
,closeContacts.26
,,ligandAtoms
,,,atomIndex,7
,,,atomName,C7
,,,chain,X
,,,resID,1
,,,resName,UNL
,,metrics
,,,distance,3.1293889179838295
,,receptorAtoms
,,,atomIndex,433
,,,atomName,CB
,,,chain,X
,,,resID,271
,,,resName,LYS
,closeContacts.27
,,ligandAtoms
,,,atomIndex,7
,,,atomName,C7
,,,chain,X
,,,resID,1
,,,resName,UNL
,,metrics
,,,distance,3.292964621735253
,,receptorAtoms
,,,atomIndex,438
,,,atomName,H
,,,chain,X
,,,resID,271
,,,resName,LYS
,closeContacts.28
,,ligandAtoms
,,,atomIndex,7
,,,atomName,C7
,,,chain,X
,,,resID,1
,,,resName,UNL
,,metrics
,,,distance,3.593669573013077
,,receptorAtoms
,,,atomIndex,843
,,,atomName,O
,,,chain,X
,,,resID,313
,,,resName,ILE
,closeContacts.29
,,ligandAtoms
,,,atomIndex,7
,,,atomName,C7
,,,chain,X
,,,resID,1
,,,resName,UNL
,,metrics
,,,distance,3.721580443843718
,,receptorAtoms
,,,atomIndex,846
,,,atomName,CG2
,,,chain,X
,,,resID,313
,,,resName,ILE
,closeContacts.30
,,ligandAtoms
,,,atomIndex,8
,,,atomName,N4
,,,chain,X
,,,resID,1
,,,resName,UNL
,,metrics
,,,distance,3.7375146822454073
,,receptorAtoms
,,,atomIndex,419
,,,atomName,CB
,,,chain,X
,,,resID,269
,,,resName,ALA
,closeContacts.31
,,ligandAtoms
,,,atomIndex,8
,,,atomName,N4
,,,chain,X
,,,resID,1
,,,resName,UNL
,,metrics
,,,distance,3.2358142715551517
,,receptorAtoms
,,,atomIndex,863
,,,atomName,CG1
,,,chain,X
,,,resID,315
,,,resName,ILE
,closeContacts.32
,,ligandAtoms
,,,atomIndex,8
,,,atomName,N4
,,,chain,X
,,,resID,1
,,,resName,UNL
,,metrics
,,,distance,3.0440819634168856
,,receptorAtoms
,,,atomIndex,865
,,,atomName,CD1
,,,chain,X
,,,resID,315
,,,resName,ILE
,closeContacts.33
,,ligandAtoms
,,,atomIndex,8
,,,atomName,N4
,,,chain,X
,,,resID,1
,,,resName,UNL
,,metrics
,,,distance,3.9554652065212257
,,receptorAtoms
,,,atomIndex,1532
,,,atomName,CE2
,,,chain,X
,,,resID,382
,,,resName,PHE
,closeContacts.34
,,ligandAtoms
,,,atomIndex,9
,,,atomName,C21
,,,chain,X
,,,resID,1
,,,resName,UNL
,,metrics
,,,distance,3.375976451339672
,,receptorAtoms
,,,atomIndex,419
,,,atomName,CB
,,,chain,X
,,,resID,269
,,,resName,ALA
,closeContacts.35
,,ligandAtoms
,,,atomIndex,9
,,,atomName,C21
,,,chain,X
,,,resID,1
,,,resName,UNL
,,metrics
,,,distance,3.409521960627324
,,receptorAtoms
,,,atomIndex,1532
,,,atomName,CE2
,,,chain,X
,,,resID,382
,,,resName,PHE
,closeContacts.36
,,ligandAtoms
,,,atomIndex,9
,,,atomName,C21
,,,chain,X
,,,resID,1
,,,resName,UNL
,,metrics
,,,distance,3.711342344758834
,,receptorAtoms
,,,atomIndex,1533
,,,atomName,CZ
,,,chain,X
,,,resID,382
,,,resName,PHE
,closeContacts.37
,,ligandAtoms
,,,atomIndex,10
,,,atomName,O3
,,,chain,X
,,,resID,1
,,,resName,UNL
,,metrics
,,,distance,3.8228681640883195
,,receptorAtoms
,,,atomIndex,284
,,,atomName,CB
,,,chain,X
,,,resID,256
,,,resName,VAL
,closeContacts.38
,,ligandAtoms
,,,atomIndex,10
,,,atomName,O3
,,,chain,X
,,,resID,1
,,,resName,UNL
,,metrics
,,,distance,3.8351126450210042
,,receptorAtoms
,,,atomIndex,285
,,,atomName,CG1
,,,chain,X
,,,resID,256
,,,resName,VAL
,closeContacts.39
,,ligandAtoms
,,,atomIndex,10
,,,atomName,O3
,,,chain,X
,,,resID,1
,,,resName,UNL
,,metrics
,,,distance,3.848030665158478
,,receptorAtoms
,,,atomIndex,419
,,,atomName,CB
,,,chain,X
,,,resID,269
,,,resName,ALA
,closeContacts.40
,,ligandAtoms
,,,atomIndex,10
,,,atomName,O3
,,,chain,X
,,,resID,1
,,,resName,UNL
,,metrics
,,,distance,3.935871949136557
,,receptorAtoms
,,,atomIndex,1530
,,,atomName,CD2
,,,chain,X
,,,resID,382
,,,resName,PHE
,closeContacts.41
,,ligandAtoms
,,,atomIndex,10
,,,atomName,O3
,,,chain,X
,,,resID,1
,,,resName,UNL
,,metrics
,,,distance,2.88190301710519
,,receptorAtoms
,,,atomIndex,1532
,,,atomName,CE2
,,,chain,X
,,,resID,382
,,,resName,PHE
,closeContacts.42
,,ligandAtoms
,,,atomIndex,10
,,,atomName,O3
,,,chain,X
,,,resID,1
,,,resName,UNL
,,metrics
,,,distance,3.5420450307696547
,,receptorAtoms
,,,atomIndex,1533
,,,atomName,CZ
,,,chain,X
,,,resID,382
,,,resName,PHE
,closeContacts.43
,,ligandAtoms
,,,atomIndex,11
,,,atomName,H25
,,,chain,X
,,,resID,1
,,,resName,UNL
,,metrics
,,,distance,3.7007862678085046
,,receptorAtoms
,,,atomIndex,419
,,,atomName,CB
,,,chain,X
,,,resID,269
,,,resName,ALA
,closeContacts.44
,,ligandAtoms
,,,atomIndex,11
,,,atomName,H25
,,,chain,X
,,,resID,1
,,,resName,UNL
,,metrics
,,,distance,3.769101484438963
,,receptorAtoms
,,,atomIndex,862
,,,atomName,CB
,,,chain,X
,,,resID,315
,,,resName,ILE
,closeContacts.45
,,ligandAtoms
,,,atomIndex,11
,,,atomName,H25
,,,chain,X
,,,resID,1
,,,resName,UNL
,,metrics
,,,distance,2.357937446159248
,,receptorAtoms
,,,atomIndex,863
,,,atomName,CG1
,,,chain,X
,,,resID,315
,,,resName,ILE
,closeContacts.46
,,ligandAtoms
,,,atomIndex,11
,,,atomName,H25
,,,chain,X
,,,resID,1
,,,resName,UNL
,,metrics
,,,distance,2.106336155507947
,,receptorAtoms
,,,atomIndex,865
,,,atomName,CD1
,,,chain,X
,,,resID,315
,,,resName,ILE
,closeContacts.47
,,ligandAtoms
,,,atomIndex,12
,,,atomName,C22
,,,chain,X
,,,resID,1
,,,resName,UNL
,,metrics
,,,distance,3.1861286854111843
,,receptorAtoms
,,,atomIndex,419
,,,atomName,CB
,,,chain,X
,,,resID,269
,,,resName,ALA
,closeContacts.48
,,ligandAtoms
,,,atomIndex,13
,,,atomName,C23
,,,chain,X
,,,resID,1
,,,resName,UNL
,,metrics
,,,distance,3.4639808024872196
,,receptorAtoms
,,,atomIndex,419
,,,atomName,CB
,,,chain,X
,,,resID,269
,,,resName,ALA
,closeContacts.49
,,ligandAtoms
,,,atomIndex,13
,,,atomName,C23
,,,chain,X
,,,resID,1
,,,resName,UNL
,,metrics
,,,distance,3.7054652879226917
,,receptorAtoms
,,,atomIndex,863
,,,atomName,CG1
,,,chain,X
,,,resID,315
,,,resName,ILE
,closeContacts.50
,,ligandAtoms
,,,atomIndex,13
,,,atomName,C23
,,,chain,X
,,,resID,1
,,,resName,UNL
,,metrics
,,,distance,3.292635418627455
,,receptorAtoms
,,,atomIndex,865
,,,atomName,CD1
,,,chain,X
,,,resID,315
,,,resName,ILE
,closeContacts.51
,,ligandAtoms
,,,atomIndex,13
,,,atomName,C23
,,,chain,X
,,,resID,1
,,,resName,UNL
,,metrics
,,,distance,3.7285650054679214
,,receptorAtoms
,,,atomIndex,870
,,,atomName,O
,,,chain,X
,,,resID,316
,,,resName,GLU
,closeContacts.52
,,ligandAtoms
,,,atomIndex,13
,,,atomName,C23
,,,chain,X
,,,resID,1
,,,resName,UNL
,,metrics
,,,distance,3.4094030269242137
,,receptorAtoms
,,,atomIndex,897
,,,atomName,H
,,,chain,X
,,,resID,318
,,,resName,MET
,closeContacts.53
,,ligandAtoms
,,,atomIndex,13
,,,atomName,C23
,,,chain,X
,,,resID,1
,,,resName,UNL
,,metrics
,,,distance,3.493368861142493
,,receptorAtoms
,,,atomIndex,1420
,,,atomName,CD1
,,,chain,X
,,,resID,370
,,,resName,LEU
,closeContacts.54
,,ligandAtoms
,,,atomIndex,14
,,,atomName,O4
,,,chain,X
,,,resID,1
,,,resName,UNL
,,metrics
,,,distance,3.7543470803856165
,,receptorAtoms
,,,atomIndex,870
,,,atomName,O
,,,chain,X
,,,resID,316
,,,resName,GLU
,closeContacts.55
,,ligandAtoms
,,,atomIndex,14
,,,atomName,O4
,,,chain,X
,,,resID,1
,,,resName,UNL
,,metrics
,,,distance,3.8811299900930925
,,receptorAtoms
,,,atomIndex,878
,,,atomName,CA
,,,chain,X
,,,resID,317
,,,resName,PHE
,closeContacts.56
,,ligandAtoms
,,,atomIndex,14
,,,atomName,O4
,,,chain,X
,,,resID,1
,,,resName,UNL
,,metrics
,,,distance,3.868898551267531
,,receptorAtoms
,,,atomIndex,879
,,,atomName,C
,,,chain,X
,,,resID,317
,,,resName,PHE
,closeContacts.57
,,ligandAtoms
,,,atomIndex,14
,,,atomName,O4
,,,chain,X
,,,resID,1
,,,resName,UNL
,,metrics
,,,distance,3.0309412729381595
,,receptorAtoms
,,,atomIndex,889
,,,atomName,N
,,,chain,X
,,,resID,318
,,,resName,MET
,closeContacts.58
,,ligandAtoms
,,,atomIndex,14
,,,atomName,O4
,,,chain,X
,,,resID,1
,,,resName,UNL
,,metrics
,,,distance,3.887214426810025
,,receptorAtoms
,,,atomIndex,890
,,,atomName,CA
,,,chain,X
,,,resID,318
,,,resName,MET
,closeContacts.59
,,ligandAtoms
,,,atomIndex,14
,,,atomName,O4
,,,chain,X
,,,resID,1
,,,resName,UNL
,,metrics
,,,distance,3.5969481508634513
,,receptorAtoms
,,,atomIndex,893
,,,atomName,CB
,,,chain,X
,,,resID,318
,,,resName,MET
,closeContacts.60
,,ligandAtoms
,,,atomIndex,14
,,,atomName,O4
,,,chain,X
,,,resID,1
,,,resName,UNL
,,metrics
,,,distance,3.6681588024511687
,,receptorAtoms
,,,atomIndex,894
,,,atomName,CG
,,,chain,X
,,,resID,318
,,,resName,MET
,closeContacts.61
,,ligandAtoms
,,,atomIndex,14
,,,atomName,O4
,,,chain,X
,,,resID,1
,,,resName,UNL
,,metrics
,,,distance,2.1905191165566196
,,receptorAtoms
,,,atomIndex,897
,,,atomName,H
,,,chain,X
,,,resID,318
,,,resName,MET
,closeContacts.62
,,ligandAtoms
,,,atomIndex,14
,,,atomName,O4
,,,chain,X
,,,resID,1
,,,resName,UNL
,,metrics
,,,distance,3.674580384207154
,,receptorAtoms
,,,atomIndex,1420
,,,atomName,CD1
,,,chain,X
,,,resID,370
,,,resName,LEU
,closeContacts.63
,,ligandAtoms
,,,atomIndex,15
,,,atomName,C24
,,,chain,X
,,,resID,1
,,,resName,UNL
,,metrics
,,,distance,3.635237956447967
,,receptorAtoms
,,,atomIndex,889
,,,atomName,N
,,,chain,X
,,,resID,318
,,,resName,MET
,closeContacts.64
,,ligandAtoms
,,,atomIndex,15
,,,atomName,C24
,,,chain,X
,,,resID,1
,,,resName,UNL
,,metrics
,,,distance,2.649918489312453
,,receptorAtoms
,,,atomIndex,897
,,,atomName,H
,,,chain,X
,,,resID,318
,,,resName,MET
,closeContacts.65
,,ligandAtoms
,,,atomIndex,15
,,,atomName,C24
,,,chain,X
,,,resID,1
,,,resName,UNL
,,metrics
,,,distance,3.77150487206367
,,receptorAtoms
,,,atomIndex,1421
,,,atomName,CD2
,,,chain,X
,,,resID,370
,,,resName,LEU
,closeContacts.66
,,ligandAtoms
,,,atomIndex,16
,,,atomName,C27
,,,chain,X
,,,resID,1
,,,resName,UNL
,,metrics
,,,distance,3.6946841542951954
,,receptorAtoms
,,,atomIndex,419
,,,atomName,CB
,,,chain,X
,,,resID,269
,,,resName,ALA
,closeContacts.67
,,ligandAtoms
,,,atomIndex,16
,,,atomName,C27
,,,chain,X
,,,resID,1
,,,resName,UNL
,,metrics
,,,distance,3.930383823496122
,,receptorAtoms
,,,atomIndex,897
,,,atomName,H
,,,chain,X
,,,resID,318
,,,resName,MET
,closeContacts.68
,,ligandAtoms
,,,atomIndex,17
,,,atomName,N5
,,,chain,X
,,,resID,1
,,,resName,UNL
,,metrics
,,,distance,3.4707350806421395
,,receptorAtoms
,,,atomIndex,889
,,,atomName,N
,,,chain,X
,,,resID,318
,,,resName,MET
,closeContacts.69
,,ligandAtoms
,,,atomIndex,17
,,,atomName,N5
,,,chain,X
,,,resID,1
,,,resName,UNL
,,metrics
,,,distance,3.9874045443120014
,,receptorAtoms
,,,atomIndex,890
,,,atomName,CA
,,,chain,X
,,,resID,318
,,,resName,MET
,closeContacts.70
,,ligandAtoms
,,,atomIndex,17
,,,atomName,N5
,,,chain,X
,,,resID,1
,,,resName,UNL
,,metrics
,,,distance,3.8974428796327465
,,receptorAtoms
,,,atomIndex,891
,,,atomName,C
,,,chain,X
,,,resID,318
,,,resName,MET
,closeContacts.71
,,ligandAtoms
,,,atomIndex,17
,,,atomName,N5
,,,chain,X
,,,resID,1
,,,resName,UNL
,,metrics
,,,distance,3.038631764462421
,,receptorAtoms
,,,atomIndex,892
,,,atomName,O
,,,chain,X
,,,resID,318
,,,resName,MET
,closeContacts.72
,,ligandAtoms
,,,atomIndex,17
,,,atomName,N5
,,,chain,X
,,,resID,1
,,,resName,UNL
,,metrics
,,,distance,3.9472414418173103
,,receptorAtoms
,,,atomIndex,893
,,,atomName,CB
,,,chain,X
,,,resID,318
,,,resName,MET
,closeContacts.73
,,ligandAtoms
,,,atomIndex,17
,,,atomName,N5
,,,chain,X
,,,resID,1
,,,resName,UNL
,,metrics
,,,distance,2.564862764359918
,,receptorAtoms
,,,atomIndex,897
,,,atomName,H
,,,chain,X
,,,resID,318
,,,resName,MET
,closeContacts.74
,,ligandAtoms
,,,atomIndex,17
,,,atomName,N5
,,,chain,X
,,,resID,1
,,,resName,UNL
,,metrics
,,,distance,3.8798548941938553
,,receptorAtoms
,,,atomIndex,925
,,,atomName,H
,,,chain,X
,,,resID,321
,,,resName,GLY
,closeContacts.75
,,ligandAtoms
,,,atomIndex,18
,,,atomName,C26
,,,chain,X
,,,resID,1
,,,resName,UNL
,,metrics
,,,distance,3.508459491001712
,,receptorAtoms
,,,atomIndex,221
,,,atomName,CD1
,,,chain,X
,,,resID,248
,,,resName,LEU
,closeContacts.76
,,ligandAtoms
,,,atomIndex,19
,,,atomName,N6
,,,chain,X
,,,resID,1
,,,resName,UNL
,,metrics
,,,distance,3.597773895063446
,,receptorAtoms
,,,atomIndex,221
,,,atomName,CD1
,,,chain,X
,,,resID,248
,,,resName,LEU
,closeContacts.77
,,ligandAtoms
,,,atomIndex,20
,,,atomName,C25
,,,chain,X
,,,resID,1
,,,resName,UNL
,,metrics
,,,distance,3.9984814617552007
,,receptorAtoms
,,,atomIndex,885
,,,atomName,CE1
,,,chain,X
,,,resID,317
,,,resName,PHE
,closeContacts.78
,,ligandAtoms
,,,atomIndex,20
,,,atomName,C25
,,,chain,X
,,,resID,1
,,,resName,UNL
,,metrics
,,,distance,3.748838086660987
,,receptorAtoms
,,,atomIndex,892
,,,atomName,O
,,,chain,X
,,,resID,318
,,,resName,MET
,closeContacts.79
,,ligandAtoms
,,,atomIndex,20
,,,atomName,C25
,,,chain,X
,,,resID,1
,,,resName,UNL
,,metrics
,,,distance,3.815741736543499
,,receptorAtoms
,,,atomIndex,897
,,,atomName,H
,,,chain,X
,,,resID,318
,,,resName,MET
,closeContacts.80
,,ligandAtoms
,,,atomIndex,20
,,,atomName,C25
,,,chain,X
,,,resID,1
,,,resName,UNL
,,metrics
,,,distance,3.8455631577182574
,,receptorAtoms
,,,atomIndex,922
,,,atomName,CA
,,,chain,X
,,,resID,321
,,,resName,GLY
,closeContacts.81
,,ligandAtoms
,,,atomIndex,21
,,,atomName,H6
,,,chain,X
,,,resID,1
,,,resName,UNL
,,metrics
,,,distance,3.5034876908589245
,,receptorAtoms
,,,atomIndex,219
,,,atomName,CB
,,,chain,X
,,,resID,248
,,,resName,LEU
,closeContacts.82
,,ligandAtoms
,,,atomIndex,21
,,,atomName,H6
,,,chain,X
,,,resID,1
,,,resName,UNL
,,metrics
,,,distance,3.944998098858858
,,receptorAtoms
,,,atomIndex,220
,,,atomName,CG
,,,chain,X
,,,resID,248
,,,resName,LEU
,closeContacts.83
,,ligandAtoms
,,,atomIndex,21
,,,atomName,H6
,,,chain,X
,,,resID,1
,,,resName,UNL
,,metrics
,,,distance,3.6120682440950636
,,receptorAtoms
,,,atomIndex,221
,,,atomName,CD1
,,,chain,X
,,,resID,248
,,,resName,LEU
,closeContacts.84
,,ligandAtoms
,,,atomIndex,22
,,,atomName,H5
,,,chain,X
,,,resID,1
,,,resName,UNL
,,metrics
,,,distance,3.964756486847585
,,receptorAtoms
,,,atomIndex,879
,,,atomName,C
,,,chain,X
,,,resID,317
,,,resName,PHE
,closeContacts.85
,,ligandAtoms
,,,atomIndex,22
,,,atomName,H5
,,,chain,X
,,,resID,1
,,,resName,UNL
,,metrics
,,,distance,2.794276113772582
,,receptorAtoms
,,,atomIndex,889
,,,atomName,N
,,,chain,X
,,,resID,318
,,,resName,MET
,closeContacts.86
,,ligandAtoms
,,,atomIndex,22
,,,atomName,H5
,,,chain,X
,,,resID,1
,,,resName,UNL
,,metrics
,,,distance,3.0918741889022594
,,receptorAtoms
,,,atomIndex,890
,,,atomName,CA
,,,chain,X
,,,resID,318
,,,resName,MET
,closeContacts.87
,,ligandAtoms
,,,atomIndex,22
,,,atomName,H5
,,,chain,X
,,,resID,1
,,,resName,UNL
,,metrics
,,,distance,2.881497874370203
,,receptorAtoms
,,,atomIndex,891
,,,atomName,C
,,,chain,X
,,,resID,318
,,,resName,MET
,closeContacts.88
,,ligandAtoms
,,,atomIndex,22
,,,atomName,H5
,,,chain,X
,,,resID,1
,,,resName,UNL
,,metrics
,,,distance,2.05100219405051
,,receptorAtoms
,,,atomIndex,892
,,,atomName,O
,,,chain,X
,,,resID,318
,,,resName,MET
,closeContacts.89
,,ligandAtoms
,,,atomIndex,22
,,,atomName,H5
,,,chain,X
,,,resID,1
,,,resName,UNL
,,metrics
,,,distance,3.196917577917829
,,receptorAtoms
,,,atomIndex,893
,,,atomName,CB
,,,chain,X
,,,resID,318
,,,resName,MET
,closeContacts.90
,,ligandAtoms
,,,atomIndex,22
,,,atomName,H5
,,,chain,X
,,,resID,1
,,,resName,UNL
,,metrics
,,,distance,2.068388744892991
,,receptorAtoms
,,,atomIndex,897
,,,atomName,H
,,,chain,X
,,,resID,318
,,,resName,MET
,closeContacts.91
,,ligandAtoms
,,,atomIndex,22
,,,atomName,H5
,,,chain,X
,,,resID,1
,,,resName,UNL
,,metrics
,,,distance,3.941513668630365
,,receptorAtoms
,,,atomIndex,921
,,,atomName,N
,,,chain,X
,,,resID,321
,,,resName,GLY
,closeContacts.92
,,ligandAtoms
,,,atomIndex,22
,,,atomName,H5
,,,chain,X
,,,resID,1
,,,resName,UNL
,,metrics
,,,distance,3.9970305227756273
,,receptorAtoms
,,,atomIndex,922
,,,atomName,CA
,,,chain,X
,,,resID,321
,,,resName,GLY
,closeContacts.93
,,ligandAtoms
,,,atomIndex,22
,,,atomName,H5
,,,chain,X
,,,resID,1
,,,resName,UNL
,,metrics
,,,distance,3.206520388209001
,,receptorAtoms
,,,atomIndex,925
,,,atomName,H
,,,chain,X
,,,resID,321
,,,resName,GLY
,closeContacts.94
,,ligandAtoms
,,,atomIndex,23
,,,atomName,N7
,,,chain,X
,,,resID,1
,,,resName,UNL
,,metrics
,,,distance,3.808695839785582
,,receptorAtoms
,,,atomIndex,219
,,,atomName,CB
,,,chain,X
,,,resID,248
,,,resName,LEU
,closeContacts.95
,,ligandAtoms
,,,atomIndex,23
,,,atomName,N7
,,,chain,X
,,,resID,1
,,,resName,UNL
,,metrics
,,,distance,3.4515719607158704
,,receptorAtoms
,,,atomIndex,221
,,,atomName,CD1
,,,chain,X
,,,resID,248
,,,resName,LEU
,closeContacts.96
,,ligandAtoms
,,,atomIndex,23
,,,atomName,N7
,,,chain,X
,,,resID,1
,,,resName,UNL
,,metrics
,,,distance,3.558092888051126
,,receptorAtoms
,,,atomIndex,286
,,,atomName,CG2
,,,chain,X
,,,resID,256
,,,resName,VAL
,closeContacts.97
,,ligandAtoms
,,,atomIndex,24
,,,atomName,H26
,,,chain,X
,,,resID,1
,,,resName,UNL
,,metrics
,,,distance,3.514000996015795
,,receptorAtoms
,,,atomIndex,286
,,,atomName,CG2
,,,chain,X
,,,resID,256
,,,resName,VAL
,closeContacts.98
,,ligandAtoms
,,,atomIndex,24
,,,atomName,H26
,,,chain,X
,,,resID,1
,,,resName,UNL
,,metrics
,,,distance,3.9265894870739944
,,receptorAtoms
,,,atomIndex,1530
,,,atomName,CD2
,,,chain,X
,,,resID,382
,,,resName,PHE
,closeContacts.99
,,ligandAtoms
,,,atomIndex,24
,,,atomName,H26
,,,chain,X
,,,resID,1
,,,resName,UNL
,,metrics
,,,distance,3.0041221679552246
,,receptorAtoms
,,,atomIndex,1532
,,,atomName,CE2
,,,chain,X
,,,resID,382
,,,resName,PHE
,closeContacts.100
,,ligandAtoms
,,,atomIndex,24
,,,atomName,H26
,,,chain,X
,,,resID,1
,,,resName,UNL
,,metrics
,,,distance,3.364635790096753
,,receptorAtoms
,,,atomIndex,1533
,,,atomName,CZ
,,,chain,X
,,,resID,382
,,,resName,PHE
,closeContacts.101
,,ligandAtoms
,,,atomIndex,25
,,,atomName,H27
,,,chain,X
,,,resID,1
,,,resName,UNL
,,metrics
,,,distance,3.241448595921274
,,receptorAtoms
,,,atomIndex,219
,,,atomName,CB
,,,chain,X
,,,resID,248
,,,resName,LEU
,closeContacts.102
,,ligandAtoms
,,,atomIndex,25
,,,atomName,H27
,,,chain,X
,,,resID,1
,,,resName,UNL
,,metrics
,,,distance,3.5553043470285353
,,receptorAtoms
,,,atomIndex,220
,,,atomName,CG
,,,chain,X
,,,resID,248
,,,resName,LEU
,closeContacts.103
,,ligandAtoms
,,,atomIndex,25
,,,atomName,H27
,,,chain,X
,,,resID,1
,,,resName,UNL
,,metrics
,,,distance,2.737463424413191
,,receptorAtoms
,,,atomIndex,221
,,,atomName,CD1
,,,chain,X
,,,resID,248
,,,resName,LEU
,closeContacts.104
,,ligandAtoms
,,,atomIndex,25
,,,atomName,H27
,,,chain,X
,,,resID,1
,,,resName,UNL
,,metrics
,,,distance,3.4358103847564108
,,receptorAtoms
,,,atomIndex,284
,,,atomName,CB
,,,chain,X
,,,resID,256
,,,resName,VAL
,closeContacts.105
,,ligandAtoms
,,,atomIndex,25
,,,atomName,H27
,,,chain,X
,,,resID,1
,,,resName,UNL
,,metrics
,,,distance,2.9905320596843636
,,receptorAtoms
,,,atomIndex,286
,,,atomName,CG2
,,,chain,X
,,,resID,256
,,,resName,VAL
,closeContacts.106
,,ligandAtoms
,,,atomIndex,26
,,,atomName,N8
,,,chain,X
,,,resID,1
,,,resName,UNL
,,metrics
,,,distance,3.966263480909961
,,receptorAtoms
,,,atomIndex,885
,,,atomName,CE1
,,,chain,X
,,,resID,317
,,,resName,PHE
,closeContacts.107
,,ligandAtoms
,,,atomIndex,26
,,,atomName,N8
,,,chain,X
,,,resID,1
,,,resName,UNL
,,metrics
,,,distance,3.840617398283771
,,receptorAtoms
,,,atomIndex,887
,,,atomName,CZ
,,,chain,X
,,,resID,317
,,,resName,PHE
,closeContacts.108
,,ligandAtoms
,,,atomIndex,26
,,,atomName,N8
,,,chain,X
,,,resID,1
,,,resName,UNL
,,metrics
,,,distance,3.4836525372086125
,,receptorAtoms
,,,atomIndex,892
,,,atomName,O
,,,chain,X
,,,resID,318
,,,resName,MET
,closeContacts.109
,,ligandAtoms
,,,atomIndex,26
,,,atomName,N8
,,,chain,X
,,,resID,1
,,,resName,UNL
,,metrics
,,,distance,3.560759890809825
,,receptorAtoms
,,,atomIndex,921
,,,atomName,N
,,,chain,X
,,,resID,321
,,,resName,GLY
,closeContacts.110
,,ligandAtoms
,,,atomIndex,26
,,,atomName,N8
,,,chain,X
,,,resID,1
,,,resName,UNL
,,metrics
,,,distance,3.1272793287456753
,,receptorAtoms
,,,atomIndex,922
,,,atomName,CA
,,,chain,X
,,,resID,321
,,,resName,GLY
,closeContacts.111
,,ligandAtoms
,,,atomIndex,26
,,,atomName,N8
,,,chain,X
,,,resID,1
,,,resName,UNL
,,metrics
,,,distance,3.347758354481398
,,receptorAtoms
,,,atomIndex,925
,,,atomName,H
,,,chain,X
,,,resID,321
,,,resName,GLY
,closeContacts.112
,,ligandAtoms
,,,atomIndex,27
,,,atomName,H28
,,,chain,X
,,,resID,1
,,,resName,UNL
,,metrics
,,,distance,3.5348524721691
,,receptorAtoms
,,,atomIndex,885
,,,atomName,CE1
,,,chain,X
,,,resID,317
,,,resName,PHE
,closeContacts.113
,,ligandAtoms
,,,atomIndex,27
,,,atomName,H28
,,,chain,X
,,,resID,1
,,,resName,UNL
,,metrics
,,,distance,3.430013702596537
,,receptorAtoms
,,,atomIndex,887
,,,atomName,CZ
,,,chain,X
,,,resID,317
,,,resName,PHE
,closeContacts.114
,,ligandAtoms
,,,atomIndex,27
,,,atomName,H28
,,,chain,X
,,,resID,1
,,,resName,UNL
,,metrics
,,,distance,3.8912810230051496
,,receptorAtoms
,,,atomIndex,922
,,,atomName,CA
,,,chain,X
,,,resID,321
,,,resName,GLY
,closeContacts.115
,,ligandAtoms
,,,atomIndex,28
,,,atomName,H29
,,,chain,X
,,,resID,1
,,,resName,UNL
,,metrics
,,,distance,3.9952384159146246
,,receptorAtoms
,,,atomIndex,885
,,,atomName,CE1
,,,chain,X
,,,resID,317
,,,resName,PHE
,closeContacts.116
,,ligandAtoms
,,,atomIndex,28
,,,atomName,H29
,,,chain,X
,,,resID,1
,,,resName,UNL
,,metrics
,,,distance,3.613802152857846
,,receptorAtoms
,,,atomIndex,887
,,,atomName,CZ
,,,chain,X
,,,resID,317
,,,resName,PHE
,closeContacts.117
,,ligandAtoms
,,,atomIndex,28
,,,atomName,H29
,,,chain,X
,,,resID,1
,,,resName,UNL
,,metrics
,,,distance,3.787195928388179
,,receptorAtoms
,,,atomIndex,891
,,,atomName,C
,,,chain,X
,,,resID,318
,,,resName,MET
,closeContacts.118
,,ligandAtoms
,,,atomIndex,28
,,,atomName,H29
,,,chain,X
,,,resID,1
,,,resName,UNL
,,metrics
,,,distance,2.558920670907952
,,receptorAtoms
,,,atomIndex,892
,,,atomName,O
,,,chain,X
,,,resID,318
,,,resName,MET
,closeContacts.119
,,ligandAtoms
,,,atomIndex,28
,,,atomName,H29
,,,chain,X
,,,resID,1
,,,resName,UNL
,,metrics
,,,distance,3.9822428353881176
,,receptorAtoms
,,,atomIndex,909
,,,atomName,C
,,,chain,X
,,,resID,320
,,,resName,TYR
,closeContacts.120
,,ligandAtoms
,,,atomIndex,28
,,,atomName,H29
,,,chain,X
,,,resID,1
,,,resName,UNL
,,metrics
,,,distance,2.8859804226640207
,,receptorAtoms
,,,atomIndex,921
,,,atomName,N
,,,chain,X
,,,resID,321
,,,resName,GLY
,closeContacts.121
,,ligandAtoms
,,,atomIndex,28
,,,atomName,H29
,,,chain,X
,,,resID,1
,,,resName,UNL
,,metrics
,,,distance,2.8537063619090177
,,receptorAtoms
,,,atomIndex,922
,,,atomName,CA
,,,chain,X
,,,resID,321
,,,resName,GLY
,closeContacts.122
,,ligandAtoms
,,,atomIndex,28
,,,atomName,H29
,,,chain,X
,,,resID,1
,,,resName,UNL
,,metrics
,,,distance,2.489303918769261
,,receptorAtoms
,,,atomIndex,925
,,,atomName,H
,,,chain,X
,,,resID,321
,,,resName,GLY
,closeContacts.123
,,ligandAtoms
,,,atomIndex,29
,,,atomName,N1
,,,chain,X
,,,resID,1
,,,resName,UNL
,,metrics
,,,distance,2.8189634619838544
,,receptorAtoms
,,,atomIndex,590
,,,atomName,OE2
,,,chain,X
,,,resID,286
,,,resName,GLU
,closeContacts.124
,,ligandAtoms
,,,atomIndex,29
,,,atomName,N1
,,,chain,X
,,,resID,1
,,,resName,UNL
,,metrics
,,,distance,3.6142490229645223
,,receptorAtoms
,,,atomIndex,618
,,,atomName,SD
,,,chain,X
,,,resID,290
,,,resName,MET
,closeContacts.125
,,ligandAtoms
,,,atomIndex,29
,,,atomName,N1
,,,chain,X
,,,resID,1
,,,resName,UNL
,,metrics
,,,distance,3.652432340235751
,,receptorAtoms
,,,atomIndex,619
,,,atomName,CE
,,,chain,X
,,,resID,290
,,,resName,MET
,closeContacts.126
,,ligandAtoms
,,,atomIndex,29
,,,atomName,N1
,,,chain,X
,,,resID,1
,,,resName,UNL
,,metrics
,,,distance,3.7037236667980498
,,receptorAtoms
,,,atomIndex,1517
,,,atomName,O
,,,chain,X
,,,resID,381
,,,resName,ASP
,closeContacts.127
,,ligandAtoms
,,,atomIndex,30
,,,atomName,C8
,,,chain,X
,,,resID,1
,,,resName,UNL
,,metrics
,,,distance,3.7595942600232806
,,receptorAtoms
,,,atomIndex,590
,,,atomName,OE2
,,,chain,X
,,,resID,286
,,,resName,GLU
,closeContacts.128
,,ligandAtoms
,,,atomIndex,30
,,,atomName,C8
,,,chain,X
,,,resID,1
,,,resName,UNL
,,metrics
,,,distance,3.8022553833218513
,,receptorAtoms
,,,atomIndex,711
,,,atomName,CG2
,,,chain,X
,,,resID,299
,,,resName,VAL
,closeContacts.129
,,ligandAtoms
,,,atomIndex,30
,,,atomName,C8
,,,chain,X
,,,resID,1
,,,resName,UNL
,,metrics
,,,distance,3.7738857958343144
,,receptorAtoms
,,,atomIndex,1514
,,,atomName,N
,,,chain,X
,,,resID,381
,,,resName,ASP
,closeContacts.130
,,ligandAtoms
,,,atomIndex,30
,,,atomName,C8
,,,chain,X
,,,resID,1
,,,resName,UNL
,,metrics
,,,distance,3.293212868916918
,,receptorAtoms
,,,atomIndex,1517
,,,atomName,O
,,,chain,X
,,,resID,381
,,,resName,ASP
,closeContacts.131
,,ligandAtoms
,,,atomIndex,30
,,,atomName,C8
,,,chain,X
,,,resID,1
,,,resName,UNL
,,metrics
,,,distance,2.861043166399277
,,receptorAtoms
,,,atomIndex,1522
,,,atomName,H
,,,chain,X
,,,resID,381
,,,resName,ASP
,closeContacts.132
,,ligandAtoms
,,,atomIndex,31
,,,atomName,O1
,,,chain,X
,,,resID,1
,,,resName,UNL
,,metrics
,,,distance,3.8527004814804897
,,receptorAtoms
,,,atomIndex,709
,,,atomName,CB
,,,chain,X
,,,resID,299
,,,resName,VAL
,closeContacts.133
,,ligandAtoms
,,,atomIndex,31
,,,atomName,O1
,,,chain,X
,,,resID,1
,,,resName,UNL
,,metrics
,,,distance,3.5711047310321216
,,receptorAtoms
,,,atomIndex,710
,,,atomName,CG1
,,,chain,X
,,,resID,299
,,,resName,VAL
,closeContacts.134
,,ligandAtoms
,,,atomIndex,31
,,,atomName,O1
,,,chain,X
,,,resID,1
,,,resName,UNL
,,metrics
,,,distance,3.2801442041471294
,,receptorAtoms
,,,atomIndex,711
,,,atomName,CG2
,,,chain,X
,,,resID,299
,,,resName,VAL
,closeContacts.135
,,ligandAtoms
,,,atomIndex,31
,,,atomName,O1
,,,chain,X
,,,resID,1
,,,resName,UNL
,,metrics
,,,distance,3.803025769042329
,,receptorAtoms
,,,atomIndex,1509
,,,atomName,CA
,,,chain,X
,,,resID,380
,,,resName,ALA
,closeContacts.136
,,ligandAtoms
,,,atomIndex,31
,,,atomName,O1
,,,chain,X
,,,resID,1
,,,resName,UNL
,,metrics
,,,distance,3.3829297953105666
,,receptorAtoms
,,,atomIndex,1512
,,,atomName,CB
,,,chain,X
,,,resID,380
,,,resName,ALA
,closeContacts.137
,,ligandAtoms
,,,atomIndex,31
,,,atomName,O1
,,,chain,X
,,,resID,1
,,,resName,UNL
,,metrics
,,,distance,3.538105990498306
,,receptorAtoms
,,,atomIndex,1514
,,,atomName,N
,,,chain,X
,,,resID,381
,,,resName,ASP
,closeContacts.138
,,ligandAtoms
,,,atomIndex,31
,,,atomName,O1
,,,chain,X
,,,resID,1
,,,resName,UNL
,,metrics
,,,distance,3.7408567200575855
,,receptorAtoms
,,,atomIndex,1517
,,,atomName,O
,,,chain,X
,,,resID,381
,,,resName,ASP
,closeContacts.139
,,ligandAtoms
,,,atomIndex,31
,,,atomName,O1
,,,chain,X
,,,resID,1
,,,resName,UNL
,,metrics
,,,distance,2.5816184845944994
,,receptorAtoms
,,,atomIndex,1522
,,,atomName,H
,,,chain,X
,,,resID,381
,,,resName,ASP
,closeContacts.140
,,ligandAtoms
,,,atomIndex,32
,,,atomName,H24
,,,chain,X
,,,resID,1
,,,resName,UNL
,,metrics
,,,distance,3.720427663589227
,,receptorAtoms
,,,atomIndex,587
,,,atomName,CG
,,,chain,X
,,,resID,286
,,,resName,GLU
,closeContacts.141
,,ligandAtoms
,,,atomIndex,32
,,,atomName,H24
,,,chain,X
,,,resID,1
,,,resName,UNL
,,metrics
,,,distance,3.0960009689920955
,,receptorAtoms
,,,atomIndex,588
,,,atomName,CD
,,,chain,X
,,,resID,286
,,,resName,GLU
,closeContacts.142
,,ligandAtoms
,,,atomIndex,32
,,,atomName,H24
,,,chain,X
,,,resID,1
,,,resName,UNL
,,metrics
,,,distance,1.9319140767642848
,,receptorAtoms
,,,atomIndex,590
,,,atomName,OE2
,,,chain,X
,,,resID,286
,,,resName,GLU
,closeContacts.143
,,ligandAtoms
,,,atomIndex,32
,,,atomName,H24
,,,chain,X
,,,resID,1
,,,resName,UNL
,,metrics
,,,distance,3.0737161547546967
,,receptorAtoms
,,,atomIndex,618
,,,atomName,SD
,,,chain,X
,,,resID,290
,,,resName,MET
,closeContacts.144
,,ligandAtoms
,,,atomIndex,32
,,,atomName,H24
,,,chain,X
,,,resID,1
,,,resName,UNL
,,metrics
,,,distance,3.590976608110946
,,receptorAtoms
,,,atomIndex,619
,,,atomName,CE
,,,chain,X
,,,resID,290
,,,resName,MET
,closeContacts.145
,,ligandAtoms
,,,atomIndex,32
,,,atomName,H24
,,,chain,X
,,,resID,1
,,,resName,UNL
,,metrics
,,,distance,3.8998299962947107
,,receptorAtoms
,,,atomIndex,1517
,,,atomName,O
,,,chain,X
,,,resID,381
,,,resName,ASP
,closeContacts.146
,,ligandAtoms
,,,atomIndex,33
,,,atomName,C9
,,,chain,X
,,,resID,1
,,,resName,UNL
,,metrics
,,,distance,3.7416559168368213
,,receptorAtoms
,,,atomIndex,590
,,,atomName,OE2
,,,chain,X
,,,resID,286
,,,resName,GLU
,closeContacts.147
,,ligandAtoms
,,,atomIndex,33
,,,atomName,C9
,,,chain,X
,,,resID,1
,,,resName,UNL
,,metrics
,,,distance,3.3941511457211213
,,receptorAtoms
,,,atomIndex,1514
,,,atomName,N
,,,chain,X
,,,resID,381
,,,resName,ASP
,closeContacts.148
,,ligandAtoms
,,,atomIndex,33
,,,atomName,C9
,,,chain,X
,,,resID,1
,,,resName,UNL
,,metrics
,,,distance,3.992174595380318
,,receptorAtoms
,,,atomIndex,1516
,,,atomName,C
,,,chain,X
,,,resID,381
,,,resName,ASP
,closeContacts.149
,,ligandAtoms
,,,atomIndex,33
,,,atomName,C9
,,,chain,X
,,,resID,1
,,,resName,UNL
,,metrics
,,,distance,3.1502817334327418
,,receptorAtoms
,,,atomIndex,1517
,,,atomName,O
,,,chain,X
,,,resID,381
,,,resName,ASP
,closeContacts.150
,,ligandAtoms
,,,atomIndex,33
,,,atomName,C9
,,,chain,X
,,,resID,1
,,,resName,UNL
,,metrics
,,,distance,3.989700991302481
,,receptorAtoms
,,,atomIndex,1518
,,,atomName,CB
,,,chain,X
,,,resID,381
,,,resName,ASP
,closeContacts.151
,,ligandAtoms
,,,atomIndex,33
,,,atomName,C9
,,,chain,X
,,,resID,1
,,,resName,UNL
,,metrics
,,,distance,2.773157045679167
,,receptorAtoms
,,,atomIndex,1522
,,,atomName,H
,,,chain,X
,,,resID,381
,,,resName,ASP
,closeContacts.152
,,ligandAtoms
,,,atomIndex,34
,,,atomName,C10
,,,chain,X
,,,resID,1
,,,resName,UNL
,,metrics
,,,distance,3.511704571856806
,,receptorAtoms
,,,atomIndex,711
,,,atomName,CG2
,,,chain,X
,,,resID,299
,,,resName,VAL
,closeContacts.153
,,ligandAtoms
,,,atomIndex,34
,,,atomName,C10
,,,chain,X
,,,resID,1
,,,resName,UNL
,,metrics
,,,distance,3.9787935357341664
,,receptorAtoms
,,,atomIndex,1509
,,,atomName,CA
,,,chain,X
,,,resID,380
,,,resName,ALA
,closeContacts.154
,,ligandAtoms
,,,atomIndex,34
,,,atomName,C10
,,,chain,X
,,,resID,1
,,,resName,UNL
,,metrics
,,,distance,3.8681061257416385
,,receptorAtoms
,,,atomIndex,1510
,,,atomName,C
,,,chain,X
,,,resID,380
,,,resName,ALA
,closeContacts.155
,,ligandAtoms
,,,atomIndex,34
,,,atomName,C10
,,,chain,X
,,,resID,1
,,,resName,UNL
,,metrics
,,,distance,3.4348381330129656
,,receptorAtoms
,,,atomIndex,1514
,,,atomName,N
,,,chain,X
,,,resID,381
,,,resName,ASP
,closeContacts.156
,,ligandAtoms
,,,atomIndex,34
,,,atomName,C10
,,,chain,X
,,,resID,1
,,,resName,UNL
,,metrics
,,,distance,3.069601439926688
,,receptorAtoms
,,,atomIndex,1522
,,,atomName,H
,,,chain,X
,,,resID,381
,,,resName,ASP
,closeContacts.157
,,ligandAtoms
,,,atomIndex,35
,,,atomName,C11
,,,chain,X
,,,resID,1
,,,resName,UNL
,,metrics
,,,distance,3.9116793068962084
,,receptorAtoms
,,,atomIndex,1514
,,,atomName,N
,,,chain,X
,,,resID,381
,,,resName,ASP
,closeContacts.158
,,ligandAtoms
,,,atomIndex,35
,,,atomName,C11
,,,chain,X
,,,resID,1
,,,resName,UNL
,,metrics
,,,distance,3.733836231009603
,,receptorAtoms
,,,atomIndex,1518
,,,atomName,CB
,,,chain,X
,,,resID,381
,,,resName,ASP
,closeContacts.159
,,ligandAtoms
,,,atomIndex,35
,,,atomName,C11
,,,chain,X
,,,resID,1
,,,resName,UNL
,,metrics
,,,distance,3.8738870659842424
,,receptorAtoms
,,,atomIndex,1522
,,,atomName,H
,,,chain,X
,,,resID,381
,,,resName,ASP
,closeContacts.160
,,ligandAtoms
,,,atomIndex,36
,,,atomName,C12
,,,chain,X
,,,resID,1
,,,resName,UNL
,,metrics
,,,distance,3.3551651226131924
,,receptorAtoms
,,,atomIndex,1518
,,,atomName,CB
,,,chain,X
,,,resID,381
,,,resName,ASP
,closeContacts.161
,,ligandAtoms
,,,atomIndex,37
,,,atomName,C13
,,,chain,X
,,,resID,1
,,,resName,UNL
,,metrics
,,,distance,3.7766539423145455
,,receptorAtoms
,,,atomIndex,590
,,,atomName,OE2
,,,chain,X
,,,resID,286
,,,resName,GLU
,closeContacts.162
,,ligandAtoms
,,,atomIndex,37
,,,atomName,C13
,,,chain,X
,,,resID,1
,,,resName,UNL
,,metrics
,,,distance,3.5890612978883496
,,receptorAtoms
,,,atomIndex,1517
,,,atomName,O
,,,chain,X
,,,resID,381
,,,resName,ASP
,closeContacts.163
,,ligandAtoms
,,,atomIndex,37
,,,atomName,C13
,,,chain,X
,,,resID,1
,,,resName,UNL
,,metrics
,,,distance,3.285611662993666
,,receptorAtoms
,,,atomIndex,1518
,,,atomName,CB
,,,chain,X
,,,resID,381
,,,resName,ASP
,closeContacts.164
,,ligandAtoms
,,,atomIndex,37
,,,atomName,C13
,,,chain,X
,,,resID,1
,,,resName,UNL
,,metrics
,,,distance,3.9273203332552336
,,receptorAtoms
,,,atomIndex,1519
,,,atomName,CG
,,,chain,X
,,,resID,381
,,,resName,ASP
,closeContacts.165
,,ligandAtoms
,,,atomIndex,37
,,,atomName,C13
,,,chain,X
,,,resID,1
,,,resName,UNL
,,metrics
,,,distance,3.769126689300852
,,receptorAtoms
,,,atomIndex,1521
,,,atomName,OD2
,,,chain,X
,,,resID,381
,,,resName,ASP
,closeContacts.166
,,ligandAtoms
,,,atomIndex,38
,,,atomName,C14
,,,chain,X
,,,resID,1
,,,resName,UNL
,,metrics
,,,distance,3.738793789446002
,,receptorAtoms
,,,atomIndex,588
,,,atomName,CD
,,,chain,X
,,,resID,286
,,,resName,GLU
,closeContacts.167
,,ligandAtoms
,,,atomIndex,38
,,,atomName,C14
,,,chain,X
,,,resID,1
,,,resName,UNL
,,metrics
,,,distance,2.9323412147974866
,,receptorAtoms
,,,atomIndex,590
,,,atomName,OE2
,,,chain,X
,,,resID,286
,,,resName,GLU
,closeContacts.168
,,ligandAtoms
,,,atomIndex,38
,,,atomName,C14
,,,chain,X
,,,resID,1
,,,resName,UNL
,,metrics
,,,distance,3.8588094018751424
,,receptorAtoms
,,,atomIndex,1514
,,,atomName,N
,,,chain,X
,,,resID,381
,,,resName,ASP
,closeContacts.169
,,ligandAtoms
,,,atomIndex,38
,,,atomName,C14
,,,chain,X
,,,resID,1
,,,resName,UNL
,,metrics
,,,distance,3.9712671781183397
,,receptorAtoms
,,,atomIndex,1515
,,,atomName,CA
,,,chain,X
,,,resID,381
,,,resName,ASP
,closeContacts.170
,,ligandAtoms
,,,atomIndex,38
,,,atomName,C14
,,,chain,X
,,,resID,1
,,,resName,UNL
,,metrics
,,,distance,3.721363191090061
,,receptorAtoms
,,,atomIndex,1516
,,,atomName,C
,,,chain,X
,,,resID,381
,,,resName,ASP
,closeContacts.171
,,ligandAtoms
,,,atomIndex,38
,,,atomName,C14
,,,chain,X
,,,resID,1
,,,resName,UNL
,,metrics
,,,distance,2.8075549861044573
,,receptorAtoms
,,,atomIndex,1517
,,,atomName,O
,,,chain,X
,,,resID,381
,,,resName,ASP
,closeContacts.172
,,ligandAtoms
,,,atomIndex,38
,,,atomName,C14
,,,chain,X
,,,resID,1
,,,resName,UNL
,,metrics
,,,distance,3.631222108326617
,,receptorAtoms
,,,atomIndex,1518
,,,atomName,CB
,,,chain,X
,,,resID,381
,,,resName,ASP
,closeContacts.173
,,ligandAtoms
,,,atomIndex,38
,,,atomName,C14
,,,chain,X
,,,resID,1
,,,resName,UNL
,,metrics
,,,distance,3.416330487526053
,,receptorAtoms
,,,atomIndex,1522
,,,atomName,H
,,,chain,X
,,,resID,381
,,,resName,ASP
,closeContacts.174
,,ligandAtoms
,,,atomIndex,39
,,,atomName,N2
,,,chain,X
,,,resID,1
,,,resName,UNL
,,metrics
,,,distance,3.845210527396388
,,receptorAtoms
,,,atomIndex,1518
,,,atomName,CB
,,,chain,X
,,,resID,381
,,,resName,ASP
,closeContacts.175
,,ligandAtoms
,,,atomIndex,39
,,,atomName,N2
,,,chain,X
,,,resID,1
,,,resName,UNL
,,metrics
,,,distance,3.8749425802197384
,,receptorAtoms
,,,atomIndex,1521
,,,atomName,OD2
,,,chain,X
,,,resID,381
,,,resName,ASP
,closeContacts.176
,,ligandAtoms
,,,atomIndex,40
,,,atomName,C15
,,,chain,X
,,,resID,1
,,,resName,UNL
,,metrics
,,,distance,3.203127690242773
,,receptorAtoms
,,,atomIndex,1521
,,,atomName,OD2
,,,chain,X
,,,resID,381
,,,resName,ASP
,closeContacts.177
,,ligandAtoms
,,,atomIndex,41
,,,atomName,C16
,,,chain,X
,,,resID,1
,,,resName,UNL
,,metrics
,,,distance,3.961628326837338
,,receptorAtoms
,,,atomIndex,1313
,,,atomName,O
,,,chain,X
,,,resID,360
,,,resName,ILE
,closeContacts.178
,,ligandAtoms
,,,atomIndex,41
,,,atomName,C16
,,,chain,X
,,,resID,1
,,,resName,UNL
,,metrics
,,,distance,3.406195972048584
,,receptorAtoms
,,,atomIndex,1322
,,,atomName,O
,,,chain,X
,,,resID,361
,,,resName,HIE
,closeContacts.179
,,ligandAtoms
,,,atomIndex,41
,,,atomName,C16
,,,chain,X
,,,resID,1
,,,resName,UNL
,,metrics
,,,distance,3.6601106540649835
,,receptorAtoms
,,,atomIndex,1521
,,,atomName,OD2
,,,chain,X
,,,resID,381
,,,resName,ASP
,closeContacts.180
,,ligandAtoms
,,,atomIndex,42
,,,atomName,N3
,,,chain,X
,,,resID,1
,,,resName,UNL
,,metrics
,,,distance,3.235545549053514
,,receptorAtoms
,,,atomIndex,1313
,,,atomName,O
,,,chain,X
,,,resID,360
,,,resName,ILE
,closeContacts.181
,,ligandAtoms
,,,atomIndex,42
,,,atomName,N3
,,,chain,X
,,,resID,1
,,,resName,UNL
,,metrics
,,,distance,3.9724646002198676
,,receptorAtoms
,,,atomIndex,1322
,,,atomName,O
,,,chain,X
,,,resID,361
,,,resName,HIE
,closeContacts.182
,,ligandAtoms
,,,atomIndex,43
,,,atomName,C17
,,,chain,X
,,,resID,1
,,,resName,UNL
,,metrics
,,,distance,3.466027986038197
,,receptorAtoms
,,,atomIndex,609
,,,atomName,CG1
,,,chain,X
,,,resID,289
,,,resName,VAL
,closeContacts.183
,,ligandAtoms
,,,atomIndex,45
,,,atomName,C19
,,,chain,X
,,,resID,1
,,,resName,UNL
,,metrics
,,,distance,3.2616340996500517
,,receptorAtoms
,,,atomIndex,1313
,,,atomName,O
,,,chain,X
,,,resID,360
,,,resName,ILE
,closeContacts.184
,,ligandAtoms
,,,atomIndex,46
,,,atomName,C20
,,,chain,X
,,,resID,1
,,,resName,UNL
,,metrics
,,,distance,3.609494978525389
,,receptorAtoms
,,,atomIndex,1313
,,,atomName,O
,,,chain,X
,,,resID,360
,,,resName,ILE
,closeContacts.185
,,ligandAtoms
,,,atomIndex,46
,,,atomName,C20
,,,chain,X
,,,resID,1
,,,resName,UNL
,,metrics
,,,distance,3.3532637832416343
,,receptorAtoms
,,,atomIndex,1318
,,,atomName,H
,,,chain,X
,,,resID,360
,,,resName,ILE
,closeContacts.186
,,ligandAtoms
,,,atomIndex,47
,,,atomName,O2
,,,chain,X
,,,resID,1
,,,resName,UNL
,,metrics
,,,distance,3.562035092471719
,,receptorAtoms
,,,atomIndex,1299
,,,atomName,CA
,,,chain,X
,,,resID,359
,,,resName,PHE
,closeContacts.187
,,ligandAtoms
,,,atomIndex,47
,,,atomName,O2
,,,chain,X
,,,resID,1
,,,resName,UNL
,,metrics
,,,distance,3.668416824735161
,,receptorAtoms
,,,atomIndex,1300
,,,atomName,C
,,,chain,X
,,,resID,359
,,,resName,PHE
,closeContacts.188
,,ligandAtoms
,,,atomIndex,47
,,,atomName,O2
,,,chain,X
,,,resID,1
,,,resName,UNL
,,metrics
,,,distance,3.383525675977648
,,receptorAtoms
,,,atomIndex,1302
,,,atomName,CB
,,,chain,X
,,,resID,359
,,,resName,PHE
,closeContacts.189
,,ligandAtoms
,,,atomIndex,47
,,,atomName,O2
,,,chain,X
,,,resID,1
,,,resName,UNL
,,metrics
,,,distance,3.908530414362923
,,receptorAtoms
,,,atomIndex,1303
,,,atomName,CG
,,,chain,X
,,,resID,359
,,,resName,PHE
,closeContacts.190
,,ligandAtoms
,,,atomIndex,47
,,,atomName,O2
,,,chain,X
,,,resID,1
,,,resName,UNL
,,metrics
,,,distance,2.885639963682234
,,receptorAtoms
,,,atomIndex,1310
,,,atomName,N
,,,chain,X
,,,resID,360
,,,resName,ILE
,closeContacts.191
,,ligandAtoms
,,,atomIndex,47
,,,atomName,O2
,,,chain,X
,,,resID,1
,,,resName,UNL
,,metrics
,,,distance,3.777952487790179
,,receptorAtoms
,,,atomIndex,1311
,,,atomName,CA
,,,chain,X
,,,resID,360
,,,resName,ILE
,closeContacts.192
,,ligandAtoms
,,,atomIndex,47
,,,atomName,O2
,,,chain,X
,,,resID,1
,,,resName,UNL
,,metrics
,,,distance,3.588423748667373
,,receptorAtoms
,,,atomIndex,1312
,,,atomName,C
,,,chain,X
,,,resID,360
,,,resName,ILE
,closeContacts.193
,,ligandAtoms
,,,atomIndex,47
,,,atomName,O2
,,,chain,X
,,,resID,1
,,,resName,UNL
,,metrics
,,,distance,2.856102589193882
,,receptorAtoms
,,,atomIndex,1313
,,,atomName,O
,,,chain,X
,,,resID,360
,,,resName,ILE
,closeContacts.194
,,ligandAtoms
,,,atomIndex,47
,,,atomName,O2
,,,chain,X
,,,resID,1
,,,resName,UNL
,,metrics
,,,distance,1.9414607902298728
,,receptorAtoms
,,,atomIndex,1318
,,,atomName,H
,,,chain,X
,,,resID,360
,,,resName,ILE
,closeContacts.195
,,ligandAtoms
,,,atomIndex,48
,,,atomName,H30
,,,chain,X
,,,resID,1
,,,resName,UNL
,,metrics
,,,distance,3.7334072909341143
,,receptorAtoms
,,,atomIndex,1300
,,,atomName,C
,,,chain,X
,,,resID,359
,,,resName,PHE
,closeContacts.196
,,ligandAtoms
,,,atomIndex,48
,,,atomName,H30
,,,chain,X
,,,resID,1
,,,resName,UNL
,,metrics
,,,distance,3.962071427927568
,,receptorAtoms
,,,atomIndex,1302
,,,atomName,CB
,,,chain,X
,,,resID,359
,,,resName,PHE
,closeContacts.197
,,ligandAtoms
,,,atomIndex,48
,,,atomName,H30
,,,chain,X
,,,resID,1
,,,resName,UNL
,,metrics
,,,distance,2.6797216273337052
,,receptorAtoms
,,,atomIndex,1310
,,,atomName,N
,,,chain,X
,,,resID,360
,,,resName,ILE
,closeContacts.198
,,ligandAtoms
,,,atomIndex,48
,,,atomName,H30
,,,chain,X
,,,resID,1
,,,resName,UNL
,,metrics
,,,distance,3.2114873501229924
,,receptorAtoms
,,,atomIndex,1311
,,,atomName,CA
,,,chain,X
,,,resID,360
,,,resName,ILE
,closeContacts.199
,,ligandAtoms
,,,atomIndex,48
,,,atomName,H30
,,,chain,X
,,,resID,1
,,,resName,UNL
,,metrics
,,,distance,2.825862877069586
,,receptorAtoms
,,,atomIndex,1312
,,,atomName,C
,,,chain,X
,,,resID,360
,,,resName,ILE
,closeContacts.200
,,ligandAtoms
,,,atomIndex,48
,,,atomName,H30
,,,chain,X
,,,resID,1
,,,resName,UNL
,,metrics
,,,distance,1.965451093260781
,,receptorAtoms
,,,atomIndex,1313
,,,atomName,O
,,,chain,X
,,,resID,360
,,,resName,ILE
,closeContacts.201
,,ligandAtoms
,,,atomIndex,48
,,,atomName,H30
,,,chain,X
,,,resID,1
,,,resName,UNL
,,metrics
,,,distance,3.7221305726693683
,,receptorAtoms
,,,atomIndex,1314
,,,atomName,CB
,,,chain,X
,,,resID,360
,,,resName,ILE
,closeContacts.202
,,ligandAtoms
,,,atomIndex,48
,,,atomName,H30
,,,chain,X
,,,resID,1
,,,resName,UNL
,,metrics
,,,distance,1.824311925082989
,,receptorAtoms
,,,atomIndex,1318
,,,atomName,H
,,,chain,X
,,,resID,360
,,,resName,ILE
closestContacts
,closestContacts.1
,,ligandAtoms
,,,atomIndex,11
,,,atomName,H25
,,,chain,X
,,,resID,1
,,,resName,UNL
,,metrics
,,,distance,2.357937446159248
,,receptorAtoms
,,,atomIndex,863
,,,atomName,CG1
,,,chain,X
,,,resID,315
,,,resName,ILE
,closestContacts.2
,,ligandAtoms
,,,atomIndex,11
,,,atomName,H25
,,,chain,X
,,,resID,1
,,,resName,UNL
,,metrics
,,,distance,2.106336155507947
,,receptorAtoms
,,,atomIndex,865
,,,atomName,CD1
,,,chain,X
,,,resID,315
,,,resName,ILE
,closestContacts.3
,,ligandAtoms
,,,atomIndex,14
,,,atomName,O4
,,,chain,X
,,,resID,1
,,,resName,UNL
,,metrics
,,,distance,2.1905191165566196
,,receptorAtoms
,,,atomIndex,897
,,,atomName,H
,,,chain,X
,,,resID,318
,,,resName,MET
,closestContacts.4
,,ligandAtoms
,,,atomIndex,22
,,,atomName,H5
,,,chain,X
,,,resID,1
,,,resName,UNL
,,metrics
,,,distance,2.05100219405051
,,receptorAtoms
,,,atomIndex,892
,,,atomName,O
,,,chain,X
,,,resID,318
,,,resName,MET
,closestContacts.5
,,ligandAtoms
,,,atomIndex,22
,,,atomName,H5
,,,chain,X
,,,resID,1
,,,resName,UNL
,,metrics
,,,distance,2.068388744892991
,,receptorAtoms
,,,atomIndex,897
,,,atomName,H
,,,chain,X
,,,resID,318
,,,resName,MET
,closestContacts.6
,,ligandAtoms
,,,atomIndex,28
,,,atomName,H29
,,,chain,X
,,,resID,1
,,,resName,UNL
,,metrics
,,,distance,2.489303918769261
,,receptorAtoms
,,,atomIndex,925
,,,atomName,H
,,,chain,X
,,,resID,321
,,,resName,GLY
,closestContacts.7
,,ligandAtoms
,,,atomIndex,32
,,,atomName,H24
,,,chain,X
,,,resID,1
,,,resName,UNL
,,metrics
,,,distance,1.9319140767642848
,,receptorAtoms
,,,atomIndex,590
,,,atomName,OE2
,,,chain,X
,,,resID,286
,,,resName,GLU
,closestContacts.8
,,ligandAtoms
,,,atomIndex,47
,,,atomName,O2
,,,chain,X
,,,resID,1
,,,resName,UNL
,,metrics
,,,distance,1.9414607902298728
,,receptorAtoms
,,,atomIndex,1318
,,,atomName,H
,,,chain,X
,,,resID,360
,,,resName,ILE
,closestContacts.9
,,ligandAtoms
,,,atomIndex,48
,,,atomName,H30
,,,chain,X
,,,resID,1
,,,resName,UNL
,,metrics
,,,distance,1.965451093260781
,,receptorAtoms
,,,atomIndex,1313
,,,atomName,O
,,,chain,X
,,,resID,360
,,,resName,ILE
,closestContacts.10
,,ligandAtoms
,,,atomIndex,48
,,,atomName,H30
,,,chain,X
,,,resID,1
,,,resName,UNL
,,metrics
,,,distance,1.824311925082989
,,receptorAtoms
,,,atomIndex,1318
,,,atomName,H
,,,chain,X
,,,resID,360
,,,resName,ILE
electrostaticEnergies
,C_C,0
,C_HH,0
,C_N,0
,C_NN,0
,C_OO,0
,HH_HH,0
,HH_N,0
,HH_NN,0
,HH_OO,0
,HH_SS,0
,NN_OO,0
,N_N,0
,N_NN,0
,N_OO,0
,N_SS,0
,OO_OO,0
halogenBonds,none
hydrogenBonds
,hydrogenBonds.1
,,ligandAtoms
,,,atomIndex,17
,,,atomName,N5
,,,chain,X
,,,resID,1
,,,resName,UNL
,,metrics
,,,angle,30.731230066822746
,,,distance,3.4707350806421395
,,receptorAtoms
,,,receptorAtoms.1
,,,,atomIndex,889
,,,,atomName,N
,,,,chain,X
,,,,resID,318
,,,,resName,MET
,,,receptorAtoms.2
,,,,atomIndex,897
,,,,atomName,H
,,,,chain,X
,,,,resID,318
,,,,resName,MET
,hydrogenBonds.2
,,ligandAtoms
,,,ligandAtoms.1
,,,,atomIndex,17
,,,,atomName,N5
,,,,chain,X
,,,,resID,1
,,,,resName,UNL
,,,ligandAtoms.2
,,,,atomIndex,22
,,,,atomName,H5
,,,,chain,X
,,,,resID,1
,,,,resName,UNL
,,metrics
,,,angle,17.755029223685227
,,,distance,3.038631764462421
,,receptorAtoms
,,,atomIndex,892
,,,atomName,O
,,,chain,X
,,,resID,318
,,,resName,MET
,hydrogenBonds.3
,,ligandAtoms
,,,ligandAtoms.1
,,,,atomIndex,26
,,,,atomName,N8
,,,,chain,X
,,,,resID,1
,,,,resName,UNL
,,,ligandAtoms.2
,,,,atomIndex,28
,,,,atomName,H29
,,,,chain,X
,,,,resID,1
,,,,resName,UNL
,,metrics
,,,angle,28.005873995007647
,,,distance,3.4836525372086125
,,receptorAtoms
,,,atomIndex,892
,,,atomName,O
,,,chain,X
,,,resID,318
,,,resName,MET
,hydrogenBonds.4
,,ligandAtoms
,,,ligandAtoms.1
,,,,atomIndex,29
,,,,atomName,N1
,,,,chain,X
,,,,resID,1
,,,,resName,UNL
,,,ligandAtoms.2
,,,,atomIndex,32
,,,,atomName,H24
,,,,chain,X
,,,,resID,1
,,,,resName,UNL
,,metrics
,,,angle,35.394252956913476
,,,distance,2.8189634619838544
,,receptorAtoms
,,,atomIndex,590
,,,atomName,OE2
,,,chain,X
,,,resID,286
,,,resName,GLU
,hydrogenBonds.5
,,ligandAtoms
,,,atomIndex,31
,,,atomName,O1
,,,chain,X
,,,resID,1
,,,resName,UNL
,,metrics
,,,angle,21.921597579990788
,,,distance,3.538105990498306
,,receptorAtoms
,,,receptorAtoms.1
,,,,atomIndex,1514
,,,,atomName,N
,,,,chain,X
,,,,resID,381
,,,,resName,ASP
,,,receptorAtoms.2
,,,,atomIndex,1522
,,,,atomName,H
,,,,chain,X
,,,,resID,381
,,,,resName,ASP
,hydrogenBonds.6
,,ligandAtoms
,,,atomIndex,47
,,,atomName,O2
,,,chain,X
,,,resID,1
,,,resName,UNL
,,metrics
,,,angle,25.39590099338895
,,,distance,2.885639963682234
,,receptorAtoms
,,,receptorAtoms.1
,,,,atomIndex,1310
,,,,atomName,N
,,,,chain,X
,,,,resID,360
,,,,resName,ILE
,,,receptorAtoms.2
,,,,atomIndex,1318
,,,,atomName,H
,,,,chain,X
,,,,resID,360
,,,,resName,ILE
,hydrogenBonds.7
,,ligandAtoms
,,,ligandAtoms.1
,,,,atomIndex,47
,,,,atomName,O2
,,,,chain,X
,,,,resID,1
,,,,resName,UNL
,,,ligandAtoms.2
,,,,atomIndex,48
,,,,atomName,H30
,,,,chain,X
,,,,resID,1
,,,,resName,UNL
,,metrics
,,,angle,28.80065017422791
,,,distance,2.856102589193882
,,receptorAtoms
,,,atomIndex,1313
,,,atomName,O
,,,chain,X
,,,resID,360
,,,resName,ILE
hydrophobicContacts
,hydrophobicContacts.1
,,ligandAtoms
,,,atomIndex,1
,,,atomName,C1
,,,chain,X
,,,resID,1
,,,resName,UNL
,,metrics
,,,distance,3.897109826525294
,,receptorAtoms
,,,atomIndex,416
,,,atomName,CA
,,,chain,X
,,,resID,269
,,,resName,ALA
,hydrophobicContacts.2
,,ligandAtoms
,,,atomIndex,1
,,,atomName,C1
,,,chain,X
,,,resID,1
,,,resName,UNL
,,metrics
,,,distance,3.1165272339576964
,,receptorAtoms
,,,atomIndex,417
,,,atomName,C
,,,chain,X
,,,resID,269
,,,resName,ALA
,hydrophobicContacts.3
,,ligandAtoms
,,,atomIndex,1
,,,atomName,C1
,,,chain,X
,,,resID,1
,,,resName,UNL
,,metrics
,,,distance,3.4667138618582287
,,receptorAtoms
,,,atomIndex,419
,,,atomName,CB
,,,chain,X
,,,resID,269
,,,resName,ALA
,hydrophobicContacts.4
,,ligandAtoms
,,,atomIndex,1
,,,atomName,C1
,,,chain,X
,,,resID,1
,,,resName,UNL
,,metrics
,,,distance,3.4387185113062095
,,receptorAtoms
,,,atomIndex,422
,,,atomName,CA
,,,chain,X
,,,resID,270
,,,resName,VAL
,hydrophobicContacts.5
,,ligandAtoms
,,,atomIndex,1
,,,atomName,C1
,,,chain,X
,,,resID,1
,,,resName,UNL
,,metrics
,,,distance,3.381948255074285
,,receptorAtoms
,,,atomIndex,423
,,,atomName,C
,,,chain,X
,,,resID,270
,,,resName,VAL
,hydrophobicContacts.6
,,ligandAtoms
,,,atomIndex,2
,,,atomName,C2
,,,chain,X
,,,resID,1
,,,resName,UNL
,,metrics
,,,distance,3.9733236716884774
,,receptorAtoms
,,,atomIndex,433
,,,atomName,CB
,,,chain,X
,,,resID,271
,,,resName,LYS
,hydrophobicContacts.7
,,ligandAtoms
,,,atomIndex,3
,,,atomName,C3
,,,chain,X
,,,resID,1
,,,resName,UNL
,,metrics
,,,distance,3.6722501276465365
,,receptorAtoms
,,,atomIndex,863
,,,atomName,CG1
,,,chain,X
,,,resID,315
,,,resName,ILE
,hydrophobicContacts.8
,,ligandAtoms
,,,atomIndex,3
,,,atomName,C3
,,,chain,X
,,,resID,1
,,,resName,UNL
,,metrics
,,,distance,3.605273637326299
,,receptorAtoms
,,,atomIndex,865
,,,atomName,CD1
,,,chain,X
,,,resID,315
,,,resName,ILE
,hydrophobicContacts.9
,,ligandAtoms
,,,atomIndex,4
,,,atomName,C4
,,,chain,X
,,,resID,1
,,,resName,UNL
,,metrics
,,,distance,3.858960870493507
,,receptorAtoms
,,,atomIndex,865
,,,atomName,CD1
,,,chain,X
,,,resID,315
,,,resName,ILE
,hydrophobicContacts.10
,,ligandAtoms
,,,atomIndex,5
,,,atomName,C5
,,,chain,X
,,,resID,1
,,,resName,UNL
,,metrics
,,,distance,3.940519001349949
,,receptorAtoms
,,,atomIndex,619
,,,atomName,CE
,,,chain,X
,,,resID,290
,,,resName,MET
,hydrophobicContacts.11
,,ligandAtoms
,,,atomIndex,6
,,,atomName,C6
,,,chain,X
,,,resID,1
,,,resName,UNL
,,metrics
,,,distance,3.8211496960993294
,,receptorAtoms
,,,atomIndex,433
,,,atomName,CB
,,,chain,X
,,,resID,271
,,,resName,LYS
,hydrophobicContacts.12
,,ligandAtoms
,,,atomIndex,6
,,,atomName,C6
,,,chain,X
,,,resID,1
,,,resName,UNL
,,metrics
,,,distance,3.871006716604868
,,receptorAtoms
,,,atomIndex,435
,,,atomName,CD
,,,chain,X
,,,resID,271
,,,resName,LYS
,hydrophobicContacts.13
,,ligandAtoms
,,,atomIndex,6
,,,atomName,C6
,,,chain,X
,,,resID,1
,,,resName,UNL
,,metrics
,,,distance,3.510204979769701
,,receptorAtoms
,,,atomIndex,846
,,,atomName,CG2
,,,chain,X
,,,resID,313
,,,resName,ILE
,hydrophobicContacts.14
,,ligandAtoms
,,,atomIndex,7
,,,atomName,C7
,,,chain,X
,,,resID,1
,,,resName,UNL
,,metrics
,,,distance,3.1293889179838295
,,receptorAtoms
,,,atomIndex,433
,,,atomName,CB
,,,chain,X
,,,resID,271
,,,resName,LYS
,hydrophobicContacts.15
,,ligandAtoms
,,,atomIndex,7
,,,atomName,C7
,,,chain,X
,,,resID,1
,,,resName,UNL
,,metrics
,,,distance,3.721580443843718
,,receptorAtoms
,,,atomIndex,846
,,,atomName,CG2
,,,chain,X
,,,resID,313
,,,resName,ILE
,hydrophobicContacts.16
,,ligandAtoms
,,,atomIndex,9
,,,atomName,C21
,,,chain,X
,,,resID,1
,,,resName,UNL
,,metrics
,,,distance,3.375976451339672
,,receptorAtoms
,,,atomIndex,419
,,,atomName,CB
,,,chain,X
,,,resID,269
,,,resName,ALA
,hydrophobicContacts.17
,,ligandAtoms
,,,atomIndex,9
,,,atomName,C21
,,,chain,X
,,,resID,1
,,,resName,UNL
,,metrics
,,,distance,3.409521960627324
,,receptorAtoms
,,,atomIndex,1532
,,,atomName,CE2
,,,chain,X
,,,resID,382
,,,resName,PHE
,hydrophobicContacts.18
,,ligandAtoms
,,,atomIndex,9
,,,atomName,C21
,,,chain,X
,,,resID,1
,,,resName,UNL
,,metrics
,,,distance,3.711342344758834
,,receptorAtoms
,,,atomIndex,1533
,,,atomName,CZ
,,,chain,X
,,,resID,382
,,,resName,PHE
,hydrophobicContacts.19
,,ligandAtoms
,,,atomIndex,12
,,,atomName,C22
,,,chain,X
,,,resID,1
,,,resName,UNL
,,metrics
,,,distance,3.1861286854111843
,,receptorAtoms
,,,atomIndex,419
,,,atomName,CB
,,,chain,X
,,,resID,269
,,,resName,ALA
,hydrophobicContacts.20
,,ligandAtoms
,,,atomIndex,13
,,,atomName,C23
,,,chain,X
,,,resID,1
,,,resName,UNL
,,metrics
,,,distance,3.4639808024872196
,,receptorAtoms
,,,atomIndex,419
,,,atomName,CB
,,,chain,X
,,,resID,269
,,,resName,ALA
,hydrophobicContacts.21
,,ligandAtoms
,,,atomIndex,13
,,,atomName,C23
,,,chain,X
,,,resID,1
,,,resName,UNL
,,metrics
,,,distance,3.7054652879226917
,,receptorAtoms
,,,atomIndex,863
,,,atomName,CG1
,,,chain,X
,,,resID,315
,,,resName,ILE
,hydrophobicContacts.22
,,ligandAtoms
,,,atomIndex,13
,,,atomName,C23
,,,chain,X
,,,resID,1
,,,resName,UNL
,,metrics
,,,distance,3.292635418627455
,,receptorAtoms
,,,atomIndex,865
,,,atomName,CD1
,,,chain,X
,,,resID,315
,,,resName,ILE
,hydrophobicContacts.23
,,ligandAtoms
,,,atomIndex,13
,,,atomName,C23
,,,chain,X
,,,resID,1
,,,resName,UNL
,,metrics
,,,distance,3.493368861142493
,,receptorAtoms
,,,atomIndex,1420
,,,atomName,CD1
,,,chain,X
,,,resID,370
,,,resName,LEU
,hydrophobicContacts.24
,,ligandAtoms
,,,atomIndex,15
,,,atomName,C24
,,,chain,X
,,,resID,1
,,,resName,UNL
,,metrics
,,,distance,3.77150487206367
,,receptorAtoms
,,,atomIndex,1421
,,,atomName,CD2
,,,chain,X
,,,resID,370
,,,resName,LEU
,hydrophobicContacts.25
,,ligandAtoms
,,,atomIndex,16
,,,atomName,C27
,,,chain,X
,,,resID,1
,,,resName,UNL
,,metrics
,,,distance,3.6946841542951954
,,receptorAtoms
,,,atomIndex,419
,,,atomName,CB
,,,chain,X
,,,resID,269
,,,resName,ALA
,hydrophobicContacts.26
,,ligandAtoms
,,,atomIndex,18
,,,atomName,C26
,,,chain,X
,,,resID,1
,,,resName,UNL
,,metrics
,,,distance,3.508459491001712
,,receptorAtoms
,,,atomIndex,221
,,,atomName,CD1
,,,chain,X
,,,resID,248
,,,resName,LEU
,hydrophobicContacts.27
,,ligandAtoms
,,,atomIndex,20
,,,atomName,C25
,,,chain,X
,,,resID,1
,,,resName,UNL
,,metrics
,,,distance,3.9984814617552007
,,receptorAtoms
,,,atomIndex,885
,,,atomName,CE1
,,,chain,X
,,,resID,317
,,,resName,PHE
,hydrophobicContacts.28
,,ligandAtoms
,,,atomIndex,20
,,,atomName,C25
,,,chain,X
,,,resID,1
,,,resName,UNL
,,metrics
,,,distance,3.8455631577182574
,,receptorAtoms
,,,atomIndex,922
,,,atomName,CA
,,,chain,X
,,,resID,321
,,,resName,GLY
,hydrophobicContacts.29
,,ligandAtoms
,,,atomIndex,30
,,,atomName,C8
,,,chain,X
,,,resID,1
,,,resName,UNL
,,metrics
,,,distance,3.8022553833218513
,,receptorAtoms
,,,atomIndex,711
,,,atomName,CG2
,,,chain,X
,,,resID,299
,,,resName,VAL
,hydrophobicContacts.30
,,ligandAtoms
,,,atomIndex,33
,,,atomName,C9
,,,chain,X
,,,resID,1
,,,resName,UNL
,,metrics
,,,distance,3.992174595380318
,,receptorAtoms
,,,atomIndex,1516
,,,atomName,C
,,,chain,X
,,,resID,381
,,,resName,ASP
,hydrophobicContacts.31
,,ligandAtoms
,,,atomIndex,33
,,,atomName,C9
,,,chain,X
,,,resID,1
,,,resName,UNL
,,metrics
,,,distance,3.989700991302481
,,receptorAtoms
,,,atomIndex,1518
,,,atomName,CB
,,,chain,X
,,,resID,381
,,,resName,ASP
,hydrophobicContacts.32
,,ligandAtoms
,,,atomIndex,34
,,,atomName,C10
,,,chain,X
,,,resID,1
,,,resName,UNL
,,metrics
,,,distance,3.511704571856806
,,receptorAtoms
,,,atomIndex,711
,,,atomName,CG2
,,,chain,X
,,,resID,299
,,,resName,VAL
,hydrophobicContacts.33
,,ligandAtoms
,,,atomIndex,34
,,,atomName,C10
,,,chain,X
,,,resID,1
,,,resName,UNL
,,metrics
,,,distance,3.9787935357341664
,,receptorAtoms
,,,atomIndex,1509
,,,atomName,CA
,,,chain,X
,,,resID,380
,,,resName,ALA
,hydrophobicContacts.34
,,ligandAtoms
,,,atomIndex,34
,,,atomName,C10
,,,chain,X
,,,resID,1
,,,resName,UNL
,,metrics
,,,distance,3.8681061257416385
,,receptorAtoms
,,,atomIndex,1510
,,,atomName,C
,,,chain,X
,,,resID,380
,,,resName,ALA
,hydrophobicContacts.35
,,ligandAtoms
,,,atomIndex,35
,,,atomName,C11
,,,chain,X
,,,resID,1
,,,resName,UNL
,,metrics
,,,distance,3.733836231009603
,,receptorAtoms
,,,atomIndex,1518
,,,atomName,CB
,,,chain,X
,,,resID,381
,,,resName,ASP
,hydrophobicContacts.36
,,ligandAtoms
,,,atomIndex,36
,,,atomName,C12
,,,chain,X
,,,resID,1
,,,resName,UNL
,,metrics
,,,distance,3.3551651226131924
,,receptorAtoms
,,,atomIndex,1518
,,,atomName,CB
,,,chain,X
,,,resID,381
,,,resName,ASP
,hydrophobicContacts.37
,,ligandAtoms
,,,atomIndex,37
,,,atomName,C13
,,,chain,X
,,,resID,1
,,,resName,UNL
,,metrics
,,,distance,3.285611662993666
,,receptorAtoms
,,,atomIndex,1518
,,,atomName,CB
,,,chain,X
,,,resID,381
,,,resName,ASP
,hydrophobicContacts.38
,,ligandAtoms
,,,atomIndex,37
,,,atomName,C13
,,,chain,X
,,,resID,1
,,,resName,UNL
,,metrics
,,,distance,3.9273203332552336
,,receptorAtoms
,,,atomIndex,1519
,,,atomName,CG
,,,chain,X
,,,resID,381
,,,resName,ASP
,hydrophobicContacts.39
,,ligandAtoms
,,,atomIndex,38
,,,atomName,C14
,,,chain,X
,,,resID,1
,,,resName,UNL
,,metrics
,,,distance,3.738793789446002
,,receptorAtoms
,,,atomIndex,588
,,,atomName,CD
,,,chain,X
,,,resID,286
,,,resName,GLU
,hydrophobicContacts.40
,,ligandAtoms
,,,atomIndex,38
,,,atomName,C14
,,,chain,X
,,,resID,1
,,,resName,UNL
,,metrics
,,,distance,3.9712671781183397
,,receptorAtoms
,,,atomIndex,1515
,,,atomName,CA
,,,chain,X
,,,resID,381
,,,resName,ASP
,hydrophobicContacts.41
,,ligandAtoms
,,,atomIndex,38
,,,atomName,C14
,,,chain,X
,,,resID,1
,,,resName,UNL
,,metrics
,,,distance,3.721363191090061
,,receptorAtoms
,,,atomIndex,1516
,,,atomName,C
,,,chain,X
,,,resID,381
,,,resName,ASP
,hydrophobicContacts.42
,,ligandAtoms
,,,atomIndex,38
,,,atomName,C14
,,,chain,X
,,,resID,1
,,,resName,UNL
,,metrics
,,,distance,3.631222108326617
,,receptorAtoms
,,,atomIndex,1518
,,,atomName,CB
,,,chain,X
,,,resID,381
,,,resName,ASP
,hydrophobicContacts.43
,,ligandAtoms
,,,atomIndex,43
,,,atomName,C17
,,,chain,X
,,,resID,1
,,,resName,UNL
,,metrics
,,,distance,3.466027986038197
,,receptorAtoms
,,,atomIndex,609
,,,atomName,CG1
,,,chain,X
,,,resID,289
,,,resName,VAL
ligandAtomTypes
,C,27
,HH,9
,N,7
,NN,1
,OO,4
metalCoordinations,none
piPiStackingInteractions
,piPiStackingInteractions.1
,,ligandAtoms
,,,ligandAtoms.1
,,,,atomIndex,12
,,,,atomName,C22
,,,,chain,X
,,,,resID,1
,,,,resName,UNL
,,,ligandAtoms.2
,,,,atomIndex,13
,,,,atomName,C23
,,,,chain,X
,,,,resID,1
,,,,resName,UNL
,,,ligandAtoms.3
,,,,atomIndex,14
,,,,atomName,O4
,,,,chain,X
,,,,resID,1
,,,,resName,UNL
,,,ligandAtoms.4
,,,,atomIndex,15
,,,,atomName,C24
,,,,chain,X
,,,,resID,1
,,,,resName,UNL
,,,ligandAtoms.5
,,,,atomIndex,16
,,,,atomName,C27
,,,,chain,X
,,,,resID,1
,,,,resName,UNL
,,metrics
,,,angle,14.859413802801015
,,,distance,5.674685713078937
,,receptorAtoms
,,,receptorAtoms.1
,,,,atomIndex,882
,,,,atomName,CG
,,,,chain,X
,,,,resID,317
,,,,resName,PHE
,,,receptorAtoms.2
,,,,atomIndex,883
,,,,atomName,CD1
,,,,chain,X
,,,,resID,317
,,,,resName,PHE
,,,receptorAtoms.3
,,,,atomIndex,885
,,,,atomName,CE1
,,,,chain,X
,,,,resID,317
,,,,resName,PHE
,,,receptorAtoms.4
,,,,atomIndex,887
,,,,atomName,CZ
,,,,chain,X
,,,,resID,317
,,,,resName,PHE
,,,receptorAtoms.5
,,,,atomIndex,886
,,,,atomName,CE2
,,,,chain,X
,,,,resID,317
,,,,resName,PHE
,,,receptorAtoms.6
,,,,atomIndex,884
,,,,atomName,CD2
,,,,chain,X
,,,,resID,317
,,,,resName,PHE
,piPiStackingInteractions.2
,,ligandAtoms
,,,ligandAtoms.1
,,,,atomIndex,13
,,,,atomName,C23
,,,,chain,X
,,,,resID,1
,,,,resName,UNL
,,,ligandAtoms.2
,,,,atomIndex,12
,,,,atomName,C22
,,,,chain,X
,,,,resID,1
,,,,resName,UNL
,,,ligandAtoms.3
,,,,atomIndex,16
,,,,atomName,C27
,,,,chain,X
,,,,resID,1
,,,,resName,UNL
,,,ligandAtoms.4
,,,,atomIndex,15
,,,,atomName,C24
,,,,chain,X
,,,,resID,1
,,,,resName,UNL
,,,ligandAtoms.5
,,,,atomIndex,14
,,,,atomName,O4
,,,,chain,X
,,,,resID,1
,,,,resName,UNL
,,metrics
,,,angle,15.087308073743149
,,,distance,5.674685713078937
,,receptorAtoms
,,,receptorAtoms.1
,,,,atomIndex,882
,,,,atomName,CG
,,,,chain,X
,,,,resID,317
,,,,resName,PHE
,,,receptorAtoms.2
,,,,atomIndex,883
,,,,atomName,CD1
,,,,chain,X
,,,,resID,317
,,,,resName,PHE
,,,receptorAtoms.3
,,,,atomIndex,885
,,,,atomName,CE1
,,,,chain,X
,,,,resID,317
,,,,resName,PHE
,,,receptorAtoms.4
,,,,atomIndex,887
,,,,atomName,CZ
,,,,chain,X
,,,,resID,317
,,,,resName,PHE
,,,receptorAtoms.5
,,,,atomIndex,886
,,,,atomName,CE2
,,,,chain,X
,,,,resID,317
,,,,resName,PHE
,,,receptorAtoms.6
,,,,atomIndex,884
,,,,atomName,CD2
,,,,chain,X
,,,,resID,317
,,,,resName,PHE
,piPiStackingInteractions.3
,,ligandAtoms
,,,ligandAtoms.1
,,,,atomIndex,14
,,,,atomName,O4
,,,,chain,X
,,,,resID,1
,,,,resName,UNL
,,,ligandAtoms.2
,,,,atomIndex,13
,,,,atomName,C23
,,,,chain,X
,,,,resID,1
,,,,resName,UNL
,,,ligandAtoms.3
,,,,atomIndex,12
,,,,atomName,C22
,,,,chain,X
,,,,resID,1
,,,,resName,UNL
,,,ligandAtoms.4
,,,,atomIndex,16
,,,,atomName,C27
,,,,chain,X
,,,,resID,1
,,,,resName,UNL
,,,ligandAtoms.5
,,,,atomIndex,15
,,,,atomName,C24
,,,,chain,X
,,,,resID,1
,,,,resName,UNL
,,metrics
,,,angle,14.82553503242614
,,,distance,5.6746857130789365
,,receptorAtoms
,,,receptorAtoms.1
,,,,atomIndex,882
,,,,atomName,CG
,,,,chain,X
,,,,resID,317
,,,,resName,PHE
,,,receptorAtoms.2
,,,,atomIndex,883
,,,,atomName,CD1
,,,,chain,X
,,,,resID,317
,,,,resName,PHE
,,,receptorAtoms.3
,,,,atomIndex,885
,,,,atomName,CE1
,,,,chain,X
,,,,resID,317
,,,,resName,PHE
,,,receptorAtoms.4
,,,,atomIndex,887
,,,,atomName,CZ
,,,,chain,X
,,,,resID,317
,,,,resName,PHE
,,,receptorAtoms.5
,,,,atomIndex,886
,,,,atomName,CE2
,,,,chain,X
,,,,resID,317
,,,,resName,PHE
,,,receptorAtoms.6
,,,,atomIndex,884
,,,,atomName,CD2
,,,,chain,X
,,,,resID,317
,,,,resName,PHE
,piPiStackingInteractions.4
,,ligandAtoms
,,,ligandAtoms.1
,,,,atomIndex,15
,,,,atomName,C24
,,,,chain,X
,,,,resID,1
,,,,resName,UNL
,,,ligandAtoms.2
,,,,atomIndex,14
,,,,atomName,O4
,,,,chain,X
,,,,resID,1
,,,,resName,UNL
,,,ligandAtoms.3
,,,,atomIndex,13
,,,,atomName,C23
,,,,chain,X
,,,,resID,1
,,,,resName,UNL
,,,ligandAtoms.4
,,,,atomIndex,12
,,,,atomName,C22
,,,,chain,X
,,,,resID,1
,,,,resName,UNL
,,,ligandAtoms.5
,,,,atomIndex,16
,,,,atomName,C27
,,,,chain,X
,,,,resID,1
,,,,resName,UNL
,,metrics
,,,angle,14.947095915856906
,,,distance,5.674685713078937
,,receptorAtoms
,,,receptorAtoms.1
,,,,atomIndex,882
,,,,atomName,CG
,,,,chain,X
,,,,resID,317
,,,,resName,PHE
,,,receptorAtoms.2
,,,,atomIndex,883
,,,,atomName,CD1
,,,,chain,X
,,,,resID,317
,,,,resName,PHE
,,,receptorAtoms.3
,,,,atomIndex,885
,,,,atomName,CE1
,,,,chain,X
,,,,resID,317
,,,,resName,PHE
,,,receptorAtoms.4
,,,,atomIndex,887
,,,,atomName,CZ
,,,,chain,X
,,,,resID,317
,,,,resName,PHE
,,,receptorAtoms.5
,,,,atomIndex,886
,,,,atomName,CE2
,,,,chain,X
,,,,resID,317
,,,,resName,PHE
,,,receptorAtoms.6
,,,,atomIndex,884
,,,,atomName,CD2
,,,,chain,X
,,,,resID,317
,,,,resName,PHE
,piPiStackingInteractions.5
,,ligandAtoms
,,,ligandAtoms.1
,,,,atomIndex,15
,,,,atomName,C24
,,,,chain,X
,,,,resID,1
,,,,resName,UNL
,,,ligandAtoms.2
,,,,atomIndex,16
,,,,atomName,C27
,,,,chain,X
,,,,resID,1
,,,,resName,UNL
,,,ligandAtoms.3
,,,,atomIndex,18
,,,,atomName,C26
,,,,chain,X
,,,,resID,1
,,,,resName,UNL
,,,ligandAtoms.4
,,,,atomIndex,19
,,,,atomName,N6
,,,,chain,X
,,,,resID,1
,,,,resName,UNL
,,,ligandAtoms.5
,,,,atomIndex,20
,,,,atomName,C25
,,,,chain,X
,,,,resID,1
,,,,resName,UNL
,,,ligandAtoms.6
,,,,atomIndex,17
,,,,atomName,N5
,,,,chain,X
,,,,resID,1
,,,,resName,UNL
,,metrics
,,,angle,14.848481225435116
,,,distance,4.9534681341011515
,,receptorAtoms
,,,receptorAtoms.1
,,,,atomIndex,882
,,,,atomName,CG
,,,,chain,X
,,,,resID,317
,,,,resName,PHE
,,,receptorAtoms.2
,,,,atomIndex,883
,,,,atomName,CD1
,,,,chain,X
,,,,resID,317
,,,,resName,PHE
,,,receptorAtoms.3
,,,,atomIndex,885
,,,,atomName,CE1
,,,,chain,X
,,,,resID,317
,,,,resName,PHE
,,,receptorAtoms.4
,,,,atomIndex,887
,,,,atomName,CZ
,,,,chain,X
,,,,resID,317
,,,,resName,PHE
,,,receptorAtoms.5
,,,,atomIndex,886
,,,,atomName,CE2
,,,,chain,X
,,,,resID,317
,,,,resName,PHE
,,,receptorAtoms.6
,,,,atomIndex,884
,,,,atomName,CD2
,,,,chain,X
,,,,resID,317
,,,,resName,PHE
,piPiStackingInteractions.6
,,ligandAtoms
,,,ligandAtoms.1
,,,,atomIndex,16
,,,,atomName,C27
,,,,chain,X
,,,,resID,1
,,,,resName,UNL
,,,ligandAtoms.2
,,,,atomIndex,12
,,,,atomName,C22
,,,,chain,X
,,,,resID,1
,,,,resName,UNL
,,,ligandAtoms.3
,,,,atomIndex,13
,,,,atomName,C23
,,,,chain,X
,,,,resID,1
,,,,resName,UNL
,,,ligandAtoms.4
,,,,atomIndex,14
,,,,atomName,O4
,,,,chain,X
,,,,resID,1
,,,,resName,UNL
,,,ligandAtoms.5
,,,,atomIndex,15
,,,,atomName,C24
,,,,chain,X
,,,,resID,1
,,,,resName,UNL
,,metrics
,,,angle,14.947095915856892
,,,distance,5.674685713078937
,,receptorAtoms
,,,receptorAtoms.1
,,,,atomIndex,882
,,,,atomName,CG
,,,,chain,X
,,,,resID,317
,,,,resName,PHE
,,,receptorAtoms.2
,,,,atomIndex,883
,,,,atomName,CD1
,,,,chain,X
,,,,resID,317
,,,,resName,PHE
,,,receptorAtoms.3
,,,,atomIndex,885
,,,,atomName,CE1
,,,,chain,X
,,,,resID,317
,,,,resName,PHE
,,,receptorAtoms.4
,,,,atomIndex,887
,,,,atomName,CZ
,,,,chain,X
,,,,resID,317
,,,,resName,PHE
,,,receptorAtoms.5
,,,,atomIndex,886
,,,,atomName,CE2
,,,,chain,X
,,,,resID,317
,,,,resName,PHE
,,,receptorAtoms.6
,,,,atomIndex,884
,,,,atomName,CD2
,,,,chain,X
,,,,resID,317
,,,,resName,PHE
,piPiStackingInteractions.7
,,ligandAtoms
,,,ligandAtoms.1
,,,,atomIndex,16
,,,,atomName,C27
,,,,chain,X
,,,,resID,1
,,,,resName,UNL
,,,ligandAtoms.2
,,,,atomIndex,15
,,,,atomName,C24
,,,,chain,X
,,,,resID,1
,,,,resName,UNL
,,,ligandAtoms.3
,,,,atomIndex,17
,,,,atomName,N5
,,,,chain,X
,,,,resID,1
,,,,resName,UNL
,,,ligandAtoms.4
,,,,atomIndex,20
,,,,atomName,C25
,,,,chain,X
,,,,resID,1
,,,,resName,UNL
,,,ligandAtoms.5
,,,,atomIndex,19
,,,,atomName,N6
,,,,chain,X
,,,,resID,1
,,,,resName,UNL
,,,ligandAtoms.6
,,,,atomIndex,18
,,,,atomName,C26
,,,,chain,X
,,,,resID,1
,,,,resName,UNL
,,metrics
,,,angle,14.58875813486128
,,,distance,4.953468134101154
,,receptorAtoms
,,,receptorAtoms.1
,,,,atomIndex,882
,,,,atomName,CG
,,,,chain,X
,,,,resID,317
,,,,resName,PHE
,,,receptorAtoms.2
,,,,atomIndex,883
,,,,atomName,CD1
,,,,chain,X
,,,,resID,317
,,,,resName,PHE
,,,receptorAtoms.3
,,,,atomIndex,885
,,,,atomName,CE1
,,,,chain,X
,,,,resID,317
,,,,resName,PHE
,,,receptorAtoms.4
,,,,atomIndex,887
,,,,atomName,CZ
,,,,chain,X
,,,,resID,317
,,,,resName,PHE
,,,receptorAtoms.5
,,,,atomIndex,886
,,,,atomName,CE2
,,,,chain,X
,,,,resID,317
,,,,resName,PHE
,,,receptorAtoms.6
,,,,atomIndex,884
,,,,atomName,CD2
,,,,chain,X
,,,,resID,317
,,,,resName,PHE
,piPiStackingInteractions.8
,,ligandAtoms
,,,ligandAtoms.1
,,,,atomIndex,17
,,,,atomName,N5
,,,,chain,X
,,,,resID,1
,,,,resName,UNL
,,,ligandAtoms.2
,,,,atomIndex,15
,,,,atomName,C24
,,,,chain,X
,,,,resID,1
,,,,resName,UNL
,,,ligandAtoms.3
,,,,atomIndex,16
,,,,atomName,C27
,,,,chain,X
,,,,resID,1
,,,,resName,UNL
,,,ligandAtoms.4
,,,,atomIndex,18
,,,,atomName,C26
,,,,chain,X
,,,,resID,1
,,,,resName,UNL
,,,ligandAtoms.5
,,,,atomIndex,19
,,,,atomName,N6
,,,,chain,X
,,,,resID,1
,,,,resName,UNL
,,,ligandAtoms.6
,,,,atomIndex,20
,,,,atomName,C25
,,,,chain,X
,,,,resID,1
,,,,resName,UNL
,,metrics
,,,angle,14.588758134861287
,,,distance,4.953468134101154
,,receptorAtoms
,,,receptorAtoms.1
,,,,atomIndex,882
,,,,atomName,CG
,,,,chain,X
,,,,resID,317
,,,,resName,PHE
,,,receptorAtoms.2
,,,,atomIndex,883
,,,,atomName,CD1
,,,,chain,X
,,,,resID,317
,,,,resName,PHE
,,,receptorAtoms.3
,,,,atomIndex,885
,,,,atomName,CE1
,,,,chain,X
,,,,resID,317
,,,,resName,PHE
,,,receptorAtoms.4
,,,,atomIndex,887
,,,,atomName,CZ
,,,,chain,X
,,,,resID,317
,,,,resName,PHE
,,,receptorAtoms.5
,,,,atomIndex,886
,,,,atomName,CE2
,,,,chain,X
,,,,resID,317
,,,,resName,PHE
,,,receptorAtoms.6
,,,,atomIndex,884
,,,,atomName,CD2
,,,,chain,X
,,,,resID,317
,,,,resName,PHE
,piPiStackingInteractions.9
,,ligandAtoms
,,,ligandAtoms.1
,,,,atomIndex,18
,,,,atomName,C26
,,,,chain,X
,,,,resID,1
,,,,resName,UNL
,,,ligandAtoms.2
,,,,atomIndex,16
,,,,atomName,C27
,,,,chain,X
,,,,resID,1
,,,,resName,UNL
,,,ligandAtoms.3
,,,,atomIndex,15
,,,,atomName,C24
,,,,chain,X
,,,,resID,1
,,,,resName,UNL
,,,ligandAtoms.4
,,,,atomIndex,17
,,,,atomName,N5
,,,,chain,X
,,,,resID,1
,,,,resName,UNL
,,,ligandAtoms.5
,,,,atomIndex,20
,,,,atomName,C25
,,,,chain,X
,,,,resID,1
,,,,resName,UNL
,,,ligandAtoms.6
,,,,atomIndex,19
,,,,atomName,N6
,,,,chain,X
,,,,resID,1
,,,,resName,UNL
,,metrics
,,,angle,14.848481225435108
,,,distance,4.953468134101154
,,receptorAtoms
,,,receptorAtoms.1
,,,,atomIndex,882
,,,,atomName,CG
,,,,chain,X
,,,,resID,317
,,,,resName,PHE
,,,receptorAtoms.2
,,,,atomIndex,883
,,,,atomName,CD1
,,,,chain,X
,,,,resID,317
,,,,resName,PHE
,,,receptorAtoms.3
,,,,atomIndex,885
,,,,atomName,CE1
,,,,chain,X
,,,,resID,317
,,,,resName,PHE
,,,receptorAtoms.4
,,,,atomIndex,887
,,,,atomName,CZ
,,,,chain,X
,,,,resID,317
,,,,resName,PHE
,,,receptorAtoms.5
,,,,atomIndex,886
,,,,atomName,CE2
,,,,chain,X
,,,,resID,317
,,,,resName,PHE
,,,receptorAtoms.6
,,,,atomIndex,884
,,,,atomName,CD2
,,,,chain,X
,,,,resID,317
,,,,resName,PHE
,piPiStackingInteractions.10
,,ligandAtoms
,,,ligandAtoms.1
,,,,atomIndex,19
,,,,atomName,N6
,,,,chain,X
,,,,resID,1
,,,,resName,UNL
,,,ligandAtoms.2
,,,,atomIndex,18
,,,,atomName,C26
,,,,chain,X
,,,,resID,1
,,,,resName,UNL
,,,ligandAtoms.3
,,,,atomIndex,16
,,,,atomName,C27
,,,,chain,X
,,,,resID,1
,,,,resName,UNL
,,,ligandAtoms.4
,,,,atomIndex,15
,,,,atomName,C24
,,,,chain,X
,,,,resID,1
,,,,resName,UNL
,,,ligandAtoms.5
,,,,atomIndex,17
,,,,atomName,N5
,,,,chain,X
,,,,resID,1
,,,,resName,UNL
,,,ligandAtoms.6
,,,,atomIndex,20
,,,,atomName,C25
,,,,chain,X
,,,,resID,1
,,,,resName,UNL
,,metrics
,,,angle,14.58875813486128
,,,distance,4.953468134101154
,,receptorAtoms
,,,receptorAtoms.1
,,,,atomIndex,882
,,,,atomName,CG
,,,,chain,X
,,,,resID,317
,,,,resName,PHE
,,,receptorAtoms.2
,,,,atomIndex,883
,,,,atomName,CD1
,,,,chain,X
,,,,resID,317
,,,,resName,PHE
,,,receptorAtoms.3
,,,,atomIndex,885
,,,,atomName,CE1
,,,,chain,X
,,,,resID,317
,,,,resName,PHE
,,,receptorAtoms.4
,,,,atomIndex,887
,,,,atomName,CZ
,,,,chain,X
,,,,resID,317
,,,,resName,PHE
,,,receptorAtoms.5
,,,,atomIndex,886
,,,,atomName,CE2
,,,,chain,X
,,,,resID,317
,,,,resName,PHE
,,,receptorAtoms.6
,,,,atomIndex,884
,,,,atomName,CD2
,,,,chain,X
,,,,resID,317
,,,,resName,PHE
,piPiStackingInteractions.11
,,ligandAtoms
,,,ligandAtoms.1
,,,,atomIndex,20
,,,,atomName,C25
,,,,chain,X
,,,,resID,1
,,,,resName,UNL
,,,ligandAtoms.2
,,,,atomIndex,17
,,,,atomName,N5
,,,,chain,X
,,,,resID,1
,,,,resName,UNL
,,,ligandAtoms.3
,,,,atomIndex,15
,,,,atomName,C24
,,,,chain,X
,,,,resID,1
,,,,resName,UNL
,,,ligandAtoms.4
,,,,atomIndex,16
,,,,atomName,C27
,,,,chain,X
,,,,resID,1
,,,,resName,UNL
,,,ligandAtoms.5
,,,,atomIndex,18
,,,,atomName,C26
,,,,chain,X
,,,,resID,1
,,,,resName,UNL
,,,ligandAtoms.6
,,,,atomIndex,19
,,,,atomName,N6
,,,,chain,X
,,,,resID,1
,,,,resName,UNL
,,metrics
,,,angle,14.848481225435116
,,,distance,4.9534681341011515
,,receptorAtoms
,,,receptorAtoms.1
,,,,atomIndex,882
,,,,atomName,CG
,,,,chain,X
,,,,resID,317
,,,,resName,PHE
,,,receptorAtoms.2
,,,,atomIndex,883
,,,,atomName,CD1
,,,,chain,X
,,,,resID,317
,,,,resName,PHE
,,,receptorAtoms.3
,,,,atomIndex,885
,,,,atomName,CE1
,,,,chain,X
,,,,resID,317
,,,,resName,PHE
,,,receptorAtoms.4
,,,,atomIndex,887
,,,,atomName,CZ
,,,,chain,X
,,,,resID,317
,,,,resName,PHE
,,,receptorAtoms.5
,,,,atomIndex,886
,,,,atomName,CE2
,,,,chain,X
,,,,resID,317
,,,,resName,PHE
,,,receptorAtoms.6
,,,,atomIndex,884
,,,,atomName,CD2
,,,,chain,X
,,,,resID,317
,,,,resName,PHE
saltBridges,none
tStackingInteractions,none
