activeSiteFlexibility
,BACKBONE_BETA,5
,BACKBONE_OTHER,36
,SIDECHAIN_ALPHA,23
,SIDECHAIN_BETA,37
,SIDECHAIN_OTHER,72
cationPiInteractions,none
closeContacts
,closeContacts.1
,,ligandAtoms
,,,atomIndex,1
,,,atomName,C1
,,,chain,X
,,,resID,1
,,,resName,UNL
,,metrics
,,,distance,3.950932421593667
,,receptorAtoms
,,,atomIndex,590
,,,atomName,OE2
,,,chain,X
,,,resID,286
,,,resName,GLU
,closeContacts.2
,,ligandAtoms
,,,atomIndex,1
,,,atomName,C1
,,,chain,X
,,,resID,1
,,,resName,UNL
,,metrics
,,,distance,3.9914896968425215
,,receptorAtoms
,,,atomIndex,619
,,,atomName,CE
,,,chain,X
,,,resID,290
,,,resName,MET
,closeContacts.3
,,ligandAtoms
,,,atomIndex,1
,,,atomName,C1
,,,chain,X
,,,resID,1
,,,resName,UNL
,,metrics
,,,distance,3.240201691253185
,,receptorAtoms
,,,atomIndex,846
,,,atomName,CG2
,,,chain,X
,,,resID,313
,,,resName,ILE
,closeContacts.4
,,ligandAtoms
,,,atomIndex,2
,,,atomName,C2
,,,chain,X
,,,resID,1
,,,resName,UNL
,,metrics
,,,distance,3.995867615424715
,,receptorAtoms
,,,atomIndex,433
,,,atomName,CB
,,,chain,X
,,,resID,271
,,,resName,LYS
,closeContacts.5
,,ligandAtoms
,,,atomIndex,2
,,,atomName,C2
,,,chain,X
,,,resID,1
,,,resName,UNL
,,metrics
,,,distance,3.8981935559948786
,,receptorAtoms
,,,atomIndex,438
,,,atomName,H
,,,chain,X
,,,resID,271
,,,resName,LYS
,closeContacts.6
,,ligandAtoms
,,,atomIndex,3
,,,atomName,C3
,,,chain,X
,,,resID,1
,,,resName,UNL
,,metrics
,,,distance,3.8083017212400594
,,receptorAtoms
,,,atomIndex,863
,,,atomName,CG1
,,,chain,X
,,,resID,315
,,,resName,ILE
,closeContacts.7
,,ligandAtoms
,,,atomIndex,3
,,,atomName,C3
,,,chain,X
,,,resID,1
,,,resName,UNL
,,metrics
,,,distance,3.719662753530218
,,receptorAtoms
,,,atomIndex,865
,,,atomName,CD1
,,,chain,X
,,,resID,315
,,,resName,ILE
,closeContacts.8
,,ligandAtoms
,,,atomIndex,4
,,,atomName,C4
,,,chain,X
,,,resID,1
,,,resName,UNL
,,metrics
,,,distance,3.691434138651264
,,receptorAtoms
,,,atomIndex,865
,,,atomName,CD1
,,,chain,X
,,,resID,315
,,,resName,ILE
,closeContacts.9
,,ligandAtoms
,,,atomIndex,4
,,,atomName,C4
,,,chain,X
,,,resID,1
,,,resName,UNL
,,metrics
,,,distance,3.8758341037768895
,,receptorAtoms
,,,atomIndex,1532
,,,atomName,CE2
,,,chain,X
,,,resID,382
,,,resName,PHE
,closeContacts.10
,,ligandAtoms
,,,atomIndex,5
,,,atomName,C5
,,,chain,X
,,,resID,1
,,,resName,UNL
,,metrics
,,,distance,3.903389552683667
,,receptorAtoms
,,,atomIndex,590
,,,atomName,OE2
,,,chain,X
,,,resID,286
,,,resName,GLU
,closeContacts.11
,,ligandAtoms
,,,atomIndex,5
,,,atomName,C5
,,,chain,X
,,,resID,1
,,,resName,UNL
,,metrics
,,,distance,3.8293953830859513
,,receptorAtoms
,,,atomIndex,619
,,,atomName,CE
,,,chain,X
,,,resID,290
,,,resName,MET
,closeContacts.12
,,ligandAtoms
,,,atomIndex,6
,,,atomName,C6
,,,chain,X
,,,resID,1
,,,resName,UNL
,,metrics
,,,distance,3.181816305194252
,,receptorAtoms
,,,atomIndex,590
,,,atomName,OE2
,,,chain,X
,,,resID,286
,,,resName,GLU
,closeContacts.13
,,ligandAtoms
,,,atomIndex,6
,,,atomName,C6
,,,chain,X
,,,resID,1
,,,resName,UNL
,,metrics
,,,distance,3.4563240588810533
,,receptorAtoms
,,,atomIndex,618
,,,atomName,SD
,,,chain,X
,,,resID,290
,,,resName,MET
,closeContacts.14
,,ligandAtoms
,,,atomIndex,6
,,,atomName,C6
,,,chain,X
,,,resID,1
,,,resName,UNL
,,metrics
,,,distance,3.314266434672988
,,receptorAtoms
,,,atomIndex,619
,,,atomName,CE
,,,chain,X
,,,resID,290
,,,resName,MET
,closeContacts.15
,,ligandAtoms
,,,atomIndex,6
,,,atomName,C6
,,,chain,X
,,,resID,1
,,,resName,UNL
,,metrics
,,,distance,3.851643155849201
,,receptorAtoms
,,,atomIndex,846
,,,atomName,CG2
,,,chain,X
,,,resID,313
,,,resName,ILE
,closeContacts.16
,,ligandAtoms
,,,atomIndex,7
,,,atomName,C21
,,,chain,X
,,,resID,1
,,,resName,UNL
,,metrics
,,,distance,3.567144235940005
,,receptorAtoms
,,,atomIndex,419
,,,atomName,CB
,,,chain,X
,,,resID,269
,,,resName,ALA
,closeContacts.17
,,ligandAtoms
,,,atomIndex,7
,,,atomName,C21
,,,chain,X
,,,resID,1
,,,resName,UNL
,,metrics
,,,distance,3.6166376650142875
,,receptorAtoms
,,,atomIndex,863
,,,atomName,CG1
,,,chain,X
,,,resID,315
,,,resName,ILE
,closeContacts.18
,,ligandAtoms
,,,atomIndex,7
,,,atomName,C21
,,,chain,X
,,,resID,1
,,,resName,UNL
,,metrics
,,,distance,3.6271604596433282
,,receptorAtoms
,,,atomIndex,865
,,,atomName,CD1
,,,chain,X
,,,resID,315
,,,resName,ILE
,closeContacts.19
,,ligandAtoms
,,,atomIndex,7
,,,atomName,C21
,,,chain,X
,,,resID,1
,,,resName,UNL
,,metrics
,,,distance,3.8987127362759106
,,receptorAtoms
,,,atomIndex,1532
,,,atomName,CE2
,,,chain,X
,,,resID,382
,,,resName,PHE
,closeContacts.20
,,ligandAtoms
,,,atomIndex,8
,,,atomName,O4
,,,chain,X
,,,resID,1
,,,resName,UNL
,,metrics
,,,distance,3.5758962512914167
,,receptorAtoms
,,,atomIndex,416
,,,atomName,CA
,,,chain,X
,,,resID,269
,,,resName,ALA
,closeContacts.21
,,ligandAtoms
,,,atomIndex,8
,,,atomName,O4
,,,chain,X
,,,resID,1
,,,resName,UNL
,,metrics
,,,distance,3.451591661827918
,,receptorAtoms
,,,atomIndex,417
,,,atomName,C
,,,chain,X
,,,resID,269
,,,resName,ALA
,closeContacts.22
,,ligandAtoms
,,,atomIndex,8
,,,atomName,O4
,,,chain,X
,,,resID,1
,,,resName,UNL
,,metrics
,,,distance,3.5019327520670647
,,receptorAtoms
,,,atomIndex,418
,,,atomName,O
,,,chain,X
,,,resID,269
,,,resName,ALA
,closeContacts.23
,,ligandAtoms
,,,atomIndex,8
,,,atomName,O4
,,,chain,X
,,,resID,1
,,,resName,UNL
,,metrics
,,,distance,2.5410123966639744
,,receptorAtoms
,,,atomIndex,419
,,,atomName,CB
,,,chain,X
,,,resID,269
,,,resName,ALA
,closeContacts.24
,,ligandAtoms
,,,atomIndex,8
,,,atomName,O4
,,,chain,X
,,,resID,1
,,,resName,UNL
,,metrics
,,,distance,3.275641921822347
,,receptorAtoms
,,,atomIndex,863
,,,atomName,CG1
,,,chain,X
,,,resID,315
,,,resName,ILE
,closeContacts.25
,,ligandAtoms
,,,atomIndex,8
,,,atomName,O4
,,,chain,X
,,,resID,1
,,,resName,UNL
,,metrics
,,,distance,3.77821690748427
,,receptorAtoms
,,,atomIndex,865
,,,atomName,CD1
,,,chain,X
,,,resID,315
,,,resName,ILE
,closeContacts.26
,,ligandAtoms
,,,atomIndex,8
,,,atomName,O4
,,,chain,X
,,,resID,1
,,,resName,UNL
,,metrics
,,,distance,3.8836645066225794
,,receptorAtoms
,,,atomIndex,866
,,,atomName,H
,,,chain,X
,,,resID,315
,,,resName,ILE
,closeContacts.27
,,ligandAtoms
,,,atomIndex,9
,,,atomName,N3
,,,chain,X
,,,resID,1
,,,resName,UNL
,,metrics
,,,distance,2.8579387677135415
,,receptorAtoms
,,,atomIndex,1532
,,,atomName,CE2
,,,chain,X
,,,resID,382
,,,resName,PHE
,closeContacts.28
,,ligandAtoms
,,,atomIndex,9
,,,atomName,N3
,,,chain,X
,,,resID,1
,,,resName,UNL
,,metrics
,,,distance,3.170253302182651
,,receptorAtoms
,,,atomIndex,1533
,,,atomName,CZ
,,,chain,X
,,,resID,382
,,,resName,PHE
,closeContacts.29
,,ligandAtoms
,,,atomIndex,10
,,,atomName,H41
,,,chain,X
,,,resID,1
,,,resName,UNL
,,metrics
,,,distance,3.3913103662153956
,,receptorAtoms
,,,atomIndex,1530
,,,atomName,CD2
,,,chain,X
,,,resID,382
,,,resName,PHE
,closeContacts.30
,,ligandAtoms
,,,atomIndex,10
,,,atomName,H41
,,,chain,X
,,,resID,1
,,,resName,UNL
,,metrics
,,,distance,3.6948036483688815
,,receptorAtoms
,,,atomIndex,1531
,,,atomName,CE1
,,,chain,X
,,,resID,382
,,,resName,PHE
,closeContacts.31
,,ligandAtoms
,,,atomIndex,10
,,,atomName,H41
,,,chain,X
,,,resID,1
,,,resName,UNL
,,metrics
,,,distance,2.1652683436470403
,,receptorAtoms
,,,atomIndex,1532
,,,atomName,CE2
,,,chain,X
,,,resID,382
,,,resName,PHE
,closeContacts.32
,,ligandAtoms
,,,atomIndex,10
,,,atomName,H41
,,,chain,X
,,,resID,1
,,,resName,UNL
,,metrics
,,,distance,2.3766709911134103
,,receptorAtoms
,,,atomIndex,1533
,,,atomName,CZ
,,,chain,X
,,,resID,382
,,,resName,PHE
,closeContacts.33
,,ligandAtoms
,,,atomIndex,11
,,,atomName,C22
,,,chain,X
,,,resID,1
,,,resName,UNL
,,metrics
,,,distance,3.7187968484444
,,receptorAtoms
,,,atomIndex,419
,,,atomName,CB
,,,chain,X
,,,resID,269
,,,resName,ALA
,closeContacts.34
,,ligandAtoms
,,,atomIndex,11
,,,atomName,C22
,,,chain,X
,,,resID,1
,,,resName,UNL
,,metrics
,,,distance,3.2718913490517973
,,receptorAtoms
,,,atomIndex,1532
,,,atomName,CE2
,,,chain,X
,,,resID,382
,,,resName,PHE
,closeContacts.35
,,ligandAtoms
,,,atomIndex,11
,,,atomName,C22
,,,chain,X
,,,resID,1
,,,resName,UNL
,,metrics
,,,distance,3.342833678183825
,,receptorAtoms
,,,atomIndex,1533
,,,atomName,CZ
,,,chain,X
,,,resID,382
,,,resName,PHE
,closeContacts.36
,,ligandAtoms
,,,atomIndex,12
,,,atomName,C23
,,,chain,X
,,,resID,1
,,,resName,UNL
,,metrics
,,,distance,3.8563550147775554
,,receptorAtoms
,,,atomIndex,286
,,,atomName,CG2
,,,chain,X
,,,resID,256
,,,resName,VAL
,closeContacts.37
,,ligandAtoms
,,,atomIndex,12
,,,atomName,C23
,,,chain,X
,,,resID,1
,,,resName,UNL
,,metrics
,,,distance,3.2136301902988125
,,receptorAtoms
,,,atomIndex,1532
,,,atomName,CE2
,,,chain,X
,,,resID,382
,,,resName,PHE
,closeContacts.38
,,ligandAtoms
,,,atomIndex,12
,,,atomName,C23
,,,chain,X
,,,resID,1
,,,resName,UNL
,,metrics
,,,distance,3.5565872687170197
,,receptorAtoms
,,,atomIndex,1533
,,,atomName,CZ
,,,chain,X
,,,resID,382
,,,resName,PHE
,closeContacts.39
,,ligandAtoms
,,,atomIndex,13
,,,atomName,C24
,,,chain,X
,,,resID,1
,,,resName,UNL
,,metrics
,,,distance,3.833531270252012
,,receptorAtoms
,,,atomIndex,219
,,,atomName,CB
,,,chain,X
,,,resID,248
,,,resName,LEU
,closeContacts.40
,,ligandAtoms
,,,atomIndex,13
,,,atomName,C24
,,,chain,X
,,,resID,1
,,,resName,UNL
,,metrics
,,,distance,3.3260680991224456
,,receptorAtoms
,,,atomIndex,221
,,,atomName,CD1
,,,chain,X
,,,resID,248
,,,resName,LEU
,closeContacts.41
,,ligandAtoms
,,,atomIndex,14
,,,atomName,C25
,,,chain,X
,,,resID,1
,,,resName,UNL
,,metrics
,,,distance,3.4342705193388587
,,receptorAtoms
,,,atomIndex,221
,,,atomName,CD1
,,,chain,X
,,,resID,248
,,,resName,LEU
,closeContacts.42
,,ligandAtoms
,,,atomIndex,15
,,,atomName,C26
,,,chain,X
,,,resID,1
,,,resName,UNL
,,metrics
,,,distance,3.4188737911774387
,,receptorAtoms
,,,atomIndex,897
,,,atomName,H
,,,chain,X
,,,resID,318
,,,resName,MET
,closeContacts.43
,,ligandAtoms
,,,atomIndex,15
,,,atomName,C26
,,,chain,X
,,,resID,1
,,,resName,UNL
,,metrics
,,,distance,3.8233850185405087
,,receptorAtoms
,,,atomIndex,1421
,,,atomName,CD2
,,,chain,X
,,,resID,370
,,,resName,LEU
,closeContacts.44
,,ligandAtoms
,,,atomIndex,16
,,,atomName,C27
,,,chain,X
,,,resID,1
,,,resName,UNL
,,metrics
,,,distance,3.660594760418039
,,receptorAtoms
,,,atomIndex,419
,,,atomName,CB
,,,chain,X
,,,resID,269
,,,resName,ALA
,closeContacts.45
,,ligandAtoms
,,,atomIndex,16
,,,atomName,C27
,,,chain,X
,,,resID,1
,,,resName,UNL
,,metrics
,,,distance,3.8965084370497625
,,receptorAtoms
,,,atomIndex,897
,,,atomName,H
,,,chain,X
,,,resID,318
,,,resName,MET
,closeContacts.46
,,ligandAtoms
,,,atomIndex,16
,,,atomName,C27
,,,chain,X
,,,resID,1
,,,resName,UNL
,,metrics
,,,distance,3.7931457920834
,,receptorAtoms
,,,atomIndex,1420
,,,atomName,CD1
,,,chain,X
,,,resID,370
,,,resName,LEU
,closeContacts.47
,,ligandAtoms
,,,atomIndex,16
,,,atomName,C27
,,,chain,X
,,,resID,1
,,,resName,UNL
,,metrics
,,,distance,3.7886384097720387
,,receptorAtoms
,,,atomIndex,1421
,,,atomName,CD2
,,,chain,X
,,,resID,370
,,,resName,LEU
,closeContacts.48
,,ligandAtoms
,,,atomIndex,17
,,,atomName,C28
,,,chain,X
,,,resID,1
,,,resName,UNL
,,metrics
,,,distance,3.9801695943766013
,,receptorAtoms
,,,atomIndex,219
,,,atomName,CB
,,,chain,X
,,,resID,248
,,,resName,LEU
,closeContacts.49
,,ligandAtoms
,,,atomIndex,17
,,,atomName,C28
,,,chain,X
,,,resID,1
,,,resName,UNL
,,metrics
,,,distance,3.4526017725767333
,,receptorAtoms
,,,atomIndex,221
,,,atomName,CD1
,,,chain,X
,,,resID,248
,,,resName,LEU
,closeContacts.50
,,ligandAtoms
,,,atomIndex,17
,,,atomName,C28
,,,chain,X
,,,resID,1
,,,resName,UNL
,,metrics
,,,distance,3.955579097932439
,,receptorAtoms
,,,atomIndex,885
,,,atomName,CE1
,,,chain,X
,,,resID,317
,,,resName,PHE
,closeContacts.51
,,ligandAtoms
,,,atomIndex,18
,,,atomName,O5
,,,chain,X
,,,resID,1
,,,resName,UNL
,,metrics
,,,distance,3.656294025375967
,,receptorAtoms
,,,atomIndex,219
,,,atomName,CB
,,,chain,X
,,,resID,248
,,,resName,LEU
,closeContacts.52
,,ligandAtoms
,,,atomIndex,18
,,,atomName,O5
,,,chain,X
,,,resID,1
,,,resName,UNL
,,metrics
,,,distance,3.3008111124388804
,,receptorAtoms
,,,atomIndex,220
,,,atomName,CG
,,,chain,X
,,,resID,248
,,,resName,LEU
,closeContacts.53
,,ligandAtoms
,,,atomIndex,18
,,,atomName,O5
,,,chain,X
,,,resID,1
,,,resName,UNL
,,metrics
,,,distance,2.8386258999734344
,,receptorAtoms
,,,atomIndex,221
,,,atomName,CD1
,,,chain,X
,,,resID,248
,,,resName,LEU
,closeContacts.54
,,ligandAtoms
,,,atomIndex,18
,,,atomName,O5
,,,chain,X
,,,resID,1
,,,resName,UNL
,,metrics
,,,distance,3.0119013928082046
,,receptorAtoms
,,,atomIndex,222
,,,atomName,CD2
,,,chain,X
,,,resID,248
,,,resName,LEU
,closeContacts.55
,,ligandAtoms
,,,atomIndex,18
,,,atomName,O5
,,,chain,X
,,,resID,1
,,,resName,UNL
,,metrics
,,,distance,3.737300763920399
,,receptorAtoms
,,,atomIndex,883
,,,atomName,CD1
,,,chain,X
,,,resID,317
,,,resName,PHE
,closeContacts.56
,,ligandAtoms
,,,atomIndex,18
,,,atomName,O5
,,,chain,X
,,,resID,1
,,,resName,UNL
,,metrics
,,,distance,2.9159993141288636
,,receptorAtoms
,,,atomIndex,885
,,,atomName,CE1
,,,chain,X
,,,resID,317
,,,resName,PHE
,closeContacts.57
,,ligandAtoms
,,,atomIndex,18
,,,atomName,O5
,,,chain,X
,,,resID,1
,,,resName,UNL
,,metrics
,,,distance,3.457158659940271
,,receptorAtoms
,,,atomIndex,887
,,,atomName,CZ
,,,chain,X
,,,resID,317
,,,resName,PHE
,closeContacts.58
,,ligandAtoms
,,,atomIndex,19
,,,atomName,N4
,,,chain,X
,,,resID,1
,,,resName,UNL
,,metrics
,,,distance,3.3831062649582866
,,receptorAtoms
,,,atomIndex,922
,,,atomName,CA
,,,chain,X
,,,resID,321
,,,resName,GLY
,closeContacts.59
,,ligandAtoms
,,,atomIndex,20
,,,atomName,H42
,,,chain,X
,,,resID,1
,,,resName,UNL
,,metrics
,,,distance,3.0478789346035384
,,receptorAtoms
,,,atomIndex,922
,,,atomName,CA
,,,chain,X
,,,resID,321
,,,resName,GLY
,closeContacts.60
,,ligandAtoms
,,,atomIndex,20
,,,atomName,H42
,,,chain,X
,,,resID,1
,,,resName,UNL
,,metrics
,,,distance,3.725694700321002
,,receptorAtoms
,,,atomIndex,923
,,,atomName,C
,,,chain,X
,,,resID,321
,,,resName,GLY
,closeContacts.61
,,ligandAtoms
,,,atomIndex,20
,,,atomName,H42
,,,chain,X
,,,resID,1
,,,resName,UNL
,,metrics
,,,distance,3.7433239240012344
,,receptorAtoms
,,,atomIndex,926
,,,atomName,N
,,,chain,X
,,,resID,322
,,,resName,ASN
,closeContacts.62
,,ligandAtoms
,,,atomIndex,20
,,,atomName,H42
,,,chain,X
,,,resID,1
,,,resName,UNL
,,metrics
,,,distance,3.3514704235603805
,,receptorAtoms
,,,atomIndex,934
,,,atomName,H
,,,chain,X
,,,resID,322
,,,resName,ASN
,closeContacts.63
,,ligandAtoms
,,,atomIndex,20
,,,atomName,H42
,,,chain,X
,,,resID,1
,,,resName,UNL
,,metrics
,,,distance,3.9849419067283787
,,receptorAtoms
,,,atomIndex,1421
,,,atomName,CD2
,,,chain,X
,,,resID,370
,,,resName,LEU
,closeContacts.64
,,ligandAtoms
,,,atomIndex,21
,,,atomName,C29
,,,chain,X
,,,resID,1
,,,resName,UNL
,,metrics
,,,distance,3.9528940031323887
,,receptorAtoms
,,,atomIndex,921
,,,atomName,N
,,,chain,X
,,,resID,321
,,,resName,GLY
,closeContacts.65
,,ligandAtoms
,,,atomIndex,21
,,,atomName,C29
,,,chain,X
,,,resID,1
,,,resName,UNL
,,metrics
,,,distance,3.1954204731146105
,,receptorAtoms
,,,atomIndex,922
,,,atomName,CA
,,,chain,X
,,,resID,321
,,,resName,GLY
,closeContacts.66
,,ligandAtoms
,,,atomIndex,21
,,,atomName,C29
,,,chain,X
,,,resID,1
,,,resName,UNL
,,metrics
,,,distance,3.996034784633387
,,receptorAtoms
,,,atomIndex,934
,,,atomName,H
,,,chain,X
,,,resID,322
,,,resName,ASN
,closeContacts.67
,,ligandAtoms
,,,atomIndex,22
,,,atomName,C30
,,,chain,X
,,,resID,1
,,,resName,UNL
,,metrics
,,,distance,3.465450475767905
,,receptorAtoms
,,,atomIndex,922
,,,atomName,CA
,,,chain,X
,,,resID,321
,,,resName,GLY
,closeContacts.68
,,ligandAtoms
,,,atomIndex,22
,,,atomName,C30
,,,chain,X
,,,resID,1
,,,resName,UNL
,,metrics
,,,distance,3.3215576165407703
,,receptorAtoms
,,,atomIndex,934
,,,atomName,H
,,,chain,X
,,,resID,322
,,,resName,ASN
,closeContacts.69
,,ligandAtoms
,,,atomIndex,22
,,,atomName,C30
,,,chain,X
,,,resID,1
,,,resName,UNL
,,metrics
,,,distance,3.7665015598032077
,,receptorAtoms
,,,atomIndex,9351
,,,atomName,1HD2
,,,chain,X
,,,resID,322
,,,resName,ASN
,closeContacts.70
,,ligandAtoms
,,,atomIndex,23
,,,atomName,C31
,,,chain,X
,,,resID,1
,,,resName,UNL
,,metrics
,,,distance,3.7609446951530674
,,receptorAtoms
,,,atomIndex,224
,,,atomName,N
,,,chain,X
,,,resID,249
,,,resName,GLY
,closeContacts.71
,,ligandAtoms
,,,atomIndex,23
,,,atomName,C31
,,,chain,X
,,,resID,1
,,,resName,UNL
,,metrics
,,,distance,3.8232245552674504
,,receptorAtoms
,,,atomIndex,225
,,,atomName,CA
,,,chain,X
,,,resID,249
,,,resName,GLY
,closeContacts.72
,,ligandAtoms
,,,atomIndex,23
,,,atomName,C31
,,,chain,X
,,,resID,1
,,,resName,UNL
,,metrics
,,,distance,3.3121704364359026
,,receptorAtoms
,,,atomIndex,228
,,,atomName,H
,,,chain,X
,,,resID,249
,,,resName,GLY
,closeContacts.73
,,ligandAtoms
,,,atomIndex,23
,,,atomName,C31
,,,chain,X
,,,resID,1
,,,resName,UNL
,,metrics
,,,distance,3.876069916810067
,,receptorAtoms
,,,atomIndex,9351
,,,atomName,1HD2
,,,chain,X
,,,resID,322
,,,resName,ASN
,closeContacts.74
,,ligandAtoms
,,,atomIndex,24
,,,atomName,C32
,,,chain,X
,,,resID,1
,,,resName,UNL
,,metrics
,,,distance,3.5569662635453825
,,receptorAtoms
,,,atomIndex,225
,,,atomName,CA
,,,chain,X
,,,resID,249
,,,resName,GLY
,closeContacts.75
,,ligandAtoms
,,,atomIndex,24
,,,atomName,C32
,,,chain,X
,,,resID,1
,,,resName,UNL
,,metrics
,,,distance,3.7905321526139306
,,receptorAtoms
,,,atomIndex,228
,,,atomName,H
,,,chain,X
,,,resID,249
,,,resName,GLY
,closeContacts.76
,,ligandAtoms
,,,atomIndex,24
,,,atomName,C32
,,,chain,X
,,,resID,1
,,,resName,UNL
,,metrics
,,,distance,3.8682859253162767
,,receptorAtoms
,,,atomIndex,932
,,,atomName,ND2
,,,chain,X
,,,resID,322
,,,resName,ASN
,closeContacts.77
,,ligandAtoms
,,,atomIndex,24
,,,atomName,C32
,,,chain,X
,,,resID,1
,,,resName,UNL
,,metrics
,,,distance,3.13934467683942
,,receptorAtoms
,,,atomIndex,9351
,,,atomName,1HD2
,,,chain,X
,,,resID,322
,,,resName,ASN
,closeContacts.78
,,ligandAtoms
,,,atomIndex,24
,,,atomName,C32
,,,chain,X
,,,resID,1
,,,resName,UNL
,,metrics
,,,distance,3.8720439047097597
,,receptorAtoms
,,,atomIndex,9362
,,,atomName,2HD2
,,,chain,X
,,,resID,322
,,,resName,ASN
,closeContacts.79
,,ligandAtoms
,,,atomIndex,25
,,,atomName,C33
,,,chain,X
,,,resID,1
,,,resName,UNL
,,metrics
,,,distance,3.672360684900109
,,receptorAtoms
,,,atomIndex,225
,,,atomName,CA
,,,chain,X
,,,resID,249
,,,resName,GLY
,closeContacts.80
,,ligandAtoms
,,,atomIndex,25
,,,atomName,C33
,,,chain,X
,,,resID,1
,,,resName,UNL
,,metrics
,,,distance,3.805025361282104
,,receptorAtoms
,,,atomIndex,257
,,,atomName,CD1
,,,chain,X
,,,resID,253
,,,resName,TYR
,closeContacts.81
,,ligandAtoms
,,,atomIndex,25
,,,atomName,C33
,,,chain,X
,,,resID,1
,,,resName,UNL
,,metrics
,,,distance,3.6833900146468324
,,receptorAtoms
,,,atomIndex,259
,,,atomName,CE1
,,,chain,X
,,,resID,253
,,,resName,TYR
,closeContacts.82
,,ligandAtoms
,,,atomIndex,25
,,,atomName,C33
,,,chain,X
,,,resID,1
,,,resName,UNL
,,metrics
,,,distance,3.080701868081363
,,receptorAtoms
,,,atomIndex,932
,,,atomName,ND2
,,,chain,X
,,,resID,322
,,,resName,ASN
,closeContacts.83
,,ligandAtoms
,,,atomIndex,25
,,,atomName,C33
,,,chain,X
,,,resID,1
,,,resName,UNL
,,metrics
,,,distance,2.3148202954009194
,,receptorAtoms
,,,atomIndex,9351
,,,atomName,1HD2
,,,chain,X
,,,resID,322
,,,resName,ASN
,closeContacts.84
,,ligandAtoms
,,,atomIndex,25
,,,atomName,C33
,,,chain,X
,,,resID,1
,,,resName,UNL
,,metrics
,,,distance,3.2022898057483804
,,receptorAtoms
,,,atomIndex,9362
,,,atomName,2HD2
,,,chain,X
,,,resID,322
,,,resName,ASN
,closeContacts.85
,,ligandAtoms
,,,atomIndex,26
,,,atomName,C34
,,,chain,X
,,,resID,1
,,,resName,UNL
,,metrics
,,,distance,3.964703645923615
,,receptorAtoms
,,,atomIndex,225
,,,atomName,CA
,,,chain,X
,,,resID,249
,,,resName,GLY
,closeContacts.86
,,ligandAtoms
,,,atomIndex,26
,,,atomName,C34
,,,chain,X
,,,resID,1
,,,resName,UNL
,,metrics
,,,distance,3.717886496384739
,,receptorAtoms
,,,atomIndex,256
,,,atomName,CG
,,,chain,X
,,,resID,253
,,,resName,TYR
,closeContacts.87
,,ligandAtoms
,,,atomIndex,26
,,,atomName,C34
,,,chain,X
,,,resID,1
,,,resName,UNL
,,metrics
,,,distance,3.6142509597425576
,,receptorAtoms
,,,atomIndex,257
,,,atomName,CD1
,,,chain,X
,,,resID,253
,,,resName,TYR
,closeContacts.88
,,ligandAtoms
,,,atomIndex,26
,,,atomName,C34
,,,chain,X
,,,resID,1
,,,resName,UNL
,,metrics
,,,distance,3.9098236533122557
,,receptorAtoms
,,,atomIndex,258
,,,atomName,CD2
,,,chain,X
,,,resID,253
,,,resName,TYR
,closeContacts.89
,,ligandAtoms
,,,atomIndex,26
,,,atomName,C34
,,,chain,X
,,,resID,1
,,,resName,UNL
,,metrics
,,,distance,3.7429862409578787
,,receptorAtoms
,,,atomIndex,259
,,,atomName,CE1
,,,chain,X
,,,resID,253
,,,resName,TYR
,closeContacts.90
,,ligandAtoms
,,,atomIndex,26
,,,atomName,C34
,,,chain,X
,,,resID,1
,,,resName,UNL
,,metrics
,,,distance,3.9464931268152474
,,receptorAtoms
,,,atomIndex,261
,,,atomName,CZ
,,,chain,X
,,,resID,253
,,,resName,TYR
,closeContacts.91
,,ligandAtoms
,,,atomIndex,26
,,,atomName,C34
,,,chain,X
,,,resID,1
,,,resName,UNL
,,metrics
,,,distance,3.657584722190314
,,receptorAtoms
,,,atomIndex,932
,,,atomName,ND2
,,,chain,X
,,,resID,322
,,,resName,ASN
,closeContacts.92
,,ligandAtoms
,,,atomIndex,26
,,,atomName,C34
,,,chain,X
,,,resID,1
,,,resName,UNL
,,metrics
,,,distance,3.8592364529787497
,,receptorAtoms
,,,atomIndex,934
,,,atomName,H
,,,chain,X
,,,resID,322
,,,resName,ASN
,closeContacts.93
,,ligandAtoms
,,,atomIndex,26
,,,atomName,C34
,,,chain,X
,,,resID,1
,,,resName,UNL
,,metrics
,,,distance,2.718470341938643
,,receptorAtoms
,,,atomIndex,9351
,,,atomName,1HD2
,,,chain,X
,,,resID,322
,,,resName,ASN
,closeContacts.94
,,ligandAtoms
,,,atomIndex,27
,,,atomName,O6
,,,chain,X
,,,resID,1
,,,resName,UNL
,,metrics
,,,distance,3.3654130504293223
,,receptorAtoms
,,,atomIndex,926
,,,atomName,N
,,,chain,X
,,,resID,322
,,,resName,ASN
,closeContacts.95
,,ligandAtoms
,,,atomIndex,27
,,,atomName,O6
,,,chain,X
,,,resID,1
,,,resName,UNL
,,metrics
,,,distance,3.5405337168285795
,,receptorAtoms
,,,atomIndex,930
,,,atomName,CB
,,,chain,X
,,,resID,322
,,,resName,ASN
,closeContacts.96
,,ligandAtoms
,,,atomIndex,27
,,,atomName,O6
,,,chain,X
,,,resID,1
,,,resName,UNL
,,metrics
,,,distance,3.9200665810672146
,,receptorAtoms
,,,atomIndex,931
,,,atomName,CG
,,,chain,X
,,,resID,322
,,,resName,ASN
,closeContacts.97
,,ligandAtoms
,,,atomIndex,27
,,,atomName,O6
,,,chain,X
,,,resID,1
,,,resName,UNL
,,metrics
,,,distance,3.2860135422727645
,,receptorAtoms
,,,atomIndex,932
,,,atomName,ND2
,,,chain,X
,,,resID,322
,,,resName,ASN
,closeContacts.98
,,ligandAtoms
,,,atomIndex,27
,,,atomName,O6
,,,chain,X
,,,resID,1
,,,resName,UNL
,,metrics
,,,distance,2.6430809673560884
,,receptorAtoms
,,,atomIndex,934
,,,atomName,H
,,,chain,X
,,,resID,322
,,,resName,ASN
,closeContacts.99
,,ligandAtoms
,,,atomIndex,27
,,,atomName,O6
,,,chain,X
,,,resID,1
,,,resName,UNL
,,metrics
,,,distance,2.320242659723332
,,receptorAtoms
,,,atomIndex,9351
,,,atomName,1HD2
,,,chain,X
,,,resID,322
,,,resName,ASN
,closeContacts.100
,,ligandAtoms
,,,atomIndex,28
,,,atomName,H38
,,,chain,X
,,,resID,1
,,,resName,UNL
,,metrics
,,,distance,3.7642430846054555
,,receptorAtoms
,,,atomIndex,258
,,,atomName,CD2
,,,chain,X
,,,resID,253
,,,resName,TYR
,closeContacts.101
,,ligandAtoms
,,,atomIndex,28
,,,atomName,H38
,,,chain,X
,,,resID,1
,,,resName,UNL
,,metrics
,,,distance,3.512899229980843
,,receptorAtoms
,,,atomIndex,260
,,,atomName,CE2
,,,chain,X
,,,resID,253
,,,resName,TYR
,closeContacts.102
,,ligandAtoms
,,,atomIndex,28
,,,atomName,H38
,,,chain,X
,,,resID,1
,,,resName,UNL
,,metrics
,,,distance,3.7835172789350375
,,receptorAtoms
,,,atomIndex,261
,,,atomName,CZ
,,,chain,X
,,,resID,253
,,,resName,TYR
,closeContacts.103
,,ligandAtoms
,,,atomIndex,28
,,,atomName,H38
,,,chain,X
,,,resID,1
,,,resName,UNL
,,metrics
,,,distance,3.3858891003693548
,,receptorAtoms
,,,atomIndex,926
,,,atomName,N
,,,chain,X
,,,resID,322
,,,resName,ASN
,closeContacts.104
,,ligandAtoms
,,,atomIndex,28
,,,atomName,H38
,,,chain,X
,,,resID,1
,,,resName,UNL
,,metrics
,,,distance,3.7532680426529628
,,receptorAtoms
,,,atomIndex,927
,,,atomName,CA
,,,chain,X
,,,resID,322
,,,resName,ASN
,closeContacts.105
,,ligandAtoms
,,,atomIndex,28
,,,atomName,H38
,,,chain,X
,,,resID,1
,,,resName,UNL
,,metrics
,,,distance,3.1098081934421615
,,receptorAtoms
,,,atomIndex,930
,,,atomName,CB
,,,chain,X
,,,resID,322
,,,resName,ASN
,closeContacts.106
,,ligandAtoms
,,,atomIndex,28
,,,atomName,H38
,,,chain,X
,,,resID,1
,,,resName,UNL
,,metrics
,,,distance,3.7685363206422733
,,receptorAtoms
,,,atomIndex,931
,,,atomName,CG
,,,chain,X
,,,resID,322
,,,resName,ASN
,closeContacts.107
,,ligandAtoms
,,,atomIndex,28
,,,atomName,H38
,,,chain,X
,,,resID,1
,,,resName,UNL
,,metrics
,,,distance,3.4320083041857576
,,receptorAtoms
,,,atomIndex,932
,,,atomName,ND2
,,,chain,X
,,,resID,322
,,,resName,ASN
,closeContacts.108
,,ligandAtoms
,,,atomIndex,28
,,,atomName,H38
,,,chain,X
,,,resID,1
,,,resName,UNL
,,metrics
,,,distance,2.8882037670496863
,,receptorAtoms
,,,atomIndex,934
,,,atomName,H
,,,chain,X
,,,resID,322
,,,resName,ASN
,closeContacts.109
,,ligandAtoms
,,,atomIndex,28
,,,atomName,H38
,,,chain,X
,,,resID,1
,,,resName,UNL
,,metrics
,,,distance,2.6051959619191805
,,receptorAtoms
,,,atomIndex,9351
,,,atomName,1HD2
,,,chain,X
,,,resID,322
,,,resName,ASN
,closeContacts.110
,,ligandAtoms
,,,atomIndex,29
,,,atomName,C7
,,,chain,X
,,,resID,1
,,,resName,UNL
,,metrics
,,,distance,3.996394875384562
,,receptorAtoms
,,,atomIndex,619
,,,atomName,CE
,,,chain,X
,,,resID,290
,,,resName,MET
,closeContacts.111
,,ligandAtoms
,,,atomIndex,29
,,,atomName,C7
,,,chain,X
,,,resID,1
,,,resName,UNL
,,metrics
,,,distance,3.689663128254394
,,receptorAtoms
,,,atomIndex,711
,,,atomName,CG2
,,,chain,X
,,,resID,299
,,,resName,VAL
,closeContacts.112
,,ligandAtoms
,,,atomIndex,29
,,,atomName,C7
,,,chain,X
,,,resID,1
,,,resName,UNL
,,metrics
,,,distance,3.912568721441197
,,receptorAtoms
,,,atomIndex,1514
,,,atomName,N
,,,chain,X
,,,resID,381
,,,resName,ASP
,closeContacts.113
,,ligandAtoms
,,,atomIndex,29
,,,atomName,C7
,,,chain,X
,,,resID,1
,,,resName,UNL
,,metrics
,,,distance,3.50131218259669
,,receptorAtoms
,,,atomIndex,1517
,,,atomName,O
,,,chain,X
,,,resID,381
,,,resName,ASP
,closeContacts.114
,,ligandAtoms
,,,atomIndex,29
,,,atomName,C7
,,,chain,X
,,,resID,1
,,,resName,UNL
,,metrics
,,,distance,2.957680848232277
,,receptorAtoms
,,,atomIndex,1522
,,,atomName,H
,,,chain,X
,,,resID,381
,,,resName,ASP
,closeContacts.115
,,ligandAtoms
,,,atomIndex,30
,,,atomName,O1
,,,chain,X
,,,resID,1
,,,resName,UNL
,,metrics
,,,distance,3.59868503762138
,,receptorAtoms
,,,atomIndex,710
,,,atomName,CG1
,,,chain,X
,,,resID,299
,,,resName,VAL
,closeContacts.116
,,ligandAtoms
,,,atomIndex,30
,,,atomName,O1
,,,chain,X
,,,resID,1
,,,resName,UNL
,,metrics
,,,distance,3.4781010623614725
,,receptorAtoms
,,,atomIndex,711
,,,atomName,CG2
,,,chain,X
,,,resID,299
,,,resName,VAL
,closeContacts.117
,,ligandAtoms
,,,atomIndex,30
,,,atomName,O1
,,,chain,X
,,,resID,1
,,,resName,UNL
,,metrics
,,,distance,3.4907987624611065
,,receptorAtoms
,,,atomIndex,1509
,,,atomName,CA
,,,chain,X
,,,resID,380
,,,resName,ALA
,closeContacts.118
,,ligandAtoms
,,,atomIndex,30
,,,atomName,O1
,,,chain,X
,,,resID,1
,,,resName,UNL
,,metrics
,,,distance,3.830949360145602
,,receptorAtoms
,,,atomIndex,1510
,,,atomName,C
,,,chain,X
,,,resID,380
,,,resName,ALA
,closeContacts.119
,,ligandAtoms
,,,atomIndex,30
,,,atomName,O1
,,,chain,X
,,,resID,1
,,,resName,UNL
,,metrics
,,,distance,3.0428613179045785
,,receptorAtoms
,,,atomIndex,1512
,,,atomName,CB
,,,chain,X
,,,resID,380
,,,resName,ALA
,closeContacts.120
,,ligandAtoms
,,,atomIndex,30
,,,atomName,O1
,,,chain,X
,,,resID,1
,,,resName,UNL
,,metrics
,,,distance,3.197892274608386
,,receptorAtoms
,,,atomIndex,1514
,,,atomName,N
,,,chain,X
,,,resID,381
,,,resName,ASP
,closeContacts.121
,,ligandAtoms
,,,atomIndex,30
,,,atomName,O1
,,,chain,X
,,,resID,1
,,,resName,UNL
,,metrics
,,,distance,3.5412034677493476
,,receptorAtoms
,,,atomIndex,1517
,,,atomName,O
,,,chain,X
,,,resID,381
,,,resName,ASP
,closeContacts.122
,,ligandAtoms
,,,atomIndex,30
,,,atomName,O1
,,,chain,X
,,,resID,1
,,,resName,UNL
,,metrics
,,,distance,2.2367952521408836
,,receptorAtoms
,,,atomIndex,1522
,,,atomName,H
,,,chain,X
,,,resID,381
,,,resName,ASP
,closeContacts.123
,,ligandAtoms
,,,atomIndex,31
,,,atomName,N1
,,,chain,X
,,,resID,1
,,,resName,UNL
,,metrics
,,,distance,3.259624518253598
,,receptorAtoms
,,,atomIndex,590
,,,atomName,OE2
,,,chain,X
,,,resID,286
,,,resName,GLU
,closeContacts.124
,,ligandAtoms
,,,atomIndex,31
,,,atomName,N1
,,,chain,X
,,,resID,1
,,,resName,UNL
,,metrics
,,,distance,3.516266628115679
,,receptorAtoms
,,,atomIndex,618
,,,atomName,SD
,,,chain,X
,,,resID,290
,,,resName,MET
,closeContacts.125
,,ligandAtoms
,,,atomIndex,31
,,,atomName,N1
,,,chain,X
,,,resID,1
,,,resName,UNL
,,metrics
,,,distance,3.675953889808739
,,receptorAtoms
,,,atomIndex,619
,,,atomName,CE
,,,chain,X
,,,resID,290
,,,resName,MET
,closeContacts.126
,,ligandAtoms
,,,atomIndex,31
,,,atomName,N1
,,,chain,X
,,,resID,1
,,,resName,UNL
,,metrics
,,,distance,3.973580375429695
,,receptorAtoms
,,,atomIndex,711
,,,atomName,CG2
,,,chain,X
,,,resID,299
,,,resName,VAL
,closeContacts.127
,,ligandAtoms
,,,atomIndex,31
,,,atomName,N1
,,,chain,X
,,,resID,1
,,,resName,UNL
,,metrics
,,,distance,3.5191319952511013
,,receptorAtoms
,,,atomIndex,1517
,,,atomName,O
,,,chain,X
,,,resID,381
,,,resName,ASP
,closeContacts.128
,,ligandAtoms
,,,atomIndex,31
,,,atomName,N1
,,,chain,X
,,,resID,1
,,,resName,UNL
,,metrics
,,,distance,3.35567295784318
,,receptorAtoms
,,,atomIndex,1522
,,,atomName,H
,,,chain,X
,,,resID,381
,,,resName,ASP
,closeContacts.129
,,ligandAtoms
,,,atomIndex,32
,,,atomName,H39
,,,chain,X
,,,resID,1
,,,resName,UNL
,,metrics
,,,distance,3.7933168863146665
,,receptorAtoms
,,,atomIndex,587
,,,atomName,CG
,,,chain,X
,,,resID,286
,,,resName,GLU
,closeContacts.130
,,ligandAtoms
,,,atomIndex,32
,,,atomName,H39
,,,chain,X
,,,resID,1
,,,resName,UNL
,,metrics
,,,distance,3.4544375808516206
,,receptorAtoms
,,,atomIndex,588
,,,atomName,CD
,,,chain,X
,,,resID,286
,,,resName,GLU
,closeContacts.131
,,ligandAtoms
,,,atomIndex,32
,,,atomName,H39
,,,chain,X
,,,resID,1
,,,resName,UNL
,,metrics
,,,distance,2.4095238118765288
,,receptorAtoms
,,,atomIndex,590
,,,atomName,OE2
,,,chain,X
,,,resID,286
,,,resName,GLU
,closeContacts.132
,,ligandAtoms
,,,atomIndex,32
,,,atomName,H39
,,,chain,X
,,,resID,1
,,,resName,UNL
,,metrics
,,,distance,3.824199524083439
,,receptorAtoms
,,,atomIndex,617
,,,atomName,CG
,,,chain,X
,,,resID,290
,,,resName,MET
,closeContacts.133
,,ligandAtoms
,,,atomIndex,32
,,,atomName,H39
,,,chain,X
,,,resID,1
,,,resName,UNL
,,metrics
,,,distance,2.8517934707829036
,,receptorAtoms
,,,atomIndex,618
,,,atomName,SD
,,,chain,X
,,,resID,290
,,,resName,MET
,closeContacts.134
,,ligandAtoms
,,,atomIndex,32
,,,atomName,H39
,,,chain,X
,,,resID,1
,,,resName,UNL
,,metrics
,,,distance,3.3711573680265943
,,receptorAtoms
,,,atomIndex,619
,,,atomName,CE
,,,chain,X
,,,resID,290
,,,resName,MET
,closeContacts.135
,,ligandAtoms
,,,atomIndex,32
,,,atomName,H39
,,,chain,X
,,,resID,1
,,,resName,UNL
,,metrics
,,,distance,3.893048805242493
,,receptorAtoms
,,,atomIndex,1517
,,,atomName,O
,,,chain,X
,,,resID,381
,,,resName,ASP
,closeContacts.136
,,ligandAtoms
,,,atomIndex,33
,,,atomName,C8
,,,chain,X
,,,resID,1
,,,resName,UNL
,,metrics
,,,distance,3.9908813562921157
,,receptorAtoms
,,,atomIndex,590
,,,atomName,OE2
,,,chain,X
,,,resID,286
,,,resName,GLU
,closeContacts.137
,,ligandAtoms
,,,atomIndex,33
,,,atomName,C8
,,,chain,X
,,,resID,1
,,,resName,UNL
,,metrics
,,,distance,3.733014465549256
,,receptorAtoms
,,,atomIndex,1514
,,,atomName,N
,,,chain,X
,,,resID,381
,,,resName,ASP
,closeContacts.138
,,ligandAtoms
,,,atomIndex,33
,,,atomName,C8
,,,chain,X
,,,resID,1
,,,resName,UNL
,,metrics
,,,distance,3.696252155900623
,,receptorAtoms
,,,atomIndex,1517
,,,atomName,O
,,,chain,X
,,,resID,381
,,,resName,ASP
,closeContacts.139
,,ligandAtoms
,,,atomIndex,33
,,,atomName,C8
,,,chain,X
,,,resID,1
,,,resName,UNL
,,metrics
,,,distance,3.249916152764561
,,receptorAtoms
,,,atomIndex,1522
,,,atomName,H
,,,chain,X
,,,resID,381
,,,resName,ASP
,closeContacts.140
,,ligandAtoms
,,,atomIndex,34
,,,atomName,C9
,,,chain,X
,,,resID,1
,,,resName,UNL
,,metrics
,,,distance,3.742594554583758
,,receptorAtoms
,,,atomIndex,590
,,,atomName,OE2
,,,chain,X
,,,resID,286
,,,resName,GLU
,closeContacts.141
,,ligandAtoms
,,,atomIndex,34
,,,atomName,C9
,,,chain,X
,,,resID,1
,,,resName,UNL
,,metrics
,,,distance,3.9577772802420292
,,receptorAtoms
,,,atomIndex,1514
,,,atomName,N
,,,chain,X
,,,resID,381
,,,resName,ASP
,closeContacts.142
,,ligandAtoms
,,,atomIndex,34
,,,atomName,C9
,,,chain,X
,,,resID,1
,,,resName,UNL
,,metrics
,,,distance,3.4835639796047952
,,receptorAtoms
,,,atomIndex,1517
,,,atomName,O
,,,chain,X
,,,resID,381
,,,resName,ASP
,closeContacts.143
,,ligandAtoms
,,,atomIndex,34
,,,atomName,C9
,,,chain,X
,,,resID,1
,,,resName,UNL
,,metrics
,,,distance,3.4107120957360206
,,receptorAtoms
,,,atomIndex,1518
,,,atomName,CB
,,,chain,X
,,,resID,381
,,,resName,ASP
,closeContacts.144
,,ligandAtoms
,,,atomIndex,34
,,,atomName,C9
,,,chain,X
,,,resID,1
,,,resName,UNL
,,metrics
,,,distance,3.7149886944646275
,,receptorAtoms
,,,atomIndex,1522
,,,atomName,H
,,,chain,X
,,,resID,381
,,,resName,ASP
,closeContacts.145
,,ligandAtoms
,,,atomIndex,35
,,,atomName,C10
,,,chain,X
,,,resID,1
,,,resName,UNL
,,metrics
,,,distance,3.190742390102968
,,receptorAtoms
,,,atomIndex,1518
,,,atomName,CB
,,,chain,X
,,,resID,381
,,,resName,ASP
,closeContacts.146
,,ligandAtoms
,,,atomIndex,35
,,,atomName,C10
,,,chain,X
,,,resID,1
,,,resName,UNL
,,metrics
,,,distance,3.971106898586338
,,receptorAtoms
,,,atomIndex,1519
,,,atomName,CG
,,,chain,X
,,,resID,381
,,,resName,ASP
,closeContacts.147
,,ligandAtoms
,,,atomIndex,35
,,,atomName,C10
,,,chain,X
,,,resID,1
,,,resName,UNL
,,metrics
,,,distance,3.7607771803179197
,,receptorAtoms
,,,atomIndex,1521
,,,atomName,OD2
,,,chain,X
,,,resID,381
,,,resName,ASP
,closeContacts.148
,,ligandAtoms
,,,atomIndex,36
,,,atomName,C11
,,,chain,X
,,,resID,1
,,,resName,UNL
,,metrics
,,,distance,3.687012611858006
,,receptorAtoms
,,,atomIndex,1518
,,,atomName,CB
,,,chain,X
,,,resID,381
,,,resName,ASP
,closeContacts.149
,,ligandAtoms
,,,atomIndex,38
,,,atomName,C13
,,,chain,X
,,,resID,1
,,,resName,UNL
,,metrics
,,,distance,3.2721787848465724
,,receptorAtoms
,,,atomIndex,711
,,,atomName,CG2
,,,chain,X
,,,resID,299
,,,resName,VAL
,closeContacts.150
,,ligandAtoms
,,,atomIndex,38
,,,atomName,C13
,,,chain,X
,,,resID,1
,,,resName,UNL
,,metrics
,,,distance,3.892474020465647
,,receptorAtoms
,,,atomIndex,1514
,,,atomName,N
,,,chain,X
,,,resID,381
,,,resName,ASP
,closeContacts.151
,,ligandAtoms
,,,atomIndex,38
,,,atomName,C13
,,,chain,X
,,,resID,1
,,,resName,UNL
,,metrics
,,,distance,3.565920638488748
,,receptorAtoms
,,,atomIndex,1522
,,,atomName,H
,,,chain,X
,,,resID,381
,,,resName,ASP
,closeContacts.152
,,ligandAtoms
,,,atomIndex,40
,,,atomName,O2
,,,chain,X
,,,resID,1
,,,resName,UNL
,,metrics
,,,distance,3.9115075098994767
,,receptorAtoms
,,,atomIndex,1248
,,,atomName,CD1
,,,chain,X
,,,resID,354
,,,resName,LEU
,closeContacts.153
,,ligandAtoms
,,,atomIndex,40
,,,atomName,O2
,,,chain,X
,,,resID,1
,,,resName,UNL
,,metrics
,,,distance,3.7219278606657595
,,receptorAtoms
,,,atomIndex,1325
,,,atomName,CD2
,,,chain,X
,,,resID,361
,,,resName,HIE
,closeContacts.154
,,ligandAtoms
,,,atomIndex,42
,,,atomName,H40
,,,chain,X
,,,resID,1
,,,resName,UNL
,,metrics
,,,distance,3.936737862748801
,,receptorAtoms
,,,atomIndex,1521
,,,atomName,OD2
,,,chain,X
,,,resID,381
,,,resName,ASP
,closeContacts.155
,,ligandAtoms
,,,atomIndex,43
,,,atomName,C15
,,,chain,X
,,,resID,1
,,,resName,UNL
,,metrics
,,,distance,3.8592959202424475
,,receptorAtoms
,,,atomIndex,1312
,,,atomName,C
,,,chain,X
,,,resID,360
,,,resName,ILE
,closeContacts.156
,,ligandAtoms
,,,atomIndex,43
,,,atomName,C15
,,,chain,X
,,,resID,1
,,,resName,UNL
,,metrics
,,,distance,3.106731079446691
,,receptorAtoms
,,,atomIndex,1313
,,,atomName,O
,,,chain,X
,,,resID,360
,,,resName,ILE
,closeContacts.157
,,ligandAtoms
,,,atomIndex,43
,,,atomName,C15
,,,chain,X
,,,resID,1
,,,resName,UNL
,,metrics
,,,distance,3.524133510524254
,,receptorAtoms
,,,atomIndex,1320
,,,atomName,CA
,,,chain,X
,,,resID,361
,,,resName,HIE
,closeContacts.158
,,ligandAtoms
,,,atomIndex,43
,,,atomName,C15
,,,chain,X
,,,resID,1
,,,resName,UNL
,,metrics
,,,distance,3.770679779562301
,,receptorAtoms
,,,atomIndex,1322
,,,atomName,O
,,,chain,X
,,,resID,361
,,,resName,HIE
,closeContacts.159
,,ligandAtoms
,,,atomIndex,44
,,,atomName,C16
,,,chain,X
,,,resID,1
,,,resName,UNL
,,metrics
,,,distance,3.6508486684605264
,,receptorAtoms
,,,atomIndex,1302
,,,atomName,CB
,,,chain,X
,,,resID,359
,,,resName,PHE
,closeContacts.160
,,ligandAtoms
,,,atomIndex,44
,,,atomName,C16
,,,chain,X
,,,resID,1
,,,resName,UNL
,,metrics
,,,distance,3.9429365959903535
,,receptorAtoms
,,,atomIndex,1312
,,,atomName,C
,,,chain,X
,,,resID,360
,,,resName,ILE
,closeContacts.161
,,ligandAtoms
,,,atomIndex,44
,,,atomName,C16
,,,chain,X
,,,resID,1
,,,resName,UNL
,,metrics
,,,distance,3.3268763126993464
,,receptorAtoms
,,,atomIndex,1313
,,,atomName,O
,,,chain,X
,,,resID,360
,,,resName,ILE
,closeContacts.162
,,ligandAtoms
,,,atomIndex,44
,,,atomName,C16
,,,chain,X
,,,resID,1
,,,resName,UNL
,,metrics
,,,distance,3.7360050856496425
,,receptorAtoms
,,,atomIndex,1318
,,,atomName,H
,,,chain,X
,,,resID,360
,,,resName,ILE
,closeContacts.163
,,ligandAtoms
,,,atomIndex,45
,,,atomName,C17
,,,chain,X
,,,resID,1
,,,resName,UNL
,,metrics
,,,distance,3.5739640457061115
,,receptorAtoms
,,,atomIndex,1302
,,,atomName,CB
,,,chain,X
,,,resID,359
,,,resName,PHE
,closeContacts.164
,,ligandAtoms
,,,atomIndex,45
,,,atomName,C17
,,,chain,X
,,,resID,1
,,,resName,UNL
,,metrics
,,,distance,3.863697840152617
,,receptorAtoms
,,,atomIndex,1303
,,,atomName,CG
,,,chain,X
,,,resID,359
,,,resName,PHE
,closeContacts.165
,,ligandAtoms
,,,atomIndex,45
,,,atomName,C17
,,,chain,X
,,,resID,1
,,,resName,UNL
,,metrics
,,,distance,3.9573457013508433
,,receptorAtoms
,,,atomIndex,1310
,,,atomName,N
,,,chain,X
,,,resID,360
,,,resName,ILE
,closeContacts.166
,,ligandAtoms
,,,atomIndex,45
,,,atomName,C17
,,,chain,X
,,,resID,1
,,,resName,UNL
,,metrics
,,,distance,3.364848436408392
,,receptorAtoms
,,,atomIndex,1313
,,,atomName,O
,,,chain,X
,,,resID,360
,,,resName,ILE
,closeContacts.167
,,ligandAtoms
,,,atomIndex,45
,,,atomName,C17
,,,chain,X
,,,resID,1
,,,resName,UNL
,,metrics
,,,distance,3.1780718997530557
,,receptorAtoms
,,,atomIndex,1318
,,,atomName,H
,,,chain,X
,,,resID,360
,,,resName,ILE
,closeContacts.168
,,ligandAtoms
,,,atomIndex,46
,,,atomName,C18
,,,chain,X
,,,resID,1
,,,resName,UNL
,,metrics
,,,distance,3.162185004075505
,,receptorAtoms
,,,atomIndex,1313
,,,atomName,O
,,,chain,X
,,,resID,360
,,,resName,ILE
,closeContacts.169
,,ligandAtoms
,,,atomIndex,46
,,,atomName,C18
,,,chain,X
,,,resID,1
,,,resName,UNL
,,metrics
,,,distance,3.6903227501127867
,,receptorAtoms
,,,atomIndex,1318
,,,atomName,H
,,,chain,X
,,,resID,360
,,,resName,ILE
,closeContacts.170
,,ligandAtoms
,,,atomIndex,47
,,,atomName,C19
,,,chain,X
,,,resID,1
,,,resName,UNL
,,metrics
,,,distance,3.9790677300091284
,,receptorAtoms
,,,atomIndex,609
,,,atomName,CG1
,,,chain,X
,,,resID,289
,,,resName,VAL
,closeContacts.171
,,ligandAtoms
,,,atomIndex,47
,,,atomName,C19
,,,chain,X
,,,resID,1
,,,resName,UNL
,,metrics
,,,distance,3.4256657747071584
,,receptorAtoms
,,,atomIndex,610
,,,atomName,CG2
,,,chain,X
,,,resID,289
,,,resName,VAL
,closeContacts.172
,,ligandAtoms
,,,atomIndex,48
,,,atomName,C20
,,,chain,X
,,,resID,1
,,,resName,UNL
,,metrics
,,,distance,3.8386614854659955
,,receptorAtoms
,,,atomIndex,610
,,,atomName,CG2
,,,chain,X
,,,resID,289
,,,resName,VAL
,closeContacts.173
,,ligandAtoms
,,,atomIndex,50
,,,atomName,H37
,,,chain,X
,,,resID,1
,,,resName,UNL
,,metrics
,,,distance,3.9528422685455076
,,receptorAtoms
,,,atomIndex,1322
,,,atomName,O
,,,chain,X
,,,resID,361
,,,resName,HIE
closestContacts
,closestContacts.1
,,ligandAtoms
,,,atomIndex,10
,,,atomName,H41
,,,chain,X
,,,resID,1
,,,resName,UNL
,,metrics
,,,distance,2.1652683436470403
,,receptorAtoms
,,,atomIndex,1532
,,,atomName,CE2
,,,chain,X
,,,resID,382
,,,resName,PHE
,closestContacts.2
,,ligandAtoms
,,,atomIndex,10
,,,atomName,H41
,,,chain,X
,,,resID,1
,,,resName,UNL
,,metrics
,,,distance,2.3766709911134103
,,receptorAtoms
,,,atomIndex,1533
,,,atomName,CZ
,,,chain,X
,,,resID,382
,,,resName,PHE
,closestContacts.3
,,ligandAtoms
,,,atomIndex,25
,,,atomName,C33
,,,chain,X
,,,resID,1
,,,resName,UNL
,,metrics
,,,distance,2.3148202954009194
,,receptorAtoms
,,,atomIndex,9351
,,,atomName,1HD2
,,,chain,X
,,,resID,322
,,,resName,ASN
,closestContacts.4
,,ligandAtoms
,,,atomIndex,27
,,,atomName,O6
,,,chain,X
,,,resID,1
,,,resName,UNL
,,metrics
,,,distance,2.320242659723332
,,receptorAtoms
,,,atomIndex,9351
,,,atomName,1HD2
,,,chain,X
,,,resID,322
,,,resName,ASN
,closestContacts.5
,,ligandAtoms
,,,atomIndex,30
,,,atomName,O1
,,,chain,X
,,,resID,1
,,,resName,UNL
,,metrics
,,,distance,2.2367952521408836
,,receptorAtoms
,,,atomIndex,1522
,,,atomName,H
,,,chain,X
,,,resID,381
,,,resName,ASP
,closestContacts.6
,,ligandAtoms
,,,atomIndex,32
,,,atomName,H39
,,,chain,X
,,,resID,1
,,,resName,UNL
,,metrics
,,,distance,2.4095238118765288
,,receptorAtoms
,,,atomIndex,590
,,,atomName,OE2
,,,chain,X
,,,resID,286
,,,resName,GLU
electrostaticEnergies
,C_C,0
,C_HH,0
,C_N,0
,C_OO,0
,C_SS,0
,HH_HH,0
,HH_N,0
,HH_OO,0
,HH_SS,0
,N_OO,0
,N_SS,0
,OO_OO,0
halogenBonds,none
hydrogenBonds
,hydrogenBonds.1
,,ligandAtoms
,,,atomIndex,27
,,,atomName,O6
,,,chain,X
,,,resID,1
,,,resName,UNL
,,metrics
,,,angle,19.42394111509185
,,,distance,3.2860135422727645
,,receptorAtoms
,,,receptorAtoms.1
,,,,atomIndex,932
,,,,atomName,ND2
,,,,chain,X
,,,,resID,322
,,,,resName,ASN
,,,receptorAtoms.2
,,,,atomIndex,9351
,,,,atomName,1HD2
,,,,chain,X
,,,,resID,322
,,,,resName,ASN
,hydrogenBonds.2
,,ligandAtoms
,,,atomIndex,30
,,,atomName,O1
,,,chain,X
,,,resID,1
,,,resName,UNL
,,metrics
,,,angle,21.38577313992525
,,,distance,3.197892274608386
,,receptorAtoms
,,,receptorAtoms.1
,,,,atomIndex,1514
,,,,atomName,N
,,,,chain,X
,,,,resID,381
,,,,resName,ASP
,,,receptorAtoms.2
,,,,atomIndex,1522
,,,,atomName,H
,,,,chain,X
,,,,resID,381
,,,,resName,ASP
,hydrogenBonds.3
,,ligandAtoms
,,,ligandAtoms.1
,,,,atomIndex,31
,,,,atomName,N1
,,,,chain,X
,,,,resID,1
,,,,resName,UNL
,,,ligandAtoms.2
,,,,atomIndex,32
,,,,atomName,H39
,,,,chain,X
,,,,resID,1
,,,,resName,UNL
,,metrics
,,,angle,38.89917090241411
,,,distance,3.259624518253598
,,receptorAtoms
,,,atomIndex,590
,,,atomName,OE2
,,,chain,X
,,,resID,286
,,,resName,GLU
hydrophobicContacts
,hydrophobicContacts.1
,,ligandAtoms
,,,atomIndex,1
,,,atomName,C1
,,,chain,X
,,,resID,1
,,,resName,UNL
,,metrics
,,,distance,3.9914896968425215
,,receptorAtoms
,,,atomIndex,619
,,,atomName,CE
,,,chain,X
,,,resID,290
,,,resName,MET
,hydrophobicContacts.2
,,ligandAtoms
,,,atomIndex,1
,,,atomName,C1
,,,chain,X
,,,resID,1
,,,resName,UNL
,,metrics
,,,distance,3.240201691253185
,,receptorAtoms
,,,atomIndex,846
,,,atomName,CG2
,,,chain,X
,,,resID,313
,,,resName,ILE
,hydrophobicContacts.3
,,ligandAtoms
,,,atomIndex,2
,,,atomName,C2
,,,chain,X
,,,resID,1
,,,resName,UNL
,,metrics
,,,distance,3.995867615424715
,,receptorAtoms
,,,atomIndex,433
,,,atomName,CB
,,,chain,X
,,,resID,271
,,,resName,LYS
,hydrophobicContacts.4
,,ligandAtoms
,,,atomIndex,3
,,,atomName,C3
,,,chain,X
,,,resID,1
,,,resName,UNL
,,metrics
,,,distance,3.8083017212400594
,,receptorAtoms
,,,atomIndex,863
,,,atomName,CG1
,,,chain,X
,,,resID,315
,,,resName,ILE
,hydrophobicContacts.5
,,ligandAtoms
,,,atomIndex,3
,,,atomName,C3
,,,chain,X
,,,resID,1
,,,resName,UNL
,,metrics
,,,distance,3.719662753530218
,,receptorAtoms
,,,atomIndex,865
,,,atomName,CD1
,,,chain,X
,,,resID,315
,,,resName,ILE
,hydrophobicContacts.6
,,ligandAtoms
,,,atomIndex,4
,,,atomName,C4
,,,chain,X
,,,resID,1
,,,resName,UNL
,,metrics
,,,distance,3.691434138651264
,,receptorAtoms
,,,atomIndex,865
,,,atomName,CD1
,,,chain,X
,,,resID,315
,,,resName,ILE
,hydrophobicContacts.7
,,ligandAtoms
,,,atomIndex,4
,,,atomName,C4
,,,chain,X
,,,resID,1
,,,resName,UNL
,,metrics
,,,distance,3.8758341037768895
,,receptorAtoms
,,,atomIndex,1532
,,,atomName,CE2
,,,chain,X
,,,resID,382
,,,resName,PHE
,hydrophobicContacts.8
,,ligandAtoms
,,,atomIndex,5
,,,atomName,C5
,,,chain,X
,,,resID,1
,,,resName,UNL
,,metrics
,,,distance,3.8293953830859513
,,receptorAtoms
,,,atomIndex,619
,,,atomName,CE
,,,chain,X
,,,resID,290
,,,resName,MET
,hydrophobicContacts.9
,,ligandAtoms
,,,atomIndex,6
,,,atomName,C6
,,,chain,X
,,,resID,1
,,,resName,UNL
,,metrics
,,,distance,3.314266434672988
,,receptorAtoms
,,,atomIndex,619
,,,atomName,CE
,,,chain,X
,,,resID,290
,,,resName,MET
,hydrophobicContacts.10
,,ligandAtoms
,,,atomIndex,6
,,,atomName,C6
,,,chain,X
,,,resID,1
,,,resName,UNL
,,metrics
,,,distance,3.851643155849201
,,receptorAtoms
,,,atomIndex,846
,,,atomName,CG2
,,,chain,X
,,,resID,313
,,,resName,ILE
,hydrophobicContacts.11
,,ligandAtoms
,,,atomIndex,7
,,,atomName,C21
,,,chain,X
,,,resID,1
,,,resName,UNL
,,metrics
,,,distance,3.567144235940005
,,receptorAtoms
,,,atomIndex,419
,,,atomName,CB
,,,chain,X
,,,resID,269
,,,resName,ALA
,hydrophobicContacts.12
,,ligandAtoms
,,,atomIndex,7
,,,atomName,C21
,,,chain,X
,,,resID,1
,,,resName,UNL
,,metrics
,,,distance,3.6166376650142875
,,receptorAtoms
,,,atomIndex,863
,,,atomName,CG1
,,,chain,X
,,,resID,315
,,,resName,ILE
,hydrophobicContacts.13
,,ligandAtoms
,,,atomIndex,7
,,,atomName,C21
,,,chain,X
,,,resID,1
,,,resName,UNL
,,metrics
,,,distance,3.6271604596433282
,,receptorAtoms
,,,atomIndex,865
,,,atomName,CD1
,,,chain,X
,,,resID,315
,,,resName,ILE
,hydrophobicContacts.14
,,ligandAtoms
,,,atomIndex,7
,,,atomName,C21
,,,chain,X
,,,resID,1
,,,resName,UNL
,,metrics
,,,distance,3.8987127362759106
,,receptorAtoms
,,,atomIndex,1532
,,,atomName,CE2
,,,chain,X
,,,resID,382
,,,resName,PHE
,hydrophobicContacts.15
,,ligandAtoms
,,,atomIndex,11
,,,atomName,C22
,,,chain,X
,,,resID,1
,,,resName,UNL
,,metrics
,,,distance,3.7187968484444
,,receptorAtoms
,,,atomIndex,419
,,,atomName,CB
,,,chain,X
,,,resID,269
,,,resName,ALA
,hydrophobicContacts.16
,,ligandAtoms
,,,atomIndex,11
,,,atomName,C22
,,,chain,X
,,,resID,1
,,,resName,UNL
,,metrics
,,,distance,3.2718913490517973
,,receptorAtoms
,,,atomIndex,1532
,,,atomName,CE2
,,,chain,X
,,,resID,382
,,,resName,PHE
,hydrophobicContacts.17
,,ligandAtoms
,,,atomIndex,11
,,,atomName,C22
,,,chain,X
,,,resID,1
,,,resName,UNL
,,metrics
,,,distance,3.342833678183825
,,receptorAtoms
,,,atomIndex,1533
,,,atomName,CZ
,,,chain,X
,,,resID,382
,,,resName,PHE
,hydrophobicContacts.18
,,ligandAtoms
,,,atomIndex,12
,,,atomName,C23
,,,chain,X
,,,resID,1
,,,resName,UNL
,,metrics
,,,distance,3.8563550147775554
,,receptorAtoms
,,,atomIndex,286
,,,atomName,CG2
,,,chain,X
,,,resID,256
,,,resName,VAL
,hydrophobicContacts.19
,,ligandAtoms
,,,atomIndex,12
,,,atomName,C23
,,,chain,X
,,,resID,1
,,,resName,UNL
,,metrics
,,,distance,3.2136301902988125
,,receptorAtoms
,,,atomIndex,1532
,,,atomName,CE2
,,,chain,X
,,,resID,382
,,,resName,PHE
,hydrophobicContacts.20
,,ligandAtoms
,,,atomIndex,12
,,,atomName,C23
,,,chain,X
,,,resID,1
,,,resName,UNL
,,metrics
,,,distance,3.5565872687170197
,,receptorAtoms
,,,atomIndex,1533
,,,atomName,CZ
,,,chain,X
,,,resID,382
,,,resName,PHE
,hydrophobicContacts.21
,,ligandAtoms
,,,atomIndex,13
,,,atomName,C24
,,,chain,X
,,,resID,1
,,,resName,UNL
,,metrics
,,,distance,3.833531270252012
,,receptorAtoms
,,,atomIndex,219
,,,atomName,CB
,,,chain,X
,,,resID,248
,,,resName,LEU
,hydrophobicContacts.22
,,ligandAtoms
,,,atomIndex,13
,,,atomName,C24
,,,chain,X
,,,resID,1
,,,resName,UNL
,,metrics
,,,distance,3.3260680991224456
,,receptorAtoms
,,,atomIndex,221
,,,atomName,CD1
,,,chain,X
,,,resID,248
,,,resName,LEU
,hydrophobicContacts.23
,,ligandAtoms
,,,atomIndex,14
,,,atomName,C25
,,,chain,X
,,,resID,1
,,,resName,UNL
,,metrics
,,,distance,3.4342705193388587
,,receptorAtoms
,,,atomIndex,221
,,,atomName,CD1
,,,chain,X
,,,resID,248
,,,resName,LEU
,hydrophobicContacts.24
,,ligandAtoms
,,,atomIndex,15
,,,atomName,C26
,,,chain,X
,,,resID,1
,,,resName,UNL
,,metrics
,,,distance,3.8233850185405087
,,receptorAtoms
,,,atomIndex,1421
,,,atomName,CD2
,,,chain,X
,,,resID,370
,,,resName,LEU
,hydrophobicContacts.25
,,ligandAtoms
,,,atomIndex,16
,,,atomName,C27
,,,chain,X
,,,resID,1
,,,resName,UNL
,,metrics
,,,distance,3.660594760418039
,,receptorAtoms
,,,atomIndex,419
,,,atomName,CB
,,,chain,X
,,,resID,269
,,,resName,ALA
,hydrophobicContacts.26
,,ligandAtoms
,,,atomIndex,16
,,,atomName,C27
,,,chain,X
,,,resID,1
,,,resName,UNL
,,metrics
,,,distance,3.7931457920834
,,receptorAtoms
,,,atomIndex,1420
,,,atomName,CD1
,,,chain,X
,,,resID,370
,,,resName,LEU
,hydrophobicContacts.27
,,ligandAtoms
,,,atomIndex,16
,,,atomName,C27
,,,chain,X
,,,resID,1
,,,resName,UNL
,,metrics
,,,distance,3.7886384097720387
,,receptorAtoms
,,,atomIndex,1421
,,,atomName,CD2
,,,chain,X
,,,resID,370
,,,resName,LEU
,hydrophobicContacts.28
,,ligandAtoms
,,,atomIndex,17
,,,atomName,C28
,,,chain,X
,,,resID,1
,,,resName,UNL
,,metrics
,,,distance,3.9801695943766013
,,receptorAtoms
,,,atomIndex,219
,,,atomName,CB
,,,chain,X
,,,resID,248
,,,resName,LEU
,hydrophobicContacts.29
,,ligandAtoms
,,,atomIndex,17
,,,atomName,C28
,,,chain,X
,,,resID,1
,,,resName,UNL
,,metrics
,,,distance,3.4526017725767333
,,receptorAtoms
,,,atomIndex,221
,,,atomName,CD1
,,,chain,X
,,,resID,248
,,,resName,LEU
,hydrophobicContacts.30
,,ligandAtoms
,,,atomIndex,17
,,,atomName,C28
,,,chain,X
,,,resID,1
,,,resName,UNL
,,metrics
,,,distance,3.955579097932439
,,receptorAtoms
,,,atomIndex,885
,,,atomName,CE1
,,,chain,X
,,,resID,317
,,,resName,PHE
,hydrophobicContacts.31
,,ligandAtoms
,,,atomIndex,21
,,,atomName,C29
,,,chain,X
,,,resID,1
,,,resName,UNL
,,metrics
,,,distance,3.1954204731146105
,,receptorAtoms
,,,atomIndex,922
,,,atomName,CA
,,,chain,X
,,,resID,321
,,,resName,GLY
,hydrophobicContacts.32
,,ligandAtoms
,,,atomIndex,22
,,,atomName,C30
,,,chain,X
,,,resID,1
,,,resName,UNL
,,metrics
,,,distance,3.465450475767905
,,receptorAtoms
,,,atomIndex,922
,,,atomName,CA
,,,chain,X
,,,resID,321
,,,resName,GLY
,hydrophobicContacts.33
,,ligandAtoms
,,,atomIndex,23
,,,atomName,C31
,,,chain,X
,,,resID,1
,,,resName,UNL
,,metrics
,,,distance,3.8232245552674504
,,receptorAtoms
,,,atomIndex,225
,,,atomName,CA
,,,chain,X
,,,resID,249
,,,resName,GLY
,hydrophobicContacts.34
,,ligandAtoms
,,,atomIndex,24
,,,atomName,C32
,,,chain,X
,,,resID,1
,,,resName,UNL
,,metrics
,,,distance,3.5569662635453825
,,receptorAtoms
,,,atomIndex,225
,,,atomName,CA
,,,chain,X
,,,resID,249
,,,resName,GLY
,hydrophobicContacts.35
,,ligandAtoms
,,,atomIndex,25
,,,atomName,C33
,,,chain,X
,,,resID,1
,,,resName,UNL
,,metrics
,,,distance,3.672360684900109
,,receptorAtoms
,,,atomIndex,225
,,,atomName,CA
,,,chain,X
,,,resID,249
,,,resName,GLY
,hydrophobicContacts.36
,,ligandAtoms
,,,atomIndex,25
,,,atomName,C33
,,,chain,X
,,,resID,1
,,,resName,UNL
,,metrics
,,,distance,3.805025361282104
,,receptorAtoms
,,,atomIndex,257
,,,atomName,CD1
,,,chain,X
,,,resID,253
,,,resName,TYR
,hydrophobicContacts.37
,,ligandAtoms
,,,atomIndex,25
,,,atomName,C33
,,,chain,X
,,,resID,1
,,,resName,UNL
,,metrics
,,,distance,3.6833900146468324
,,receptorAtoms
,,,atomIndex,259
,,,atomName,CE1
,,,chain,X
,,,resID,253
,,,resName,TYR
,hydrophobicContacts.38
,,ligandAtoms
,,,atomIndex,26
,,,atomName,C34
,,,chain,X
,,,resID,1
,,,resName,UNL
,,metrics
,,,distance,3.964703645923615
,,receptorAtoms
,,,atomIndex,225
,,,atomName,CA
,,,chain,X
,,,resID,249
,,,resName,GLY
,hydrophobicContacts.39
,,ligandAtoms
,,,atomIndex,26
,,,atomName,C34
,,,chain,X
,,,resID,1
,,,resName,UNL
,,metrics
,,,distance,3.717886496384739
,,receptorAtoms
,,,atomIndex,256
,,,atomName,CG
,,,chain,X
,,,resID,253
,,,resName,TYR
,hydrophobicContacts.40
,,ligandAtoms
,,,atomIndex,26
,,,atomName,C34
,,,chain,X
,,,resID,1
,,,resName,UNL
,,metrics
,,,distance,3.6142509597425576
,,receptorAtoms
,,,atomIndex,257
,,,atomName,CD1
,,,chain,X
,,,resID,253
,,,resName,TYR
,hydrophobicContacts.41
,,ligandAtoms
,,,atomIndex,26
,,,atomName,C34
,,,chain,X
,,,resID,1
,,,resName,UNL
,,metrics
,,,distance,3.9098236533122557
,,receptorAtoms
,,,atomIndex,258
,,,atomName,CD2
,,,chain,X
,,,resID,253
,,,resName,TYR
,hydrophobicContacts.42
,,ligandAtoms
,,,atomIndex,26
,,,atomName,C34
,,,chain,X
,,,resID,1
,,,resName,UNL
,,metrics
,,,distance,3.7429862409578787
,,receptorAtoms
,,,atomIndex,259
,,,atomName,CE1
,,,chain,X
,,,resID,253
,,,resName,TYR
,hydrophobicContacts.43
,,ligandAtoms
,,,atomIndex,26
,,,atomName,C34
,,,chain,X
,,,resID,1
,,,resName,UNL
,,metrics
,,,distance,3.9464931268152474
,,receptorAtoms
,,,atomIndex,261
,,,atomName,CZ
,,,chain,X
,,,resID,253
,,,resName,TYR
,hydrophobicContacts.44
,,ligandAtoms
,,,atomIndex,29
,,,atomName,C7
,,,chain,X
,,,resID,1
,,,resName,UNL
,,metrics
,,,distance,3.996394875384562
,,receptorAtoms
,,,atomIndex,619
,,,atomName,CE
,,,chain,X
,,,resID,290
,,,resName,MET
,hydrophobicContacts.45
,,ligandAtoms
,,,atomIndex,29
,,,atomName,C7
,,,chain,X
,,,resID,1
,,,resName,UNL
,,metrics
,,,distance,3.689663128254394
,,receptorAtoms
,,,atomIndex,711
,,,atomName,CG2
,,,chain,X
,,,resID,299
,,,resName,VAL
,hydrophobicContacts.46
,,ligandAtoms
,,,atomIndex,34
,,,atomName,C9
,,,chain,X
,,,resID,1
,,,resName,UNL
,,metrics
,,,distance,3.4107120957360206
,,receptorAtoms
,,,atomIndex,1518
,,,atomName,CB
,,,chain,X
,,,resID,381
,,,resName,ASP
,hydrophobicContacts.47
,,ligandAtoms
,,,atomIndex,35
,,,atomName,C10
,,,chain,X
,,,resID,1
,,,resName,UNL
,,metrics
,,,distance,3.190742390102968
,,receptorAtoms
,,,atomIndex,1518
,,,atomName,CB
,,,chain,X
,,,resID,381
,,,resName,ASP
,hydrophobicContacts.48
,,ligandAtoms
,,,atomIndex,35
,,,atomName,C10
,,,chain,X
,,,resID,1
,,,resName,UNL
,,metrics
,,,distance,3.971106898586338
,,receptorAtoms
,,,atomIndex,1519
,,,atomName,CG
,,,chain,X
,,,resID,381
,,,resName,ASP
,hydrophobicContacts.49
,,ligandAtoms
,,,atomIndex,36
,,,atomName,C11
,,,chain,X
,,,resID,1
,,,resName,UNL
,,metrics
,,,distance,3.687012611858006
,,receptorAtoms
,,,atomIndex,1518
,,,atomName,CB
,,,chain,X
,,,resID,381
,,,resName,ASP
,hydrophobicContacts.50
,,ligandAtoms
,,,atomIndex,38
,,,atomName,C13
,,,chain,X
,,,resID,1
,,,resName,UNL
,,metrics
,,,distance,3.2721787848465724
,,receptorAtoms
,,,atomIndex,711
,,,atomName,CG2
,,,chain,X
,,,resID,299
,,,resName,VAL
,hydrophobicContacts.51
,,ligandAtoms
,,,atomIndex,43
,,,atomName,C15
,,,chain,X
,,,resID,1
,,,resName,UNL
,,metrics
,,,distance,3.8592959202424475
,,receptorAtoms
,,,atomIndex,1312
,,,atomName,C
,,,chain,X
,,,resID,360
,,,resName,ILE
,hydrophobicContacts.52
,,ligandAtoms
,,,atomIndex,43
,,,atomName,C15
,,,chain,X
,,,resID,1
,,,resName,UNL
,,metrics
,,,distance,3.524133510524254
,,receptorAtoms
,,,atomIndex,1320
,,,atomName,CA
,,,chain,X
,,,resID,361
,,,resName,HIE
,hydrophobicContacts.53
,,ligandAtoms
,,,atomIndex,44
,,,atomName,C16
,,,chain,X
,,,resID,1
,,,resName,UNL
,,metrics
,,,distance,3.6508486684605264
,,receptorAtoms
,,,atomIndex,1302
,,,atomName,CB
,,,chain,X
,,,resID,359
,,,resName,PHE
,hydrophobicContacts.54
,,ligandAtoms
,,,atomIndex,44
,,,atomName,C16
,,,chain,X
,,,resID,1
,,,resName,UNL
,,metrics
,,,distance,3.9429365959903535
,,receptorAtoms
,,,atomIndex,1312
,,,atomName,C
,,,chain,X
,,,resID,360
,,,resName,ILE
,hydrophobicContacts.55
,,ligandAtoms
,,,atomIndex,45
,,,atomName,C17
,,,chain,X
,,,resID,1
,,,resName,UNL
,,metrics
,,,distance,3.5739640457061115
,,receptorAtoms
,,,atomIndex,1302
,,,atomName,CB
,,,chain,X
,,,resID,359
,,,resName,PHE
,hydrophobicContacts.56
,,ligandAtoms
,,,atomIndex,45
,,,atomName,C17
,,,chain,X
,,,resID,1
,,,resName,UNL
,,metrics
,,,distance,3.863697840152617
,,receptorAtoms
,,,atomIndex,1303
,,,atomName,CG
,,,chain,X
,,,resID,359
,,,resName,PHE
,hydrophobicContacts.57
,,ligandAtoms
,,,atomIndex,47
,,,atomName,C19
,,,chain,X
,,,resID,1
,,,resName,UNL
,,metrics
,,,distance,3.9790677300091284
,,receptorAtoms
,,,atomIndex,609
,,,atomName,CG1
,,,chain,X
,,,resID,289
,,,resName,VAL
,hydrophobicContacts.58
,,ligandAtoms
,,,atomIndex,47
,,,atomName,C19
,,,chain,X
,,,resID,1
,,,resName,UNL
,,metrics
,,,distance,3.4256657747071584
,,receptorAtoms
,,,atomIndex,610
,,,atomName,CG2
,,,chain,X
,,,resID,289
,,,resName,VAL
,hydrophobicContacts.59
,,ligandAtoms
,,,atomIndex,48
,,,atomName,C20
,,,chain,X
,,,resID,1
,,,resName,UNL
,,metrics
,,,distance,3.8386614854659955
,,receptorAtoms
,,,atomIndex,610
,,,atomName,CG2
,,,chain,X
,,,resID,289
,,,resName,VAL
ligandAtomTypes
,C,34
,HH,6
,N,4
,OO,6
metalCoordinations,none
piPiStackingInteractions,none
saltBridges,none
tStackingInteractions,none
