activeSiteFlexibility
,BACKBONE_ALPHA,8
,BACKBONE_BETA,13
,BACKBONE_OTHER,31
,SIDECHAIN_ALPHA,38
,SIDECHAIN_BETA,54
,SIDECHAIN_OTHER,49
cationPiInteractions,none
closeContacts
,closeContacts.1
,,ligandAtoms
,,,atomIndex,1
,,,atomName,C7
,,,chain,X
,,,resID,1
,,,resName,UNL
,,metrics
,,,distance,3.491731089302267
,,receptorAtoms
,,,atomIndex,590
,,,atomName,OE2
,,,chain,X
,,,resID,286
,,,resName,GLU
,closeContacts.2
,,ligandAtoms
,,,atomIndex,1
,,,atomName,C7
,,,chain,X
,,,resID,1
,,,resName,UNL
,,metrics
,,,distance,3.771169712436713
,,receptorAtoms
,,,atomIndex,619
,,,atomName,CE
,,,chain,X
,,,resID,290
,,,resName,MET
,closeContacts.3
,,ligandAtoms
,,,atomIndex,2
,,,atomName,C8
,,,chain,X
,,,resID,1
,,,resName,UNL
,,metrics
,,,distance,3.971308852255134
,,receptorAtoms
,,,atomIndex,590
,,,atomName,OE2
,,,chain,X
,,,resID,286
,,,resName,GLU
,closeContacts.4
,,ligandAtoms
,,,atomIndex,2
,,,atomName,C8
,,,chain,X
,,,resID,1
,,,resName,UNL
,,metrics
,,,distance,3.8919646709598985
,,receptorAtoms
,,,atomIndex,618
,,,atomName,SD
,,,chain,X
,,,resID,290
,,,resName,MET
,closeContacts.5
,,ligandAtoms
,,,atomIndex,2
,,,atomName,C8
,,,chain,X
,,,resID,1
,,,resName,UNL
,,metrics
,,,distance,3.4915682722810963
,,receptorAtoms
,,,atomIndex,619
,,,atomName,CE
,,,chain,X
,,,resID,290
,,,resName,MET
,closeContacts.6
,,ligandAtoms
,,,atomIndex,2
,,,atomName,C8
,,,chain,X
,,,resID,1
,,,resName,UNL
,,metrics
,,,distance,3.4464465758226974
,,receptorAtoms
,,,atomIndex,846
,,,atomName,CG2
,,,chain,X
,,,resID,313
,,,resName,ILE
,closeContacts.7
,,ligandAtoms
,,,atomIndex,2
,,,atomName,C8
,,,chain,X
,,,resID,1
,,,resName,UNL
,,metrics
,,,distance,3.9124239289729337
,,receptorAtoms
,,,atomIndex,864
,,,atomName,CG2
,,,chain,X
,,,resID,315
,,,resName,ILE
,closeContacts.8
,,ligandAtoms
,,,atomIndex,3
,,,atomName,C9
,,,chain,X
,,,resID,1
,,,resName,UNL
,,metrics
,,,distance,3.990461878028658
,,receptorAtoms
,,,atomIndex,1532
,,,atomName,CE2
,,,chain,X
,,,resID,382
,,,resName,PHE
,closeContacts.9
,,ligandAtoms
,,,atomIndex,4
,,,atomName,C10
,,,chain,X
,,,resID,1
,,,resName,UNL
,,metrics
,,,distance,3.686398513454562
,,receptorAtoms
,,,atomIndex,1532
,,,atomName,CE2
,,,chain,X
,,,resID,382
,,,resName,PHE
,closeContacts.10
,,ligandAtoms
,,,atomIndex,5
,,,atomName,C22
,,,chain,X
,,,resID,1
,,,resName,UNL
,,metrics
,,,distance,3.645555376070976
,,receptorAtoms
,,,atomIndex,418
,,,atomName,O
,,,chain,X
,,,resID,269
,,,resName,ALA
,closeContacts.11
,,ligandAtoms
,,,atomIndex,5
,,,atomName,C22
,,,chain,X
,,,resID,1
,,,resName,UNL
,,metrics
,,,distance,3.5166816745335363
,,receptorAtoms
,,,atomIndex,429
,,,atomName,N
,,,chain,X
,,,resID,271
,,,resName,LYS
,closeContacts.12
,,ligandAtoms
,,,atomIndex,5
,,,atomName,C22
,,,chain,X
,,,resID,1
,,,resName,UNL
,,metrics
,,,distance,3.8969821657277324
,,receptorAtoms
,,,atomIndex,433
,,,atomName,CB
,,,chain,X
,,,resID,271
,,,resName,LYS
,closeContacts.13
,,ligandAtoms
,,,atomIndex,5
,,,atomName,C22
,,,chain,X
,,,resID,1
,,,resName,UNL
,,metrics
,,,distance,2.9019974155743147
,,receptorAtoms
,,,atomIndex,438
,,,atomName,H
,,,chain,X
,,,resID,271
,,,resName,LYS
,closeContacts.14
,,ligandAtoms
,,,atomIndex,5
,,,atomName,C22
,,,chain,X
,,,resID,1
,,,resName,UNL
,,metrics
,,,distance,3.5686472226881727
,,receptorAtoms
,,,atomIndex,842
,,,atomName,C
,,,chain,X
,,,resID,313
,,,resName,ILE
,closeContacts.15
,,ligandAtoms
,,,atomIndex,5
,,,atomName,C22
,,,chain,X
,,,resID,1
,,,resName,UNL
,,metrics
,,,distance,2.8047170980332408
,,receptorAtoms
,,,atomIndex,843
,,,atomName,O
,,,chain,X
,,,resID,313
,,,resName,ILE
,closeContacts.16
,,ligandAtoms
,,,atomIndex,5
,,,atomName,C22
,,,chain,X
,,,resID,1
,,,resName,UNL
,,metrics
,,,distance,3.859267287970608
,,receptorAtoms
,,,atomIndex,846
,,,atomName,CG2
,,,chain,X
,,,resID,313
,,,resName,ILE
,closeContacts.17
,,ligandAtoms
,,,atomIndex,5
,,,atomName,C22
,,,chain,X
,,,resID,1
,,,resName,UNL
,,metrics
,,,distance,3.8454946365844807
,,receptorAtoms
,,,atomIndex,858
,,,atomName,N
,,,chain,X
,,,resID,315
,,,resName,ILE
,closeContacts.18
,,ligandAtoms
,,,atomIndex,5
,,,atomName,C22
,,,chain,X
,,,resID,1
,,,resName,UNL
,,metrics
,,,distance,3.4197919527363045
,,receptorAtoms
,,,atomIndex,866
,,,atomName,H
,,,chain,X
,,,resID,315
,,,resName,ILE
,closeContacts.19
,,ligandAtoms
,,,atomIndex,6
,,,atomName,N3
,,,chain,X
,,,resID,1
,,,resName,UNL
,,metrics
,,,distance,3.951189314624143
,,receptorAtoms
,,,atomIndex,864
,,,atomName,CG2
,,,chain,X
,,,resID,315
,,,resName,ILE
,closeContacts.20
,,ligandAtoms
,,,atomIndex,7
,,,atomName,N2
,,,chain,X
,,,resID,1
,,,resName,UNL
,,metrics
,,,distance,3.976726040350278
,,receptorAtoms
,,,atomIndex,588
,,,atomName,CD
,,,chain,X
,,,resID,286
,,,resName,GLU
,closeContacts.21
,,ligandAtoms
,,,atomIndex,7
,,,atomName,N2
,,,chain,X
,,,resID,1
,,,resName,UNL
,,metrics
,,,distance,2.7712188654092267
,,receptorAtoms
,,,atomIndex,590
,,,atomName,OE2
,,,chain,X
,,,resID,286
,,,resName,GLU
,closeContacts.22
,,ligandAtoms
,,,atomIndex,7
,,,atomName,N2
,,,chain,X
,,,resID,1
,,,resName,UNL
,,metrics
,,,distance,3.482328100567206
,,receptorAtoms
,,,atomIndex,618
,,,atomName,SD
,,,chain,X
,,,resID,290
,,,resName,MET
,closeContacts.23
,,ligandAtoms
,,,atomIndex,7
,,,atomName,N2
,,,chain,X
,,,resID,1
,,,resName,UNL
,,metrics
,,,distance,3.561755044918165
,,receptorAtoms
,,,atomIndex,619
,,,atomName,CE
,,,chain,X
,,,resID,290
,,,resName,MET
,closeContacts.24
,,ligandAtoms
,,,atomIndex,7
,,,atomName,N2
,,,chain,X
,,,resID,1
,,,resName,UNL
,,metrics
,,,distance,3.7013051752050923
,,receptorAtoms
,,,atomIndex,1517
,,,atomName,O
,,,chain,X
,,,resID,381
,,,resName,ASP
,closeContacts.25
,,ligandAtoms
,,,atomIndex,7
,,,atomName,N2
,,,chain,X
,,,resID,1
,,,resName,UNL
,,metrics
,,,distance,3.974100527163348
,,receptorAtoms
,,,atomIndex,1522
,,,atomName,H
,,,chain,X
,,,resID,381
,,,resName,ASP
,closeContacts.26
,,ligandAtoms
,,,atomIndex,8
,,,atomName,C6
,,,chain,X
,,,resID,1
,,,resName,UNL
,,metrics
,,,distance,3.52222230984928
,,receptorAtoms
,,,atomIndex,590
,,,atomName,OE2
,,,chain,X
,,,resID,286
,,,resName,GLU
,closeContacts.27
,,ligandAtoms
,,,atomIndex,8
,,,atomName,C6
,,,chain,X
,,,resID,1
,,,resName,UNL
,,metrics
,,,distance,3.5418824091152428
,,receptorAtoms
,,,atomIndex,1514
,,,atomName,N
,,,chain,X
,,,resID,381
,,,resName,ASP
,closeContacts.28
,,ligandAtoms
,,,atomIndex,8
,,,atomName,C6
,,,chain,X
,,,resID,1
,,,resName,UNL
,,metrics
,,,distance,3.877425047631482
,,receptorAtoms
,,,atomIndex,1516
,,,atomName,C
,,,chain,X
,,,resID,381
,,,resName,ASP
,closeContacts.29
,,ligandAtoms
,,,atomIndex,8
,,,atomName,C6
,,,chain,X
,,,resID,1
,,,resName,UNL
,,metrics
,,,distance,2.892128282078787
,,receptorAtoms
,,,atomIndex,1517
,,,atomName,O
,,,chain,X
,,,resID,381
,,,resName,ASP
,closeContacts.30
,,ligandAtoms
,,,atomIndex,8
,,,atomName,C6
,,,chain,X
,,,resID,1
,,,resName,UNL
,,metrics
,,,distance,2.6690786799942785
,,receptorAtoms
,,,atomIndex,1522
,,,atomName,H
,,,chain,X
,,,resID,381
,,,resName,ASP
,closeContacts.31
,,ligandAtoms
,,,atomIndex,9
,,,atomName,O1
,,,chain,X
,,,resID,1
,,,resName,UNL
,,metrics
,,,distance,3.6991980211932427
,,receptorAtoms
,,,atomIndex,1509
,,,atomName,CA
,,,chain,X
,,,resID,380
,,,resName,ALA
,closeContacts.32
,,ligandAtoms
,,,atomIndex,9
,,,atomName,O1
,,,chain,X
,,,resID,1
,,,resName,UNL
,,metrics
,,,distance,3.738681452063013
,,receptorAtoms
,,,atomIndex,1510
,,,atomName,C
,,,chain,X
,,,resID,380
,,,resName,ALA
,closeContacts.33
,,ligandAtoms
,,,atomIndex,9
,,,atomName,O1
,,,chain,X
,,,resID,1
,,,resName,UNL
,,metrics
,,,distance,3.346828199952905
,,receptorAtoms
,,,atomIndex,1512
,,,atomName,CB
,,,chain,X
,,,resID,380
,,,resName,ALA
,closeContacts.34
,,ligandAtoms
,,,atomIndex,9
,,,atomName,O1
,,,chain,X
,,,resID,1
,,,resName,UNL
,,metrics
,,,distance,2.880413338394335
,,receptorAtoms
,,,atomIndex,1514
,,,atomName,N
,,,chain,X
,,,resID,381
,,,resName,ASP
,closeContacts.35
,,ligandAtoms
,,,atomIndex,9
,,,atomName,O1
,,,chain,X
,,,resID,1
,,,resName,UNL
,,metrics
,,,distance,3.81623557973037
,,receptorAtoms
,,,atomIndex,1515
,,,atomName,CA
,,,chain,X
,,,resID,381
,,,resName,ASP
,closeContacts.36
,,ligandAtoms
,,,atomIndex,9
,,,atomName,O1
,,,chain,X
,,,resID,1
,,,resName,UNL
,,metrics
,,,distance,3.559797887521144
,,receptorAtoms
,,,atomIndex,1516
,,,atomName,C
,,,chain,X
,,,resID,381
,,,resName,ASP
,closeContacts.37
,,ligandAtoms
,,,atomIndex,9
,,,atomName,O1
,,,chain,X
,,,resID,1
,,,resName,UNL
,,metrics
,,,distance,2.82697364685276
,,receptorAtoms
,,,atomIndex,1517
,,,atomName,O
,,,chain,X
,,,resID,381
,,,resName,ASP
,closeContacts.38
,,ligandAtoms
,,,atomIndex,9
,,,atomName,O1
,,,chain,X
,,,resID,1
,,,resName,UNL
,,metrics
,,,distance,1.8870217274848744
,,receptorAtoms
,,,atomIndex,1522
,,,atomName,H
,,,chain,X
,,,resID,381
,,,resName,ASP
,closeContacts.39
,,ligandAtoms
,,,atomIndex,10
,,,atomName,H27
,,,chain,X
,,,resID,1
,,,resName,UNL
,,metrics
,,,distance,3.6618477576218265
,,receptorAtoms
,,,atomIndex,587
,,,atomName,CG
,,,chain,X
,,,resID,286
,,,resName,GLU
,closeContacts.40
,,ligandAtoms
,,,atomIndex,10
,,,atomName,H27
,,,chain,X
,,,resID,1
,,,resName,UNL
,,metrics
,,,distance,3.1650107424778198
,,receptorAtoms
,,,atomIndex,588
,,,atomName,CD
,,,chain,X
,,,resID,286
,,,resName,GLU
,closeContacts.41
,,ligandAtoms
,,,atomIndex,10
,,,atomName,H27
,,,chain,X
,,,resID,1
,,,resName,UNL
,,metrics
,,,distance,2.064773837494073
,,receptorAtoms
,,,atomIndex,590
,,,atomName,OE2
,,,chain,X
,,,resID,286
,,,resName,GLU
,closeContacts.42
,,ligandAtoms
,,,atomIndex,10
,,,atomName,H27
,,,chain,X
,,,resID,1
,,,resName,UNL
,,metrics
,,,distance,2.7647994502314273
,,receptorAtoms
,,,atomIndex,618
,,,atomName,SD
,,,chain,X
,,,resID,290
,,,resName,MET
,closeContacts.43
,,ligandAtoms
,,,atomIndex,10
,,,atomName,H27
,,,chain,X
,,,resID,1
,,,resName,UNL
,,metrics
,,,distance,3.300737190386414
,,receptorAtoms
,,,atomIndex,619
,,,atomName,CE
,,,chain,X
,,,resID,290
,,,resName,MET
,closeContacts.44
,,ligandAtoms
,,,atomIndex,11
,,,atomName,C5
,,,chain,X
,,,resID,1
,,,resName,UNL
,,metrics
,,,distance,3.5208808556950624
,,receptorAtoms
,,,atomIndex,590
,,,atomName,OE2
,,,chain,X
,,,resID,286
,,,resName,GLU
,closeContacts.45
,,ligandAtoms
,,,atomIndex,11
,,,atomName,C5
,,,chain,X
,,,resID,1
,,,resName,UNL
,,metrics
,,,distance,3.474529752354986
,,receptorAtoms
,,,atomIndex,1514
,,,atomName,N
,,,chain,X
,,,resID,381
,,,resName,ASP
,closeContacts.46
,,ligandAtoms
,,,atomIndex,11
,,,atomName,C5
,,,chain,X
,,,resID,1
,,,resName,UNL
,,metrics
,,,distance,3.9468600177862907
,,receptorAtoms
,,,atomIndex,1515
,,,atomName,CA
,,,chain,X
,,,resID,381
,,,resName,ASP
,closeContacts.47
,,ligandAtoms
,,,atomIndex,11
,,,atomName,C5
,,,chain,X
,,,resID,1
,,,resName,UNL
,,metrics
,,,distance,3.8866246281317167
,,receptorAtoms
,,,atomIndex,1516
,,,atomName,C
,,,chain,X
,,,resID,381
,,,resName,ASP
,closeContacts.48
,,ligandAtoms
,,,atomIndex,11
,,,atomName,C5
,,,chain,X
,,,resID,1
,,,resName,UNL
,,metrics
,,,distance,3.0301805226751757
,,receptorAtoms
,,,atomIndex,1517
,,,atomName,O
,,,chain,X
,,,resID,381
,,,resName,ASP
,closeContacts.49
,,ligandAtoms
,,,atomIndex,11
,,,atomName,C5
,,,chain,X
,,,resID,1
,,,resName,UNL
,,metrics
,,,distance,3.7987404491489016
,,receptorAtoms
,,,atomIndex,1518
,,,atomName,CB
,,,chain,X
,,,resID,381
,,,resName,ASP
,closeContacts.50
,,ligandAtoms
,,,atomIndex,11
,,,atomName,C5
,,,chain,X
,,,resID,1
,,,resName,UNL
,,metrics
,,,distance,2.92507384522169
,,receptorAtoms
,,,atomIndex,1522
,,,atomName,H
,,,chain,X
,,,resID,381
,,,resName,ASP
,closeContacts.51
,,ligandAtoms
,,,atomIndex,12
,,,atomName,C4
,,,chain,X
,,,resID,1
,,,resName,UNL
,,metrics
,,,distance,3.848499058074459
,,receptorAtoms
,,,atomIndex,587
,,,atomName,CG
,,,chain,X
,,,resID,286
,,,resName,GLU
,closeContacts.52
,,ligandAtoms
,,,atomIndex,12
,,,atomName,C4
,,,chain,X
,,,resID,1
,,,resName,UNL
,,metrics
,,,distance,3.6364657292486617
,,receptorAtoms
,,,atomIndex,588
,,,atomName,CD
,,,chain,X
,,,resID,286
,,,resName,GLU
,closeContacts.53
,,ligandAtoms
,,,atomIndex,12
,,,atomName,C4
,,,chain,X
,,,resID,1
,,,resName,UNL
,,metrics
,,,distance,2.9929826260772043
,,receptorAtoms
,,,atomIndex,590
,,,atomName,OE2
,,,chain,X
,,,resID,286
,,,resName,GLU
,closeContacts.54
,,ligandAtoms
,,,atomIndex,12
,,,atomName,C4
,,,chain,X
,,,resID,1
,,,resName,UNL
,,metrics
,,,distance,3.969767751393021
,,receptorAtoms
,,,atomIndex,1516
,,,atomName,C
,,,chain,X
,,,resID,381
,,,resName,ASP
,closeContacts.55
,,ligandAtoms
,,,atomIndex,12
,,,atomName,C4
,,,chain,X
,,,resID,1
,,,resName,UNL
,,metrics
,,,distance,3.1235731142395244
,,receptorAtoms
,,,atomIndex,1517
,,,atomName,O
,,,chain,X
,,,resID,381
,,,resName,ASP
,closeContacts.56
,,ligandAtoms
,,,atomIndex,12
,,,atomName,C4
,,,chain,X
,,,resID,1
,,,resName,UNL
,,metrics
,,,distance,3.631570183818564
,,receptorAtoms
,,,atomIndex,1518
,,,atomName,CB
,,,chain,X
,,,resID,381
,,,resName,ASP
,closeContacts.57
,,ligandAtoms
,,,atomIndex,12
,,,atomName,C4
,,,chain,X
,,,resID,1
,,,resName,UNL
,,metrics
,,,distance,3.820130102496511
,,receptorAtoms
,,,atomIndex,1522
,,,atomName,H
,,,chain,X
,,,resID,381
,,,resName,ASP
,closeContacts.58
,,ligandAtoms
,,,atomIndex,13
,,,atomName,C3
,,,chain,X
,,,resID,1
,,,resName,UNL
,,metrics
,,,distance,3.5613877912970944
,,receptorAtoms
,,,atomIndex,1518
,,,atomName,CB
,,,chain,X
,,,resID,381
,,,resName,ASP
,closeContacts.59
,,ligandAtoms
,,,atomIndex,13
,,,atomName,C3
,,,chain,X
,,,resID,1
,,,resName,UNL
,,metrics
,,,distance,3.9834019380424066
,,receptorAtoms
,,,atomIndex,1521
,,,atomName,OD2
,,,chain,X
,,,resID,381
,,,resName,ASP
,closeContacts.60
,,ligandAtoms
,,,atomIndex,14
,,,atomName,C2
,,,chain,X
,,,resID,1
,,,resName,UNL
,,metrics
,,,distance,3.687219413053691
,,receptorAtoms
,,,atomIndex,1518
,,,atomName,CB
,,,chain,X
,,,resID,381
,,,resName,ASP
,closeContacts.61
,,ligandAtoms
,,,atomIndex,15
,,,atomName,N1
,,,chain,X
,,,resID,1
,,,resName,UNL
,,metrics
,,,distance,3.979448579891439
,,receptorAtoms
,,,atomIndex,711
,,,atomName,CG2
,,,chain,X
,,,resID,299
,,,resName,VAL
,closeContacts.62
,,ligandAtoms
,,,atomIndex,15
,,,atomName,N1
,,,chain,X
,,,resID,1
,,,resName,UNL
,,metrics
,,,distance,3.5328055423416664
,,receptorAtoms
,,,atomIndex,1514
,,,atomName,N
,,,chain,X
,,,resID,381
,,,resName,ASP
,closeContacts.63
,,ligandAtoms
,,,atomIndex,15
,,,atomName,N1
,,,chain,X
,,,resID,1
,,,resName,UNL
,,metrics
,,,distance,3.819756667642587
,,receptorAtoms
,,,atomIndex,1518
,,,atomName,CB
,,,chain,X
,,,resID,381
,,,resName,ASP
,closeContacts.64
,,ligandAtoms
,,,atomIndex,15
,,,atomName,N1
,,,chain,X
,,,resID,1
,,,resName,UNL
,,metrics
,,,distance,3.2277126575951582
,,receptorAtoms
,,,atomIndex,1522
,,,atomName,H
,,,chain,X
,,,resID,381
,,,resName,ASP
,closeContacts.65
,,ligandAtoms
,,,atomIndex,16
,,,atomName,C1
,,,chain,X
,,,resID,1
,,,resName,UNL
,,metrics
,,,distance,2.841442943294831
,,receptorAtoms
,,,atomIndex,711
,,,atomName,CG2
,,,chain,X
,,,resID,299
,,,resName,VAL
,closeContacts.66
,,ligandAtoms
,,,atomIndex,16
,,,atomName,C1
,,,chain,X
,,,resID,1
,,,resName,UNL
,,metrics
,,,distance,3.997335362463351
,,receptorAtoms
,,,atomIndex,712
,,,atomName,H
,,,chain,X
,,,resID,299
,,,resName,VAL
,closeContacts.67
,,ligandAtoms
,,,atomIndex,16
,,,atomName,C1
,,,chain,X
,,,resID,1
,,,resName,UNL
,,metrics
,,,distance,3.5564275614723266
,,receptorAtoms
,,,atomIndex,1509
,,,atomName,CA
,,,chain,X
,,,resID,380
,,,resName,ALA
,closeContacts.68
,,ligandAtoms
,,,atomIndex,16
,,,atomName,C1
,,,chain,X
,,,resID,1
,,,resName,UNL
,,metrics
,,,distance,3.770340302943489
,,receptorAtoms
,,,atomIndex,1510
,,,atomName,C
,,,chain,X
,,,resID,380
,,,resName,ALA
,closeContacts.69
,,ligandAtoms
,,,atomIndex,16
,,,atomName,C1
,,,chain,X
,,,resID,1
,,,resName,UNL
,,metrics
,,,distance,3.6664683279690284
,,receptorAtoms
,,,atomIndex,1514
,,,atomName,N
,,,chain,X
,,,resID,381
,,,resName,ASP
,closeContacts.70
,,ligandAtoms
,,,atomIndex,16
,,,atomName,C1
,,,chain,X
,,,resID,1
,,,resName,UNL
,,metrics
,,,distance,3.358352274553699
,,receptorAtoms
,,,atomIndex,1522
,,,atomName,H
,,,chain,X
,,,resID,381
,,,resName,ASP
,closeContacts.71
,,ligandAtoms
,,,atomIndex,17
,,,atomName,N9
,,,chain,X
,,,resID,1
,,,resName,UNL
,,metrics
,,,distance,3.6866609553903924
,,receptorAtoms
,,,atomIndex,1521
,,,atomName,OD2
,,,chain,X
,,,resID,381
,,,resName,ASP
,closeContacts.72
,,ligandAtoms
,,,atomIndex,18
,,,atomName,C23
,,,chain,X
,,,resID,1
,,,resName,UNL
,,metrics
,,,distance,3.8658424696306497
,,receptorAtoms
,,,atomIndex,608
,,,atomName,CB
,,,chain,X
,,,resID,289
,,,resName,VAL
,closeContacts.73
,,ligandAtoms
,,,atomIndex,18
,,,atomName,C23
,,,chain,X
,,,resID,1
,,,resName,UNL
,,metrics
,,,distance,3.7016301814200725
,,receptorAtoms
,,,atomIndex,609
,,,atomName,CG1
,,,chain,X
,,,resID,289
,,,resName,VAL
,closeContacts.74
,,ligandAtoms
,,,atomIndex,19
,,,atomName,O5
,,,chain,X
,,,resID,1
,,,resName,UNL
,,metrics
,,,distance,3.338917489247076
,,receptorAtoms
,,,atomIndex,583
,,,atomName,CA
,,,chain,X
,,,resID,286
,,,resName,GLU
,closeContacts.75
,,ligandAtoms
,,,atomIndex,19
,,,atomName,O5
,,,chain,X
,,,resID,1
,,,resName,UNL
,,metrics
,,,distance,3.7476037677427962
,,receptorAtoms
,,,atomIndex,584
,,,atomName,C
,,,chain,X
,,,resID,286
,,,resName,GLU
,closeContacts.76
,,ligandAtoms
,,,atomIndex,19
,,,atomName,O5
,,,chain,X
,,,resID,1
,,,resName,UNL
,,metrics
,,,distance,3.282404758709687
,,receptorAtoms
,,,atomIndex,585
,,,atomName,O
,,,chain,X
,,,resID,286
,,,resName,GLU
,closeContacts.77
,,ligandAtoms
,,,atomIndex,19
,,,atomName,O5
,,,chain,X
,,,resID,1
,,,resName,UNL
,,metrics
,,,distance,3.8348471938266324
,,receptorAtoms
,,,atomIndex,586
,,,atomName,CB
,,,chain,X
,,,resID,286
,,,resName,GLU
,closeContacts.78
,,ligandAtoms
,,,atomIndex,19
,,,atomName,O5
,,,chain,X
,,,resID,1
,,,resName,UNL
,,metrics
,,,distance,3.435716228095679
,,receptorAtoms
,,,atomIndex,587
,,,atomName,CG
,,,chain,X
,,,resID,286
,,,resName,GLU
,closeContacts.79
,,ligandAtoms
,,,atomIndex,19
,,,atomName,O5
,,,chain,X
,,,resID,1
,,,resName,UNL
,,metrics
,,,distance,3.169392686304428
,,receptorAtoms
,,,atomIndex,608
,,,atomName,CB
,,,chain,X
,,,resID,289
,,,resName,VAL
,closeContacts.80
,,ligandAtoms
,,,atomIndex,19
,,,atomName,O5
,,,chain,X
,,,resID,1
,,,resName,UNL
,,metrics
,,,distance,3.217649763414284
,,receptorAtoms
,,,atomIndex,609
,,,atomName,CG1
,,,chain,X
,,,resID,289
,,,resName,VAL
,closeContacts.81
,,ligandAtoms
,,,atomIndex,19
,,,atomName,O5
,,,chain,X
,,,resID,1
,,,resName,UNL
,,metrics
,,,distance,3.888393755781428
,,receptorAtoms
,,,atomIndex,610
,,,atomName,CG2
,,,chain,X
,,,resID,289
,,,resName,VAL
,closeContacts.82
,,ligandAtoms
,,,atomIndex,19
,,,atomName,O5
,,,chain,X
,,,resID,1
,,,resName,UNL
,,metrics
,,,distance,3.8082807144431983
,,receptorAtoms
,,,atomIndex,620
,,,atomName,H
,,,chain,X
,,,resID,290
,,,resName,MET
,closeContacts.83
,,ligandAtoms
,,,atomIndex,20
,,,atomName,H34
,,,chain,X
,,,resID,1
,,,resName,UNL
,,metrics
,,,distance,3.655967313858262
,,receptorAtoms
,,,atomIndex,1518
,,,atomName,CB
,,,chain,X
,,,resID,381
,,,resName,ASP
,closeContacts.84
,,ligandAtoms
,,,atomIndex,20
,,,atomName,H34
,,,chain,X
,,,resID,1
,,,resName,UNL
,,metrics
,,,distance,3.6008285157724464
,,receptorAtoms
,,,atomIndex,1519
,,,atomName,CG
,,,chain,X
,,,resID,381
,,,resName,ASP
,closeContacts.85
,,ligandAtoms
,,,atomIndex,20
,,,atomName,H34
,,,chain,X
,,,resID,1
,,,resName,UNL
,,metrics
,,,distance,2.797561974291186
,,receptorAtoms
,,,atomIndex,1521
,,,atomName,OD2
,,,chain,X
,,,resID,381
,,,resName,ASP
,closeContacts.86
,,ligandAtoms
,,,atomIndex,21
,,,atomName,C24
,,,chain,X
,,,resID,1
,,,resName,UNL
,,metrics
,,,distance,3.9616048515721505
,,receptorAtoms
,,,atomIndex,608
,,,atomName,CB
,,,chain,X
,,,resID,289
,,,resName,VAL
,closeContacts.87
,,ligandAtoms
,,,atomIndex,21
,,,atomName,C24
,,,chain,X
,,,resID,1
,,,resName,UNL
,,metrics
,,,distance,3.9695693721107834
,,receptorAtoms
,,,atomIndex,609
,,,atomName,CG1
,,,chain,X
,,,resID,289
,,,resName,VAL
,closeContacts.88
,,ligandAtoms
,,,atomIndex,21
,,,atomName,C24
,,,chain,X
,,,resID,1
,,,resName,UNL
,,metrics
,,,distance,3.80443386064208
,,receptorAtoms
,,,atomIndex,610
,,,atomName,CG2
,,,chain,X
,,,resID,289
,,,resName,VAL
,closeContacts.89
,,ligandAtoms
,,,atomIndex,24
,,,atomName,C27
,,,chain,X
,,,resID,1
,,,resName,UNL
,,metrics
,,,distance,3.716444133846223
,,receptorAtoms
,,,atomIndex,610
,,,atomName,CG2
,,,chain,X
,,,resID,289
,,,resName,VAL
,closeContacts.90
,,ligandAtoms
,,,atomIndex,25
,,,atomName,N10
,,,chain,X
,,,resID,1
,,,resName,UNL
,,metrics
,,,distance,3.948052431262786
,,receptorAtoms
,,,atomIndex,583
,,,atomName,CA
,,,chain,X
,,,resID,286
,,,resName,GLU
,closeContacts.91
,,ligandAtoms
,,,atomIndex,25
,,,atomName,N10
,,,chain,X
,,,resID,1
,,,resName,UNL
,,metrics
,,,distance,3.731054810640015
,,receptorAtoms
,,,atomIndex,608
,,,atomName,CB
,,,chain,X
,,,resID,289
,,,resName,VAL
,closeContacts.92
,,ligandAtoms
,,,atomIndex,25
,,,atomName,N10
,,,chain,X
,,,resID,1
,,,resName,UNL
,,metrics
,,,distance,3.182809136596161
,,receptorAtoms
,,,atomIndex,610
,,,atomName,CG2
,,,chain,X
,,,resID,289
,,,resName,VAL
,closeContacts.93
,,ligandAtoms
,,,atomIndex,26
,,,atomName,H35
,,,chain,X
,,,resID,1
,,,resName,UNL
,,metrics
,,,distance,3.260057361458538
,,receptorAtoms
,,,atomIndex,571
,,,atomName,C
,,,chain,X
,,,resID,285
,,,resName,LYS
,closeContacts.94
,,ligandAtoms
,,,atomIndex,26
,,,atomName,H35
,,,chain,X
,,,resID,1
,,,resName,UNL
,,metrics
,,,distance,3.0859778029013762
,,receptorAtoms
,,,atomIndex,572
,,,atomName,O
,,,chain,X
,,,resID,285
,,,resName,LYS
,closeContacts.95
,,ligandAtoms
,,,atomIndex,26
,,,atomName,H35
,,,chain,X
,,,resID,1
,,,resName,UNL
,,metrics
,,,distance,3.8741071229381356
,,receptorAtoms
,,,atomIndex,574
,,,atomName,CG
,,,chain,X
,,,resID,285
,,,resName,LYS
,closeContacts.96
,,ligandAtoms
,,,atomIndex,26
,,,atomName,H35
,,,chain,X
,,,resID,1
,,,resName,UNL
,,metrics
,,,distance,3.241090711473531
,,receptorAtoms
,,,atomIndex,582
,,,atomName,N
,,,chain,X
,,,resID,286
,,,resName,GLU
,closeContacts.97
,,ligandAtoms
,,,atomIndex,26
,,,atomName,H35
,,,chain,X
,,,resID,1
,,,resName,UNL
,,metrics
,,,distance,3.0921096358311746
,,receptorAtoms
,,,atomIndex,583
,,,atomName,CA
,,,chain,X
,,,resID,286
,,,resName,GLU
,closeContacts.98
,,ligandAtoms
,,,atomIndex,26
,,,atomName,H35
,,,chain,X
,,,resID,1
,,,resName,UNL
,,metrics
,,,distance,3.8819944616137727
,,receptorAtoms
,,,atomIndex,591
,,,atomName,H
,,,chain,X
,,,resID,286
,,,resName,GLU
,closeContacts.99
,,ligandAtoms
,,,atomIndex,26
,,,atomName,H35
,,,chain,X
,,,resID,1
,,,resName,UNL
,,metrics
,,,distance,3.404846545734477
,,receptorAtoms
,,,atomIndex,608
,,,atomName,CB
,,,chain,X
,,,resID,289
,,,resName,VAL
,closeContacts.100
,,ligandAtoms
,,,atomIndex,26
,,,atomName,H35
,,,chain,X
,,,resID,1
,,,resName,UNL
,,metrics
,,,distance,2.9394206912247185
,,receptorAtoms
,,,atomIndex,610
,,,atomName,CG2
,,,chain,X
,,,resID,289
,,,resName,VAL
,closeContacts.101
,,ligandAtoms
,,,atomIndex,26
,,,atomName,H35
,,,chain,X
,,,resID,1
,,,resName,UNL
,,metrics
,,,distance,3.9688490775034517
,,receptorAtoms
,,,atomIndex,611
,,,atomName,H
,,,chain,X
,,,resID,289
,,,resName,VAL
,closeContacts.102
,,ligandAtoms
,,,atomIndex,31
,,,atomName,H36
,,,chain,X
,,,resID,1
,,,resName,UNL
,,metrics
,,,distance,3.2052079495720704
,,receptorAtoms
,,,atomIndex,1322
,,,atomName,O
,,,chain,X
,,,resID,361
,,,resName,HIE
,closeContacts.103
,,ligandAtoms
,,,atomIndex,31
,,,atomName,H36
,,,chain,X
,,,resID,1
,,,resName,UNL
,,metrics
,,,distance,3.8132112451318507
,,receptorAtoms
,,,atomIndex,1335
,,,atomName,CB
,,,chain,X
,,,resID,362
,,,resName,ARG
,closeContacts.104
,,ligandAtoms
,,,atomIndex,32
,,,atomName,C30
,,,chain,X
,,,resID,1
,,,resName,UNL
,,metrics
,,,distance,3.992546806237843
,,receptorAtoms
,,,atomIndex,1335
,,,atomName,CB
,,,chain,X
,,,resID,362
,,,resName,ARG
,closeContacts.105
,,ligandAtoms
,,,atomIndex,32
,,,atomName,C30
,,,chain,X
,,,resID,1
,,,resName,UNL
,,metrics
,,,distance,3.690933486260623
,,receptorAtoms
,,,atomIndex,1337
,,,atomName,CD
,,,chain,X
,,,resID,362
,,,resName,ARG
,closeContacts.106
,,ligandAtoms
,,,atomIndex,33
,,,atomName,C31
,,,chain,X
,,,resID,1
,,,resName,UNL
,,metrics
,,,distance,3.433000728225964
,,receptorAtoms
,,,atomIndex,1322
,,,atomName,O
,,,chain,X
,,,resID,361
,,,resName,HIE
,closeContacts.107
,,ligandAtoms
,,,atomIndex,33
,,,atomName,C31
,,,chain,X
,,,resID,1
,,,resName,UNL
,,metrics
,,,distance,3.3297438339908374
,,receptorAtoms
,,,atomIndex,1335
,,,atomName,CB
,,,chain,X
,,,resID,362
,,,resName,ARG
,closeContacts.108
,,ligandAtoms
,,,atomIndex,33
,,,atomName,C31
,,,chain,X
,,,resID,1
,,,resName,UNL
,,metrics
,,,distance,3.869149002041663
,,receptorAtoms
,,,atomIndex,1337
,,,atomName,CD
,,,chain,X
,,,resID,362
,,,resName,ARG
,closeContacts.109
,,ligandAtoms
,,,atomIndex,33
,,,atomName,C31
,,,chain,X
,,,resID,1
,,,resName,UNL
,,metrics
,,,distance,3.9616164630110275
,,receptorAtoms
,,,atomIndex,1521
,,,atomName,OD2
,,,chain,X
,,,resID,381
,,,resName,ASP
,closeContacts.110
,,ligandAtoms
,,,atomIndex,34
,,,atomName,BR1
,,,chain,X
,,,resID,1
,,,resName,UNL
,,metrics
,,,distance,3.726610255983311
,,receptorAtoms
,,,atomIndex,1337
,,,atomName,CD
,,,chain,X
,,,resID,362
,,,resName,ARG
,closeContacts.111
,,ligandAtoms
,,,atomIndex,34
,,,atomName,BR1
,,,chain,X
,,,resID,1
,,,resName,UNL
,,metrics
,,,distance,3.8420145757141526
,,receptorAtoms
,,,atomIndex,1340
,,,atomName,NH1
,,,chain,X
,,,resID,362
,,,resName,ARG
,closeContacts.112
,,ligandAtoms
,,,atomIndex,34
,,,atomName,BR1
,,,chain,X
,,,resID,1
,,,resName,UNL
,,metrics
,,,distance,3.133056016096744
,,receptorAtoms
,,,atomIndex,0
,,,atomName,HH11
,,,chain,X
,,,resID,362
,,,resName,ARG
,closeContacts.113
,,ligandAtoms
,,,atomIndex,34
,,,atomName,BR1
,,,chain,X
,,,resID,1
,,,resName,UNL
,,metrics
,,,distance,3.9487387859923078
,,receptorAtoms
,,,atomIndex,0
,,,atomName,HH22
,,,chain,X
,,,resID,386
,,,resName,ARG
,closeContacts.114
,,ligandAtoms
,,,atomIndex,35
,,,atomName,C11
,,,chain,X
,,,resID,1
,,,resName,UNL
,,metrics
,,,distance,3.916228415197457
,,receptorAtoms
,,,atomIndex,419
,,,atomName,CB
,,,chain,X
,,,resID,269
,,,resName,ALA
,closeContacts.115
,,ligandAtoms
,,,atomIndex,35
,,,atomName,C11
,,,chain,X
,,,resID,1
,,,resName,UNL
,,metrics
,,,distance,3.517337060902751
,,receptorAtoms
,,,atomIndex,1532
,,,atomName,CE2
,,,chain,X
,,,resID,382
,,,resName,PHE
,closeContacts.116
,,ligandAtoms
,,,atomIndex,36
,,,atomName,N4
,,,chain,X
,,,resID,1
,,,resName,UNL
,,metrics
,,,distance,3.902606692968174
,,receptorAtoms
,,,atomIndex,419
,,,atomName,CB
,,,chain,X
,,,resID,269
,,,resName,ALA
,closeContacts.117
,,ligandAtoms
,,,atomIndex,36
,,,atomName,N4
,,,chain,X
,,,resID,1
,,,resName,UNL
,,metrics
,,,distance,3.9547790077322897
,,receptorAtoms
,,,atomIndex,863
,,,atomName,CG1
,,,chain,X
,,,resID,315
,,,resName,ILE
,closeContacts.118
,,ligandAtoms
,,,atomIndex,36
,,,atomName,N4
,,,chain,X
,,,resID,1
,,,resName,UNL
,,metrics
,,,distance,3.56225714961736
,,receptorAtoms
,,,atomIndex,865
,,,atomName,CD1
,,,chain,X
,,,resID,315
,,,resName,ILE
,closeContacts.119
,,ligandAtoms
,,,atomIndex,36
,,,atomName,N4
,,,chain,X
,,,resID,1
,,,resName,UNL
,,metrics
,,,distance,3.266203606635692
,,receptorAtoms
,,,atomIndex,1532
,,,atomName,CE2
,,,chain,X
,,,resID,382
,,,resName,PHE
,closeContacts.120
,,ligandAtoms
,,,atomIndex,36
,,,atomName,N4
,,,chain,X
,,,resID,1
,,,resName,UNL
,,metrics
,,,distance,3.491797244972853
,,receptorAtoms
,,,atomIndex,1533
,,,atomName,CZ
,,,chain,X
,,,resID,382
,,,resName,PHE
,closeContacts.121
,,ligandAtoms
,,,atomIndex,37
,,,atomName,H28
,,,chain,X
,,,resID,1
,,,resName,UNL
,,metrics
,,,distance,3.8305558343404935
,,receptorAtoms
,,,atomIndex,863
,,,atomName,CG1
,,,chain,X
,,,resID,315
,,,resName,ILE
,closeContacts.122
,,ligandAtoms
,,,atomIndex,37
,,,atomName,H28
,,,chain,X
,,,resID,1
,,,resName,UNL
,,metrics
,,,distance,3.071388122657245
,,receptorAtoms
,,,atomIndex,865
,,,atomName,CD1
,,,chain,X
,,,resID,315
,,,resName,ILE
,closeContacts.123
,,ligandAtoms
,,,atomIndex,37
,,,atomName,H28
,,,chain,X
,,,resID,1
,,,resName,UNL
,,metrics
,,,distance,3.6006014775312196
,,receptorAtoms
,,,atomIndex,1420
,,,atomName,CD1
,,,chain,X
,,,resID,370
,,,resName,LEU
,closeContacts.124
,,ligandAtoms
,,,atomIndex,37
,,,atomName,H28
,,,chain,X
,,,resID,1
,,,resName,UNL
,,metrics
,,,distance,3.309153819332066
,,receptorAtoms
,,,atomIndex,1532
,,,atomName,CE2
,,,chain,X
,,,resID,382
,,,resName,PHE
,closeContacts.125
,,ligandAtoms
,,,atomIndex,37
,,,atomName,H28
,,,chain,X
,,,resID,1
,,,resName,UNL
,,metrics
,,,distance,3.274122325143031
,,receptorAtoms
,,,atomIndex,1533
,,,atomName,CZ
,,,chain,X
,,,resID,382
,,,resName,PHE
,closeContacts.126
,,ligandAtoms
,,,atomIndex,38
,,,atomName,O2
,,,chain,X
,,,resID,1
,,,resName,UNL
,,metrics
,,,distance,3.564877978276396
,,receptorAtoms
,,,atomIndex,284
,,,atomName,CB
,,,chain,X
,,,resID,256
,,,resName,VAL
,closeContacts.127
,,ligandAtoms
,,,atomIndex,38
,,,atomName,O2
,,,chain,X
,,,resID,1
,,,resName,UNL
,,metrics
,,,distance,3.421624321868198
,,receptorAtoms
,,,atomIndex,285
,,,atomName,CG1
,,,chain,X
,,,resID,256
,,,resName,VAL
,closeContacts.128
,,ligandAtoms
,,,atomIndex,38
,,,atomName,O2
,,,chain,X
,,,resID,1
,,,resName,UNL
,,metrics
,,,distance,3.5895562399828753
,,receptorAtoms
,,,atomIndex,419
,,,atomName,CB
,,,chain,X
,,,resID,269
,,,resName,ALA
,closeContacts.129
,,ligandAtoms
,,,atomIndex,38
,,,atomName,O2
,,,chain,X
,,,resID,1
,,,resName,UNL
,,metrics
,,,distance,3.9355280458916817
,,receptorAtoms
,,,atomIndex,1532
,,,atomName,CE2
,,,chain,X
,,,resID,382
,,,resName,PHE
,closeContacts.130
,,ligandAtoms
,,,atomIndex,39
,,,atomName,C12
,,,chain,X
,,,resID,1
,,,resName,UNL
,,metrics
,,,distance,3.4699556193127314
,,receptorAtoms
,,,atomIndex,419
,,,atomName,CB
,,,chain,X
,,,resID,269
,,,resName,ALA
,closeContacts.131
,,ligandAtoms
,,,atomIndex,39
,,,atomName,C12
,,,chain,X
,,,resID,1
,,,resName,UNL
,,metrics
,,,distance,3.607002772385959
,,receptorAtoms
,,,atomIndex,1532
,,,atomName,CE2
,,,chain,X
,,,resID,382
,,,resName,PHE
,closeContacts.132
,,ligandAtoms
,,,atomIndex,39
,,,atomName,C12
,,,chain,X
,,,resID,1
,,,resName,UNL
,,metrics
,,,distance,3.600982504817262
,,receptorAtoms
,,,atomIndex,1533
,,,atomName,CZ
,,,chain,X
,,,resID,382
,,,resName,PHE
,closeContacts.133
,,ligandAtoms
,,,atomIndex,40
,,,atomName,C13
,,,chain,X
,,,resID,1
,,,resName,UNL
,,metrics
,,,distance,3.599558584048884
,,receptorAtoms
,,,atomIndex,419
,,,atomName,CB
,,,chain,X
,,,resID,269
,,,resName,ALA
,closeContacts.134
,,ligandAtoms
,,,atomIndex,40
,,,atomName,C13
,,,chain,X
,,,resID,1
,,,resName,UNL
,,metrics
,,,distance,3.580682197570735
,,receptorAtoms
,,,atomIndex,1532
,,,atomName,CE2
,,,chain,X
,,,resID,382
,,,resName,PHE
,closeContacts.135
,,ligandAtoms
,,,atomIndex,40
,,,atomName,C13
,,,chain,X
,,,resID,1
,,,resName,UNL
,,metrics
,,,distance,3.7894048345353646
,,receptorAtoms
,,,atomIndex,1533
,,,atomName,CZ
,,,chain,X
,,,resID,382
,,,resName,PHE
,closeContacts.136
,,ligandAtoms
,,,atomIndex,41
,,,atomName,N5
,,,chain,X
,,,resID,1
,,,resName,UNL
,,metrics
,,,distance,3.509488424257871
,,receptorAtoms
,,,atomIndex,221
,,,atomName,CD1
,,,chain,X
,,,resID,248
,,,resName,LEU
,closeContacts.137
,,ligandAtoms
,,,atomIndex,41
,,,atomName,N5
,,,chain,X
,,,resID,1
,,,resName,UNL
,,metrics
,,,distance,3.8582738368342926
,,receptorAtoms
,,,atomIndex,419
,,,atomName,CB
,,,chain,X
,,,resID,269
,,,resName,ALA
,closeContacts.138
,,ligandAtoms
,,,atomIndex,42
,,,atomName,C14
,,,chain,X
,,,resID,1
,,,resName,UNL
,,metrics
,,,distance,3.9172076789468284
,,receptorAtoms
,,,atomIndex,419
,,,atomName,CB
,,,chain,X
,,,resID,269
,,,resName,ALA
,closeContacts.139
,,ligandAtoms
,,,atomIndex,42
,,,atomName,C14
,,,chain,X
,,,resID,1
,,,resName,UNL
,,metrics
,,,distance,3.302400036337209
,,receptorAtoms
,,,atomIndex,897
,,,atomName,H
,,,chain,X
,,,resID,318
,,,resName,MET
,closeContacts.140
,,ligandAtoms
,,,atomIndex,42
,,,atomName,C14
,,,chain,X
,,,resID,1
,,,resName,UNL
,,metrics
,,,distance,3.825883035326616
,,receptorAtoms
,,,atomIndex,1421
,,,atomName,CD2
,,,chain,X
,,,resID,370
,,,resName,LEU
,closeContacts.141
,,ligandAtoms
,,,atomIndex,43
,,,atomName,H29
,,,chain,X
,,,resID,1
,,,resName,UNL
,,metrics
,,,distance,3.7891703577432354
,,receptorAtoms
,,,atomIndex,219
,,,atomName,CB
,,,chain,X
,,,resID,248
,,,resName,LEU
,closeContacts.142
,,ligandAtoms
,,,atomIndex,43
,,,atomName,H29
,,,chain,X
,,,resID,1
,,,resName,UNL
,,metrics
,,,distance,3.8733905044547217
,,receptorAtoms
,,,atomIndex,220
,,,atomName,CG
,,,chain,X
,,,resID,248
,,,resName,LEU
,closeContacts.143
,,ligandAtoms
,,,atomIndex,43
,,,atomName,H29
,,,chain,X
,,,resID,1
,,,resName,UNL
,,metrics
,,,distance,2.93335115524889
,,receptorAtoms
,,,atomIndex,221
,,,atomName,CD1
,,,chain,X
,,,resID,248
,,,resName,LEU
,closeContacts.144
,,ligandAtoms
,,,atomIndex,44
,,,atomName,C15
,,,chain,X
,,,resID,1
,,,resName,UNL
,,metrics
,,,distance,3.676759850738148
,,receptorAtoms
,,,atomIndex,419
,,,atomName,CB
,,,chain,X
,,,resID,269
,,,resName,ALA
,closeContacts.145
,,ligandAtoms
,,,atomIndex,44
,,,atomName,C15
,,,chain,X
,,,resID,1
,,,resName,UNL
,,metrics
,,,distance,3.61674674258511
,,receptorAtoms
,,,atomIndex,897
,,,atomName,H
,,,chain,X
,,,resID,318
,,,resName,MET
,closeContacts.146
,,ligandAtoms
,,,atomIndex,44
,,,atomName,C15
,,,chain,X
,,,resID,1
,,,resName,UNL
,,metrics
,,,distance,3.482595870898602
,,receptorAtoms
,,,atomIndex,1420
,,,atomName,CD1
,,,chain,X
,,,resID,370
,,,resName,LEU
,closeContacts.147
,,ligandAtoms
,,,atomIndex,44
,,,atomName,C15
,,,chain,X
,,,resID,1
,,,resName,UNL
,,metrics
,,,distance,3.7743357031403546
,,receptorAtoms
,,,atomIndex,1421
,,,atomName,CD2
,,,chain,X
,,,resID,370
,,,resName,LEU
,closeContacts.148
,,ligandAtoms
,,,atomIndex,45
,,,atomName,C16
,,,chain,X
,,,resID,1
,,,resName,UNL
,,metrics
,,,distance,3.4185374065526912
,,receptorAtoms
,,,atomIndex,889
,,,atomName,N
,,,chain,X
,,,resID,318
,,,resName,MET
,closeContacts.149
,,ligandAtoms
,,,atomIndex,45
,,,atomName,C16
,,,chain,X
,,,resID,1
,,,resName,UNL
,,metrics
,,,distance,3.2815452152911133
,,receptorAtoms
,,,atomIndex,892
,,,atomName,O
,,,chain,X
,,,resID,318
,,,resName,MET
,closeContacts.150
,,ligandAtoms
,,,atomIndex,45
,,,atomName,C16
,,,chain,X
,,,resID,1
,,,resName,UNL
,,metrics
,,,distance,3.99725042998309
,,receptorAtoms
,,,atomIndex,893
,,,atomName,CB
,,,chain,X
,,,resID,318
,,,resName,MET
,closeContacts.151
,,ligandAtoms
,,,atomIndex,45
,,,atomName,C16
,,,chain,X
,,,resID,1
,,,resName,UNL
,,metrics
,,,distance,2.4674207180778875
,,receptorAtoms
,,,atomIndex,897
,,,atomName,H
,,,chain,X
,,,resID,318
,,,resName,MET
,closeContacts.152
,,ligandAtoms
,,,atomIndex,46
,,,atomName,C17
,,,chain,X
,,,resID,1
,,,resName,UNL
,,metrics
,,,distance,3.467741772393095
,,receptorAtoms
,,,atomIndex,892
,,,atomName,O
,,,chain,X
,,,resID,318
,,,resName,MET
,closeContacts.153
,,ligandAtoms
,,,atomIndex,46
,,,atomName,C17
,,,chain,X
,,,resID,1
,,,resName,UNL
,,metrics
,,,distance,3.749203248691647
,,receptorAtoms
,,,atomIndex,897
,,,atomName,H
,,,chain,X
,,,resID,318
,,,resName,MET
,closeContacts.154
,,ligandAtoms
,,,atomIndex,46
,,,atomName,C17
,,,chain,X
,,,resID,1
,,,resName,UNL
,,metrics
,,,distance,3.5245161370037748
,,receptorAtoms
,,,atomIndex,922
,,,atomName,CA
,,,chain,X
,,,resID,321
,,,resName,GLY
,closeContacts.155
,,ligandAtoms
,,,atomIndex,46
,,,atomName,C17
,,,chain,X
,,,resID,1
,,,resName,UNL
,,metrics
,,,distance,3.7008571980015668
,,receptorAtoms
,,,atomIndex,925
,,,atomName,H
,,,chain,X
,,,resID,321
,,,resName,GLY
,closeContacts.156
,,ligandAtoms
,,,atomIndex,47
,,,atomName,N6
,,,chain,X
,,,resID,1
,,,resName,UNL
,,metrics
,,,distance,3.174394587949017
,,receptorAtoms
,,,atomIndex,922
,,,atomName,CA
,,,chain,X
,,,resID,321
,,,resName,GLY
,closeContacts.157
,,ligandAtoms
,,,atomIndex,47
,,,atomName,N6
,,,chain,X
,,,resID,1
,,,resName,UNL
,,metrics
,,,distance,3.8598541423219617
,,receptorAtoms
,,,atomIndex,923
,,,atomName,C
,,,chain,X
,,,resID,321
,,,resName,GLY
,closeContacts.158
,,ligandAtoms
,,,atomIndex,47
,,,atomName,N6
,,,chain,X
,,,resID,1
,,,resName,UNL
,,metrics
,,,distance,3.8738581543469035
,,receptorAtoms
,,,atomIndex,934
,,,atomName,H
,,,chain,X
,,,resID,322
,,,resName,ASN
,closeContacts.159
,,ligandAtoms
,,,atomIndex,47
,,,atomName,N6
,,,chain,X
,,,resID,1
,,,resName,UNL
,,metrics
,,,distance,3.549542646595474
,,receptorAtoms
,,,atomIndex,1421
,,,atomName,CD2
,,,chain,X
,,,resID,370
,,,resName,LEU
,closeContacts.160
,,ligandAtoms
,,,atomIndex,48
,,,atomName,H30
,,,chain,X
,,,resID,1
,,,resName,UNL
,,metrics
,,,distance,3.737361368666403
,,receptorAtoms
,,,atomIndex,922
,,,atomName,CA
,,,chain,X
,,,resID,321
,,,resName,GLY
,closeContacts.161
,,ligandAtoms
,,,atomIndex,48
,,,atomName,H30
,,,chain,X
,,,resID,1
,,,resName,UNL
,,metrics
,,,distance,2.7659070844842204
,,receptorAtoms
,,,atomIndex,1421
,,,atomName,CD2
,,,chain,X
,,,resID,370
,,,resName,LEU
,closeContacts.162
,,ligandAtoms
,,,atomIndex,49
,,,atomName,O3
,,,chain,X
,,,resID,1
,,,resName,UNL
,,metrics
,,,distance,3.363885996879204
,,receptorAtoms
,,,atomIndex,885
,,,atomName,CE1
,,,chain,X
,,,resID,317
,,,resName,PHE
,closeContacts.163
,,ligandAtoms
,,,atomIndex,49
,,,atomName,O3
,,,chain,X
,,,resID,1
,,,resName,UNL
,,metrics
,,,distance,3.3094399828369756
,,receptorAtoms
,,,atomIndex,887
,,,atomName,CZ
,,,chain,X
,,,resID,317
,,,resName,PHE
,closeContacts.164
,,ligandAtoms
,,,atomIndex,49
,,,atomName,O3
,,,chain,X
,,,resID,1
,,,resName,UNL
,,metrics
,,,distance,3.372710779180451
,,receptorAtoms
,,,atomIndex,892
,,,atomName,O
,,,chain,X
,,,resID,318
,,,resName,MET
,closeContacts.165
,,ligandAtoms
,,,atomIndex,49
,,,atomName,O3
,,,chain,X
,,,resID,1
,,,resName,UNL
,,metrics
,,,distance,3.9542142076523885
,,receptorAtoms
,,,atomIndex,921
,,,atomName,N
,,,chain,X
,,,resID,321
,,,resName,GLY
,closeContacts.166
,,ligandAtoms
,,,atomIndex,49
,,,atomName,O3
,,,chain,X
,,,resID,1
,,,resName,UNL
,,metrics
,,,distance,3.6662287162696225
,,receptorAtoms
,,,atomIndex,922
,,,atomName,CA
,,,chain,X
,,,resID,321
,,,resName,GLY
,closeContacts.167
,,ligandAtoms
,,,atomIndex,49
,,,atomName,O3
,,,chain,X
,,,resID,1
,,,resName,UNL
,,metrics
,,,distance,3.6110830785236723
,,receptorAtoms
,,,atomIndex,925
,,,atomName,H
,,,chain,X
,,,resID,321
,,,resName,GLY
,closeContacts.168
,,ligandAtoms
,,,atomIndex,50
,,,atomName,C18
,,,chain,X
,,,resID,1
,,,resName,UNL
,,metrics
,,,distance,3.047143908646259
,,receptorAtoms
,,,atomIndex,922
,,,atomName,CA
,,,chain,X
,,,resID,321
,,,resName,GLY
,closeContacts.169
,,ligandAtoms
,,,atomIndex,50
,,,atomName,C18
,,,chain,X
,,,resID,1
,,,resName,UNL
,,metrics
,,,distance,3.7398990628090485
,,receptorAtoms
,,,atomIndex,923
,,,atomName,C
,,,chain,X
,,,resID,321
,,,resName,GLY
,closeContacts.170
,,ligandAtoms
,,,atomIndex,50
,,,atomName,C18
,,,chain,X
,,,resID,1
,,,resName,UNL
,,metrics
,,,distance,3.6145353781641147
,,receptorAtoms
,,,atomIndex,926
,,,atomName,N
,,,chain,X
,,,resID,322
,,,resName,ASN
,closeContacts.171
,,ligandAtoms
,,,atomIndex,50
,,,atomName,C18
,,,chain,X
,,,resID,1
,,,resName,UNL
,,metrics
,,,distance,3.069308391152638
,,receptorAtoms
,,,atomIndex,934
,,,atomName,H
,,,chain,X
,,,resID,322
,,,resName,ASN
,closeContacts.172
,,ligandAtoms
,,,atomIndex,50
,,,atomName,C18
,,,chain,X
,,,resID,1
,,,resName,UNL
,,metrics
,,,distance,3.9228575044219998
,,receptorAtoms
,,,atomIndex,9351
,,,atomName,1HD2
,,,chain,X
,,,resID,322
,,,resName,ASN
,closeContacts.173
,,ligandAtoms
,,,atomIndex,51
,,,atomName,C19
,,,chain,X
,,,resID,1
,,,resName,UNL
,,metrics
,,,distance,3.9338665457791007
,,receptorAtoms
,,,atomIndex,219
,,,atomName,CB
,,,chain,X
,,,resID,248
,,,resName,LEU
,closeContacts.174
,,ligandAtoms
,,,atomIndex,52
,,,atomName,C20
,,,chain,X
,,,resID,1
,,,resName,UNL
,,metrics
,,,distance,3.4496438946650705
,,receptorAtoms
,,,atomIndex,219
,,,atomName,CB
,,,chain,X
,,,resID,248
,,,resName,LEU
,closeContacts.175
,,ligandAtoms
,,,atomIndex,52
,,,atomName,C20
,,,chain,X
,,,resID,1
,,,resName,UNL
,,metrics
,,,distance,3.871669536517805
,,receptorAtoms
,,,atomIndex,222
,,,atomName,CD2
,,,chain,X
,,,resID,248
,,,resName,LEU
,closeContacts.176
,,ligandAtoms
,,,atomIndex,52
,,,atomName,C20
,,,chain,X
,,,resID,1
,,,resName,UNL
,,metrics
,,,distance,3.6818980159694816
,,receptorAtoms
,,,atomIndex,224
,,,atomName,N
,,,chain,X
,,,resID,249
,,,resName,GLY
,closeContacts.177
,,ligandAtoms
,,,atomIndex,52
,,,atomName,C20
,,,chain,X
,,,resID,1
,,,resName,UNL
,,metrics
,,,distance,3.199271948428267
,,receptorAtoms
,,,atomIndex,228
,,,atomName,H
,,,chain,X
,,,resID,249
,,,resName,GLY
,closeContacts.178
,,ligandAtoms
,,,atomIndex,53
,,,atomName,N7
,,,chain,X
,,,resID,1
,,,resName,UNL
,,metrics
,,,distance,3.7933777823992165
,,receptorAtoms
,,,atomIndex,222
,,,atomName,CD2
,,,chain,X
,,,resID,248
,,,resName,LEU
,closeContacts.179
,,ligandAtoms
,,,atomIndex,54
,,,atomName,C21
,,,chain,X
,,,resID,1
,,,resName,UNL
,,metrics
,,,distance,3.376001629146527
,,receptorAtoms
,,,atomIndex,222
,,,atomName,CD2
,,,chain,X
,,,resID,248
,,,resName,LEU
,closeContacts.180
,,ligandAtoms
,,,atomIndex,54
,,,atomName,C21
,,,chain,X
,,,resID,1
,,,resName,UNL
,,metrics
,,,distance,3.932124235066843
,,receptorAtoms
,,,atomIndex,887
,,,atomName,CZ
,,,chain,X
,,,resID,317
,,,resName,PHE
,closeContacts.181
,,ligandAtoms
,,,atomIndex,55
,,,atomName,N8
,,,chain,X
,,,resID,1
,,,resName,UNL
,,metrics
,,,distance,3.8480356027458997
,,receptorAtoms
,,,atomIndex,885
,,,atomName,CE1
,,,chain,X
,,,resID,317
,,,resName,PHE
,closeContacts.182
,,ligandAtoms
,,,atomIndex,55
,,,atomName,N8
,,,chain,X
,,,resID,1
,,,resName,UNL
,,metrics
,,,distance,3.1422320092571145
,,receptorAtoms
,,,atomIndex,887
,,,atomName,CZ
,,,chain,X
,,,resID,317
,,,resName,PHE
,closeContacts.183
,,ligandAtoms
,,,atomIndex,56
,,,atomName,O4
,,,chain,X
,,,resID,1
,,,resName,UNL
,,metrics
,,,distance,3.4170990620700477
,,receptorAtoms
,,,atomIndex,201
,,,atomName,HE2
,,,chain,X
,,,resID,246
,,,resName,HIE
,closeContacts.184
,,ligandAtoms
,,,atomIndex,56
,,,atomName,O4
,,,chain,X
,,,resID,1
,,,resName,UNL
,,metrics
,,,distance,2.946973023290167
,,receptorAtoms
,,,atomIndex,222
,,,atomName,CD2
,,,chain,X
,,,resID,248
,,,resName,LEU
,closeContacts.185
,,ligandAtoms
,,,atomIndex,56
,,,atomName,O4
,,,chain,X
,,,resID,1
,,,resName,UNL
,,metrics
,,,distance,3.8134231341407676
,,receptorAtoms
,,,atomIndex,228
,,,atomName,H
,,,chain,X
,,,resID,249
,,,resName,GLY
,closeContacts.186
,,ligandAtoms
,,,atomIndex,57
,,,atomName,H32
,,,chain,X
,,,resID,1
,,,resName,UNL
,,metrics
,,,distance,3.239992283941429
,,receptorAtoms
,,,atomIndex,885
,,,atomName,CE1
,,,chain,X
,,,resID,317
,,,resName,PHE
,closeContacts.187
,,ligandAtoms
,,,atomIndex,57
,,,atomName,H32
,,,chain,X
,,,resID,1
,,,resName,UNL
,,metrics
,,,distance,3.3251485681094017
,,receptorAtoms
,,,atomIndex,886
,,,atomName,CE2
,,,chain,X
,,,resID,317
,,,resName,PHE
,closeContacts.188
,,ligandAtoms
,,,atomIndex,57
,,,atomName,H32
,,,chain,X
,,,resID,1
,,,resName,UNL
,,metrics
,,,distance,2.4712563606392606
,,receptorAtoms
,,,atomIndex,887
,,,atomName,CZ
,,,chain,X
,,,resID,317
,,,resName,PHE
,closeContacts.189
,,ligandAtoms
,,,atomIndex,57
,,,atomName,H32
,,,chain,X
,,,resID,1
,,,resName,UNL
,,metrics
,,,distance,3.850274016222742
,,receptorAtoms
,,,atomIndex,901
,,,atomName,O
,,,chain,X
,,,resID,319
,,,resName,THR
,closeContacts.190
,,ligandAtoms
,,,atomIndex,58
,,,atomName,H33
,,,chain,X
,,,resID,1
,,,resName,UNL
,,metrics
,,,distance,3.893471715577241
,,receptorAtoms
,,,atomIndex,885
,,,atomName,CE1
,,,chain,X
,,,resID,317
,,,resName,PHE
,closeContacts.191
,,ligandAtoms
,,,atomIndex,58
,,,atomName,H33
,,,chain,X
,,,resID,1
,,,resName,UNL
,,metrics
,,,distance,3.0854422697564763
,,receptorAtoms
,,,atomIndex,887
,,,atomName,CZ
,,,chain,X
,,,resID,317
,,,resName,PHE
,closeContacts.192
,,ligandAtoms
,,,atomIndex,59
,,,atomName,H31
,,,chain,X
,,,resID,1
,,,resName,UNL
,,metrics
,,,distance,3.9967152763237963
,,receptorAtoms
,,,atomIndex,921
,,,atomName,N
,,,chain,X
,,,resID,321
,,,resName,GLY
,closeContacts.193
,,ligandAtoms
,,,atomIndex,59
,,,atomName,H31
,,,chain,X
,,,resID,1
,,,resName,UNL
,,metrics
,,,distance,3.3931451486784345
,,receptorAtoms
,,,atomIndex,922
,,,atomName,CA
,,,chain,X
,,,resID,321
,,,resName,GLY
closestContacts
,closestContacts.1
,,ligandAtoms
,,,atomIndex,9
,,,atomName,O1
,,,chain,X
,,,resID,1
,,,resName,UNL
,,metrics
,,,distance,1.8870217274848744
,,receptorAtoms
,,,atomIndex,1522
,,,atomName,H
,,,chain,X
,,,resID,381
,,,resName,ASP
,closestContacts.2
,,ligandAtoms
,,,atomIndex,10
,,,atomName,H27
,,,chain,X
,,,resID,1
,,,resName,UNL
,,metrics
,,,distance,2.064773837494073
,,receptorAtoms
,,,atomIndex,590
,,,atomName,OE2
,,,chain,X
,,,resID,286
,,,resName,GLU
,closestContacts.3
,,ligandAtoms
,,,atomIndex,45
,,,atomName,C16
,,,chain,X
,,,resID,1
,,,resName,UNL
,,metrics
,,,distance,2.4674207180778875
,,receptorAtoms
,,,atomIndex,897
,,,atomName,H
,,,chain,X
,,,resID,318
,,,resName,MET
,closestContacts.4
,,ligandAtoms
,,,atomIndex,57
,,,atomName,H32
,,,chain,X
,,,resID,1
,,,resName,UNL
,,metrics
,,,distance,2.4712563606392606
,,receptorAtoms
,,,atomIndex,887
,,,atomName,CZ
,,,chain,X
,,,resID,317
,,,resName,PHE
electrostaticEnergies
,BBR_C,0
,BBR_HH,0
,BBR_N,0
,C_C,0
,C_HH,0
,C_N,0
,C_NN,0
,C_OO,0
,C_SS,0
,HH_HH,0
,HH_N,0
,HH_OO,0
,HH_SS,0
,N_N,0
,N_OO,0
,N_SS,0
,OO_OO,0
halogenBonds,none
hydrogenBonds
,hydrogenBonds.1
,,ligandAtoms
,,,atomIndex,9
,,,atomName,O1
,,,chain,X
,,,resID,1
,,,resName,UNL
,,metrics
,,,angle,12.628186961505435
,,,distance,2.880413338394335
,,receptorAtoms
,,,receptorAtoms.1
,,,,atomIndex,1514
,,,,atomName,N
,,,,chain,X
,,,,resID,381
,,,,resName,ASP
,,,receptorAtoms.2
,,,,atomIndex,1522
,,,,atomName,H
,,,,chain,X
,,,,resID,381
,,,,resName,ASP
,hydrogenBonds.2
,,ligandAtoms
,,,ligandAtoms.1
,,,,atomIndex,17
,,,,atomName,N9
,,,,chain,X
,,,,resID,1
,,,,resName,UNL
,,,ligandAtoms.2
,,,,atomIndex,20
,,,,atomName,H34
,,,,chain,X
,,,,resID,1
,,,,resName,UNL
,,metrics
,,,angle,32.54549621922109
,,,distance,3.6866609553903924
,,receptorAtoms
,,,atomIndex,1521
,,,atomName,OD2
,,,chain,X
,,,resID,381
,,,resName,ASP
hydrophobicContacts
,hydrophobicContacts.1
,,ligandAtoms
,,,atomIndex,1
,,,atomName,C7
,,,chain,X
,,,resID,1
,,,resName,UNL
,,metrics
,,,distance,3.771169712436713
,,receptorAtoms
,,,atomIndex,619
,,,atomName,CE
,,,chain,X
,,,resID,290
,,,resName,MET
,hydrophobicContacts.2
,,ligandAtoms
,,,atomIndex,2
,,,atomName,C8
,,,chain,X
,,,resID,1
,,,resName,UNL
,,metrics
,,,distance,3.4915682722810963
,,receptorAtoms
,,,atomIndex,619
,,,atomName,CE
,,,chain,X
,,,resID,290
,,,resName,MET
,hydrophobicContacts.3
,,ligandAtoms
,,,atomIndex,2
,,,atomName,C8
,,,chain,X
,,,resID,1
,,,resName,UNL
,,metrics
,,,distance,3.4464465758226974
,,receptorAtoms
,,,atomIndex,846
,,,atomName,CG2
,,,chain,X
,,,resID,313
,,,resName,ILE
,hydrophobicContacts.4
,,ligandAtoms
,,,atomIndex,2
,,,atomName,C8
,,,chain,X
,,,resID,1
,,,resName,UNL
,,metrics
,,,distance,3.9124239289729337
,,receptorAtoms
,,,atomIndex,864
,,,atomName,CG2
,,,chain,X
,,,resID,315
,,,resName,ILE
,hydrophobicContacts.5
,,ligandAtoms
,,,atomIndex,3
,,,atomName,C9
,,,chain,X
,,,resID,1
,,,resName,UNL
,,metrics
,,,distance,3.990461878028658
,,receptorAtoms
,,,atomIndex,1532
,,,atomName,CE2
,,,chain,X
,,,resID,382
,,,resName,PHE
,hydrophobicContacts.6
,,ligandAtoms
,,,atomIndex,4
,,,atomName,C10
,,,chain,X
,,,resID,1
,,,resName,UNL
,,metrics
,,,distance,3.686398513454562
,,receptorAtoms
,,,atomIndex,1532
,,,atomName,CE2
,,,chain,X
,,,resID,382
,,,resName,PHE
,hydrophobicContacts.7
,,ligandAtoms
,,,atomIndex,5
,,,atomName,C22
,,,chain,X
,,,resID,1
,,,resName,UNL
,,metrics
,,,distance,3.8969821657277324
,,receptorAtoms
,,,atomIndex,433
,,,atomName,CB
,,,chain,X
,,,resID,271
,,,resName,LYS
,hydrophobicContacts.8
,,ligandAtoms
,,,atomIndex,5
,,,atomName,C22
,,,chain,X
,,,resID,1
,,,resName,UNL
,,metrics
,,,distance,3.5686472226881727
,,receptorAtoms
,,,atomIndex,842
,,,atomName,C
,,,chain,X
,,,resID,313
,,,resName,ILE
,hydrophobicContacts.9
,,ligandAtoms
,,,atomIndex,5
,,,atomName,C22
,,,chain,X
,,,resID,1
,,,resName,UNL
,,metrics
,,,distance,3.859267287970608
,,receptorAtoms
,,,atomIndex,846
,,,atomName,CG2
,,,chain,X
,,,resID,313
,,,resName,ILE
,hydrophobicContacts.10
,,ligandAtoms
,,,atomIndex,8
,,,atomName,C6
,,,chain,X
,,,resID,1
,,,resName,UNL
,,metrics
,,,distance,3.877425047631482
,,receptorAtoms
,,,atomIndex,1516
,,,atomName,C
,,,chain,X
,,,resID,381
,,,resName,ASP
,hydrophobicContacts.11
,,ligandAtoms
,,,atomIndex,11
,,,atomName,C5
,,,chain,X
,,,resID,1
,,,resName,UNL
,,metrics
,,,distance,3.9468600177862907
,,receptorAtoms
,,,atomIndex,1515
,,,atomName,CA
,,,chain,X
,,,resID,381
,,,resName,ASP
,hydrophobicContacts.12
,,ligandAtoms
,,,atomIndex,11
,,,atomName,C5
,,,chain,X
,,,resID,1
,,,resName,UNL
,,metrics
,,,distance,3.8866246281317167
,,receptorAtoms
,,,atomIndex,1516
,,,atomName,C
,,,chain,X
,,,resID,381
,,,resName,ASP
,hydrophobicContacts.13
,,ligandAtoms
,,,atomIndex,11
,,,atomName,C5
,,,chain,X
,,,resID,1
,,,resName,UNL
,,metrics
,,,distance,3.7987404491489016
,,receptorAtoms
,,,atomIndex,1518
,,,atomName,CB
,,,chain,X
,,,resID,381
,,,resName,ASP
,hydrophobicContacts.14
,,ligandAtoms
,,,atomIndex,12
,,,atomName,C4
,,,chain,X
,,,resID,1
,,,resName,UNL
,,metrics
,,,distance,3.848499058074459
,,receptorAtoms
,,,atomIndex,587
,,,atomName,CG
,,,chain,X
,,,resID,286
,,,resName,GLU
,hydrophobicContacts.15
,,ligandAtoms
,,,atomIndex,12
,,,atomName,C4
,,,chain,X
,,,resID,1
,,,resName,UNL
,,metrics
,,,distance,3.6364657292486617
,,receptorAtoms
,,,atomIndex,588
,,,atomName,CD
,,,chain,X
,,,resID,286
,,,resName,GLU
,hydrophobicContacts.16
,,ligandAtoms
,,,atomIndex,12
,,,atomName,C4
,,,chain,X
,,,resID,1
,,,resName,UNL
,,metrics
,,,distance,3.969767751393021
,,receptorAtoms
,,,atomIndex,1516
,,,atomName,C
,,,chain,X
,,,resID,381
,,,resName,ASP
,hydrophobicContacts.17
,,ligandAtoms
,,,atomIndex,12
,,,atomName,C4
,,,chain,X
,,,resID,1
,,,resName,UNL
,,metrics
,,,distance,3.631570183818564
,,receptorAtoms
,,,atomIndex,1518
,,,atomName,CB
,,,chain,X
,,,resID,381
,,,resName,ASP
,hydrophobicContacts.18
,,ligandAtoms
,,,atomIndex,13
,,,atomName,C3
,,,chain,X
,,,resID,1
,,,resName,UNL
,,metrics
,,,distance,3.5613877912970944
,,receptorAtoms
,,,atomIndex,1518
,,,atomName,CB
,,,chain,X
,,,resID,381
,,,resName,ASP
,hydrophobicContacts.19
,,ligandAtoms
,,,atomIndex,14
,,,atomName,C2
,,,chain,X
,,,resID,1
,,,resName,UNL
,,metrics
,,,distance,3.687219413053691
,,receptorAtoms
,,,atomIndex,1518
,,,atomName,CB
,,,chain,X
,,,resID,381
,,,resName,ASP
,hydrophobicContacts.20
,,ligandAtoms
,,,atomIndex,16
,,,atomName,C1
,,,chain,X
,,,resID,1
,,,resName,UNL
,,metrics
,,,distance,2.841442943294831
,,receptorAtoms
,,,atomIndex,711
,,,atomName,CG2
,,,chain,X
,,,resID,299
,,,resName,VAL
,hydrophobicContacts.21
,,ligandAtoms
,,,atomIndex,16
,,,atomName,C1
,,,chain,X
,,,resID,1
,,,resName,UNL
,,metrics
,,,distance,3.5564275614723266
,,receptorAtoms
,,,atomIndex,1509
,,,atomName,CA
,,,chain,X
,,,resID,380
,,,resName,ALA
,hydrophobicContacts.22
,,ligandAtoms
,,,atomIndex,16
,,,atomName,C1
,,,chain,X
,,,resID,1
,,,resName,UNL
,,metrics
,,,distance,3.770340302943489
,,receptorAtoms
,,,atomIndex,1510
,,,atomName,C
,,,chain,X
,,,resID,380
,,,resName,ALA
,hydrophobicContacts.23
,,ligandAtoms
,,,atomIndex,18
,,,atomName,C23
,,,chain,X
,,,resID,1
,,,resName,UNL
,,metrics
,,,distance,3.8658424696306497
,,receptorAtoms
,,,atomIndex,608
,,,atomName,CB
,,,chain,X
,,,resID,289
,,,resName,VAL
,hydrophobicContacts.24
,,ligandAtoms
,,,atomIndex,18
,,,atomName,C23
,,,chain,X
,,,resID,1
,,,resName,UNL
,,metrics
,,,distance,3.7016301814200725
,,receptorAtoms
,,,atomIndex,609
,,,atomName,CG1
,,,chain,X
,,,resID,289
,,,resName,VAL
,hydrophobicContacts.25
,,ligandAtoms
,,,atomIndex,21
,,,atomName,C24
,,,chain,X
,,,resID,1
,,,resName,UNL
,,metrics
,,,distance,3.9616048515721505
,,receptorAtoms
,,,atomIndex,608
,,,atomName,CB
,,,chain,X
,,,resID,289
,,,resName,VAL
,hydrophobicContacts.26
,,ligandAtoms
,,,atomIndex,21
,,,atomName,C24
,,,chain,X
,,,resID,1
,,,resName,UNL
,,metrics
,,,distance,3.9695693721107834
,,receptorAtoms
,,,atomIndex,609
,,,atomName,CG1
,,,chain,X
,,,resID,289
,,,resName,VAL
,hydrophobicContacts.27
,,ligandAtoms
,,,atomIndex,21
,,,atomName,C24
,,,chain,X
,,,resID,1
,,,resName,UNL
,,metrics
,,,distance,3.80443386064208
,,receptorAtoms
,,,atomIndex,610
,,,atomName,CG2
,,,chain,X
,,,resID,289
,,,resName,VAL
,hydrophobicContacts.28
,,ligandAtoms
,,,atomIndex,24
,,,atomName,C27
,,,chain,X
,,,resID,1
,,,resName,UNL
,,metrics
,,,distance,3.716444133846223
,,receptorAtoms
,,,atomIndex,610
,,,atomName,CG2
,,,chain,X
,,,resID,289
,,,resName,VAL
,hydrophobicContacts.29
,,ligandAtoms
,,,atomIndex,32
,,,atomName,C30
,,,chain,X
,,,resID,1
,,,resName,UNL
,,metrics
,,,distance,3.992546806237843
,,receptorAtoms
,,,atomIndex,1335
,,,atomName,CB
,,,chain,X
,,,resID,362
,,,resName,ARG
,hydrophobicContacts.30
,,ligandAtoms
,,,atomIndex,32
,,,atomName,C30
,,,chain,X
,,,resID,1
,,,resName,UNL
,,metrics
,,,distance,3.690933486260623
,,receptorAtoms
,,,atomIndex,1337
,,,atomName,CD
,,,chain,X
,,,resID,362
,,,resName,ARG
,hydrophobicContacts.31
,,ligandAtoms
,,,atomIndex,33
,,,atomName,C31
,,,chain,X
,,,resID,1
,,,resName,UNL
,,metrics
,,,distance,3.3297438339908374
,,receptorAtoms
,,,atomIndex,1335
,,,atomName,CB
,,,chain,X
,,,resID,362
,,,resName,ARG
,hydrophobicContacts.32
,,ligandAtoms
,,,atomIndex,33
,,,atomName,C31
,,,chain,X
,,,resID,1
,,,resName,UNL
,,metrics
,,,distance,3.869149002041663
,,receptorAtoms
,,,atomIndex,1337
,,,atomName,CD
,,,chain,X
,,,resID,362
,,,resName,ARG
,hydrophobicContacts.33
,,ligandAtoms
,,,atomIndex,35
,,,atomName,C11
,,,chain,X
,,,resID,1
,,,resName,UNL
,,metrics
,,,distance,3.916228415197457
,,receptorAtoms
,,,atomIndex,419
,,,atomName,CB
,,,chain,X
,,,resID,269
,,,resName,ALA
,hydrophobicContacts.34
,,ligandAtoms
,,,atomIndex,35
,,,atomName,C11
,,,chain,X
,,,resID,1
,,,resName,UNL
,,metrics
,,,distance,3.517337060902751
,,receptorAtoms
,,,atomIndex,1532
,,,atomName,CE2
,,,chain,X
,,,resID,382
,,,resName,PHE
,hydrophobicContacts.35
,,ligandAtoms
,,,atomIndex,39
,,,atomName,C12
,,,chain,X
,,,resID,1
,,,resName,UNL
,,metrics
,,,distance,3.4699556193127314
,,receptorAtoms
,,,atomIndex,419
,,,atomName,CB
,,,chain,X
,,,resID,269
,,,resName,ALA
,hydrophobicContacts.36
,,ligandAtoms
,,,atomIndex,39
,,,atomName,C12
,,,chain,X
,,,resID,1
,,,resName,UNL
,,metrics
,,,distance,3.607002772385959
,,receptorAtoms
,,,atomIndex,1532
,,,atomName,CE2
,,,chain,X
,,,resID,382
,,,resName,PHE
,hydrophobicContacts.37
,,ligandAtoms
,,,atomIndex,39
,,,atomName,C12
,,,chain,X
,,,resID,1
,,,resName,UNL
,,metrics
,,,distance,3.600982504817262
,,receptorAtoms
,,,atomIndex,1533
,,,atomName,CZ
,,,chain,X
,,,resID,382
,,,resName,PHE
,hydrophobicContacts.38
,,ligandAtoms
,,,atomIndex,40
,,,atomName,C13
,,,chain,X
,,,resID,1
,,,resName,UNL
,,metrics
,,,distance,3.599558584048884
,,receptorAtoms
,,,atomIndex,419
,,,atomName,CB
,,,chain,X
,,,resID,269
,,,resName,ALA
,hydrophobicContacts.39
,,ligandAtoms
,,,atomIndex,40
,,,atomName,C13
,,,chain,X
,,,resID,1
,,,resName,UNL
,,metrics
,,,distance,3.580682197570735
,,receptorAtoms
,,,atomIndex,1532
,,,atomName,CE2
,,,chain,X
,,,resID,382
,,,resName,PHE
,hydrophobicContacts.40
,,ligandAtoms
,,,atomIndex,40
,,,atomName,C13
,,,chain,X
,,,resID,1
,,,resName,UNL
,,metrics
,,,distance,3.7894048345353646
,,receptorAtoms
,,,atomIndex,1533
,,,atomName,CZ
,,,chain,X
,,,resID,382
,,,resName,PHE
,hydrophobicContacts.41
,,ligandAtoms
,,,atomIndex,42
,,,atomName,C14
,,,chain,X
,,,resID,1
,,,resName,UNL
,,metrics
,,,distance,3.9172076789468284
,,receptorAtoms
,,,atomIndex,419
,,,atomName,CB
,,,chain,X
,,,resID,269
,,,resName,ALA
,hydrophobicContacts.42
,,ligandAtoms
,,,atomIndex,42
,,,atomName,C14
,,,chain,X
,,,resID,1
,,,resName,UNL
,,metrics
,,,distance,3.825883035326616
,,receptorAtoms
,,,atomIndex,1421
,,,atomName,CD2
,,,chain,X
,,,resID,370
,,,resName,LEU
,hydrophobicContacts.43
,,ligandAtoms
,,,atomIndex,44
,,,atomName,C15
,,,chain,X
,,,resID,1
,,,resName,UNL
,,metrics
,,,distance,3.676759850738148
,,receptorAtoms
,,,atomIndex,419
,,,atomName,CB
,,,chain,X
,,,resID,269
,,,resName,ALA
,hydrophobicContacts.44
,,ligandAtoms
,,,atomIndex,44
,,,atomName,C15
,,,chain,X
,,,resID,1
,,,resName,UNL
,,metrics
,,,distance,3.482595870898602
,,receptorAtoms
,,,atomIndex,1420
,,,atomName,CD1
,,,chain,X
,,,resID,370
,,,resName,LEU
,hydrophobicContacts.45
,,ligandAtoms
,,,atomIndex,44
,,,atomName,C15
,,,chain,X
,,,resID,1
,,,resName,UNL
,,metrics
,,,distance,3.7743357031403546
,,receptorAtoms
,,,atomIndex,1421
,,,atomName,CD2
,,,chain,X
,,,resID,370
,,,resName,LEU
,hydrophobicContacts.46
,,ligandAtoms
,,,atomIndex,45
,,,atomName,C16
,,,chain,X
,,,resID,1
,,,resName,UNL
,,metrics
,,,distance,3.99725042998309
,,receptorAtoms
,,,atomIndex,893
,,,atomName,CB
,,,chain,X
,,,resID,318
,,,resName,MET
,hydrophobicContacts.47
,,ligandAtoms
,,,atomIndex,46
,,,atomName,C17
,,,chain,X
,,,resID,1
,,,resName,UNL
,,metrics
,,,distance,3.5245161370037748
,,receptorAtoms
,,,atomIndex,922
,,,atomName,CA
,,,chain,X
,,,resID,321
,,,resName,GLY
,hydrophobicContacts.48
,,ligandAtoms
,,,atomIndex,50
,,,atomName,C18
,,,chain,X
,,,resID,1
,,,resName,UNL
,,metrics
,,,distance,3.047143908646259
,,receptorAtoms
,,,atomIndex,922
,,,atomName,CA
,,,chain,X
,,,resID,321
,,,resName,GLY
,hydrophobicContacts.49
,,ligandAtoms
,,,atomIndex,50
,,,atomName,C18
,,,chain,X
,,,resID,1
,,,resName,UNL
,,metrics
,,,distance,3.7398990628090485
,,receptorAtoms
,,,atomIndex,923
,,,atomName,C
,,,chain,X
,,,resID,321
,,,resName,GLY
,hydrophobicContacts.50
,,ligandAtoms
,,,atomIndex,51
,,,atomName,C19
,,,chain,X
,,,resID,1
,,,resName,UNL
,,metrics
,,,distance,3.9338665457791007
,,receptorAtoms
,,,atomIndex,219
,,,atomName,CB
,,,chain,X
,,,resID,248
,,,resName,LEU
,hydrophobicContacts.51
,,ligandAtoms
,,,atomIndex,52
,,,atomName,C20
,,,chain,X
,,,resID,1
,,,resName,UNL
,,metrics
,,,distance,3.4496438946650705
,,receptorAtoms
,,,atomIndex,219
,,,atomName,CB
,,,chain,X
,,,resID,248
,,,resName,LEU
,hydrophobicContacts.52
,,ligandAtoms
,,,atomIndex,52
,,,atomName,C20
,,,chain,X
,,,resID,1
,,,resName,UNL
,,metrics
,,,distance,3.871669536517805
,,receptorAtoms
,,,atomIndex,222
,,,atomName,CD2
,,,chain,X
,,,resID,248
,,,resName,LEU
,hydrophobicContacts.53
,,ligandAtoms
,,,atomIndex,54
,,,atomName,C21
,,,chain,X
,,,resID,1
,,,resName,UNL
,,metrics
,,,distance,3.376001629146527
,,receptorAtoms
,,,atomIndex,222
,,,atomName,CD2
,,,chain,X
,,,resID,248
,,,resName,LEU
,hydrophobicContacts.54
,,ligandAtoms
,,,atomIndex,54
,,,atomName,C21
,,,chain,X
,,,resID,1
,,,resName,UNL
,,metrics
,,,distance,3.932124235066843
,,receptorAtoms
,,,atomIndex,887
,,,atomName,CZ
,,,chain,X
,,,resID,317
,,,resName,PHE
ligandAtomTypes
,BBR,1
,C,31
,HH,10
,N,10
,NN,1
,OO,6
metalCoordinations,none
piPiStackingInteractions,none
saltBridges,none
tStackingInteractions,none
