activeSiteFlexibility
,BACKBONE_ALPHA,5
,BACKBONE_BETA,14
,BACKBONE_OTHER,25
,SIDECHAIN_ALPHA,39
,SIDECHAIN_BETA,55
,SIDECHAIN_OTHER,75
cationPiInteractions,none
closeContacts
,closeContacts.1
,,ligandAtoms
,,,atomIndex,1
,,,atomName,C21
,,,chain,X
,,,resID,1
,,,resName,UNL
,,metrics
,,,distance,3.825551594214879
,,receptorAtoms
,,,atomIndex,863
,,,atomName,CG1
,,,chain,X
,,,resID,315
,,,resName,ILE
,closeContacts.2
,,ligandAtoms
,,,atomIndex,1
,,,atomName,C21
,,,chain,X
,,,resID,1
,,,resName,UNL
,,metrics
,,,distance,3.334601925267842
,,receptorAtoms
,,,atomIndex,865
,,,atomName,CD1
,,,chain,X
,,,resID,315
,,,resName,ILE
,closeContacts.3
,,ligandAtoms
,,,atomIndex,1
,,,atomName,C21
,,,chain,X
,,,resID,1
,,,resName,UNL
,,metrics
,,,distance,3.315829609615066
,,receptorAtoms
,,,atomIndex,1532
,,,atomName,CE2
,,,chain,X
,,,resID,382
,,,resName,PHE
,closeContacts.4
,,ligandAtoms
,,,atomIndex,1
,,,atomName,C21
,,,chain,X
,,,resID,1
,,,resName,UNL
,,metrics
,,,distance,3.628911407020018
,,receptorAtoms
,,,atomIndex,1533
,,,atomName,CZ
,,,chain,X
,,,resID,382
,,,resName,PHE
,closeContacts.5
,,ligandAtoms
,,,atomIndex,2
,,,atomName,C22
,,,chain,X
,,,resID,1
,,,resName,UNL
,,metrics
,,,distance,3.6891447518361224
,,receptorAtoms
,,,atomIndex,1532
,,,atomName,CE2
,,,chain,X
,,,resID,382
,,,resName,PHE
,closeContacts.6
,,ligandAtoms
,,,atomIndex,4
,,,atomName,C24
,,,chain,X
,,,resID,1
,,,resName,UNL
,,metrics
,,,distance,3.9126825835991355
,,receptorAtoms
,,,atomIndex,1517
,,,atomName,O
,,,chain,X
,,,resID,381
,,,resName,ASP
,closeContacts.7
,,ligandAtoms
,,,atomIndex,4
,,,atomName,C24
,,,chain,X
,,,resID,1
,,,resName,UNL
,,metrics
,,,distance,3.580524821866203
,,receptorAtoms
,,,atomIndex,1522
,,,atomName,H
,,,chain,X
,,,resID,381
,,,resName,ASP
,closeContacts.8
,,ligandAtoms
,,,atomIndex,5
,,,atomName,C25
,,,chain,X
,,,resID,1
,,,resName,UNL
,,metrics
,,,distance,3.970194075860775
,,receptorAtoms
,,,atomIndex,709
,,,atomName,CB
,,,chain,X
,,,resID,299
,,,resName,VAL
,closeContacts.9
,,ligandAtoms
,,,atomIndex,5
,,,atomName,C25
,,,chain,X
,,,resID,1
,,,resName,UNL
,,metrics
,,,distance,3.372587285749622
,,receptorAtoms
,,,atomIndex,710
,,,atomName,CG1
,,,chain,X
,,,resID,299
,,,resName,VAL
,closeContacts.10
,,ligandAtoms
,,,atomIndex,5
,,,atomName,C25
,,,chain,X
,,,resID,1
,,,resName,UNL
,,metrics
,,,distance,3.9535166624158804
,,receptorAtoms
,,,atomIndex,711
,,,atomName,CG2
,,,chain,X
,,,resID,299
,,,resName,VAL
,closeContacts.11
,,ligandAtoms
,,,atomIndex,5
,,,atomName,C25
,,,chain,X
,,,resID,1
,,,resName,UNL
,,metrics
,,,distance,3.6525830586038692
,,receptorAtoms
,,,atomIndex,865
,,,atomName,CD1
,,,chain,X
,,,resID,315
,,,resName,ILE
,closeContacts.12
,,ligandAtoms
,,,atomIndex,5
,,,atomName,C25
,,,chain,X
,,,resID,1
,,,resName,UNL
,,metrics
,,,distance,3.5024006052991714
,,receptorAtoms
,,,atomIndex,1512
,,,atomName,CB
,,,chain,X
,,,resID,380
,,,resName,ALA
,closeContacts.13
,,ligandAtoms
,,,atomIndex,5
,,,atomName,C25
,,,chain,X
,,,resID,1
,,,resName,UNL
,,metrics
,,,distance,3.482533273351455
,,receptorAtoms
,,,atomIndex,1522
,,,atomName,H
,,,chain,X
,,,resID,381
,,,resName,ASP
,closeContacts.14
,,ligandAtoms
,,,atomIndex,5
,,,atomName,C25
,,,chain,X
,,,resID,1
,,,resName,UNL
,,metrics
,,,distance,3.9431250297194502
,,receptorAtoms
,,,atomIndex,1533
,,,atomName,CZ
,,,chain,X
,,,resID,382
,,,resName,PHE
,closeContacts.15
,,ligandAtoms
,,,atomIndex,6
,,,atomName,C26
,,,chain,X
,,,resID,1
,,,resName,UNL
,,metrics
,,,distance,3.736457413112051
,,receptorAtoms
,,,atomIndex,710
,,,atomName,CG1
,,,chain,X
,,,resID,299
,,,resName,VAL
,closeContacts.16
,,ligandAtoms
,,,atomIndex,6
,,,atomName,C26
,,,chain,X
,,,resID,1
,,,resName,UNL
,,metrics
,,,distance,3.0273215884672715
,,receptorAtoms
,,,atomIndex,865
,,,atomName,CD1
,,,chain,X
,,,resID,315
,,,resName,ILE
,closeContacts.17
,,ligandAtoms
,,,atomIndex,6
,,,atomName,C26
,,,chain,X
,,,resID,1
,,,resName,UNL
,,metrics
,,,distance,3.513083261182405
,,receptorAtoms
,,,atomIndex,1420
,,,atomName,CD1
,,,chain,X
,,,resID,370
,,,resName,LEU
,closeContacts.18
,,ligandAtoms
,,,atomIndex,6
,,,atomName,C26
,,,chain,X
,,,resID,1
,,,resName,UNL
,,metrics
,,,distance,3.521276189110987
,,receptorAtoms
,,,atomIndex,1532
,,,atomName,CE2
,,,chain,X
,,,resID,382
,,,resName,PHE
,closeContacts.19
,,ligandAtoms
,,,atomIndex,6
,,,atomName,C26
,,,chain,X
,,,resID,1
,,,resName,UNL
,,metrics
,,,distance,3.3690568413133075
,,receptorAtoms
,,,atomIndex,1533
,,,atomName,CZ
,,,chain,X
,,,resID,382
,,,resName,PHE
,closeContacts.20
,,ligandAtoms
,,,atomIndex,7
,,,atomName,N3
,,,chain,X
,,,resID,1
,,,resName,UNL
,,metrics
,,,distance,3.6378861994295533
,,receptorAtoms
,,,atomIndex,590
,,,atomName,OE2
,,,chain,X
,,,resID,286
,,,resName,GLU
,closeContacts.21
,,ligandAtoms
,,,atomIndex,7
,,,atomName,N3
,,,chain,X
,,,resID,1
,,,resName,UNL
,,metrics
,,,distance,3.893633906776547
,,receptorAtoms
,,,atomIndex,619
,,,atomName,CE
,,,chain,X
,,,resID,290
,,,resName,MET
,closeContacts.22
,,ligandAtoms
,,,atomIndex,7
,,,atomName,N3
,,,chain,X
,,,resID,1
,,,resName,UNL
,,metrics
,,,distance,3.8930482915062843
,,receptorAtoms
,,,atomIndex,711
,,,atomName,CG2
,,,chain,X
,,,resID,299
,,,resName,VAL
,closeContacts.23
,,ligandAtoms
,,,atomIndex,7
,,,atomName,N3
,,,chain,X
,,,resID,1
,,,resName,UNL
,,metrics
,,,distance,3.9972576849635306
,,receptorAtoms
,,,atomIndex,1514
,,,atomName,N
,,,chain,X
,,,resID,381
,,,resName,ASP
,closeContacts.24
,,ligandAtoms
,,,atomIndex,7
,,,atomName,N3
,,,chain,X
,,,resID,1
,,,resName,UNL
,,metrics
,,,distance,3.3874140579504006
,,receptorAtoms
,,,atomIndex,1517
,,,atomName,O
,,,chain,X
,,,resID,381
,,,resName,ASP
,closeContacts.25
,,ligandAtoms
,,,atomIndex,7
,,,atomName,N3
,,,chain,X
,,,resID,1
,,,resName,UNL
,,metrics
,,,distance,3.0706886849695465
,,receptorAtoms
,,,atomIndex,1522
,,,atomName,H
,,,chain,X
,,,resID,381
,,,resName,ASP
,closeContacts.26
,,ligandAtoms
,,,atomIndex,8
,,,atomName,C27
,,,chain,X
,,,resID,1
,,,resName,UNL
,,metrics
,,,distance,3.193130908685079
,,receptorAtoms
,,,atomIndex,711
,,,atomName,CG2
,,,chain,X
,,,resID,299
,,,resName,VAL
,closeContacts.27
,,ligandAtoms
,,,atomIndex,8
,,,atomName,C27
,,,chain,X
,,,resID,1
,,,resName,UNL
,,metrics
,,,distance,3.7919401366582774
,,receptorAtoms
,,,atomIndex,1509
,,,atomName,CA
,,,chain,X
,,,resID,380
,,,resName,ALA
,closeContacts.28
,,ligandAtoms
,,,atomIndex,8
,,,atomName,C27
,,,chain,X
,,,resID,1
,,,resName,UNL
,,metrics
,,,distance,3.895555544463459
,,receptorAtoms
,,,atomIndex,1510
,,,atomName,C
,,,chain,X
,,,resID,380
,,,resName,ALA
,closeContacts.29
,,ligandAtoms
,,,atomIndex,8
,,,atomName,C27
,,,chain,X
,,,resID,1
,,,resName,UNL
,,metrics
,,,distance,3.9203445001683197
,,receptorAtoms
,,,atomIndex,1512
,,,atomName,CB
,,,chain,X
,,,resID,380
,,,resName,ALA
,closeContacts.30
,,ligandAtoms
,,,atomIndex,8
,,,atomName,C27
,,,chain,X
,,,resID,1
,,,resName,UNL
,,metrics
,,,distance,3.2478696094517088
,,receptorAtoms
,,,atomIndex,1514
,,,atomName,N
,,,chain,X
,,,resID,381
,,,resName,ASP
,closeContacts.31
,,ligandAtoms
,,,atomIndex,8
,,,atomName,C27
,,,chain,X
,,,resID,1
,,,resName,UNL
,,metrics
,,,distance,3.560350263667888
,,receptorAtoms
,,,atomIndex,1517
,,,atomName,O
,,,chain,X
,,,resID,381
,,,resName,ASP
,closeContacts.32
,,ligandAtoms
,,,atomIndex,8
,,,atomName,C27
,,,chain,X
,,,resID,1
,,,resName,UNL
,,metrics
,,,distance,2.4794146486620585
,,receptorAtoms
,,,atomIndex,1522
,,,atomName,H
,,,chain,X
,,,resID,381
,,,resName,ASP
,closeContacts.33
,,ligandAtoms
,,,atomIndex,9
,,,atomName,O3
,,,chain,X
,,,resID,1
,,,resName,UNL
,,metrics
,,,distance,3.6112985199232686
,,receptorAtoms
,,,atomIndex,709
,,,atomName,CB
,,,chain,X
,,,resID,299
,,,resName,VAL
,closeContacts.34
,,ligandAtoms
,,,atomIndex,9
,,,atomName,O3
,,,chain,X
,,,resID,1
,,,resName,UNL
,,metrics
,,,distance,3.3684068934735287
,,receptorAtoms
,,,atomIndex,710
,,,atomName,CG1
,,,chain,X
,,,resID,299
,,,resName,VAL
,closeContacts.35
,,ligandAtoms
,,,atomIndex,9
,,,atomName,O3
,,,chain,X
,,,resID,1
,,,resName,UNL
,,metrics
,,,distance,2.769376103023928
,,receptorAtoms
,,,atomIndex,711
,,,atomName,CG2
,,,chain,X
,,,resID,299
,,,resName,VAL
,closeContacts.36
,,ligandAtoms
,,,atomIndex,9
,,,atomName,O3
,,,chain,X
,,,resID,1
,,,resName,UNL
,,metrics
,,,distance,2.7262331154910417
,,receptorAtoms
,,,atomIndex,1509
,,,atomName,CA
,,,chain,X
,,,resID,380
,,,resName,ALA
,closeContacts.37
,,ligandAtoms
,,,atomIndex,9
,,,atomName,O3
,,,chain,X
,,,resID,1
,,,resName,UNL
,,metrics
,,,distance,3.1952611786832077
,,receptorAtoms
,,,atomIndex,1510
,,,atomName,C
,,,chain,X
,,,resID,380
,,,resName,ALA
,closeContacts.38
,,ligandAtoms
,,,atomIndex,9
,,,atomName,O3
,,,chain,X
,,,resID,1
,,,resName,UNL
,,metrics
,,,distance,2.8904183088265936
,,receptorAtoms
,,,atomIndex,1512
,,,atomName,CB
,,,chain,X
,,,resID,380
,,,resName,ALA
,closeContacts.39
,,ligandAtoms
,,,atomIndex,9
,,,atomName,O3
,,,chain,X
,,,resID,1
,,,resName,UNL
,,metrics
,,,distance,2.9181391330777906
,,receptorAtoms
,,,atomIndex,1514
,,,atomName,N
,,,chain,X
,,,resID,381
,,,resName,ASP
,closeContacts.40
,,ligandAtoms
,,,atomIndex,9
,,,atomName,O3
,,,chain,X
,,,resID,1
,,,resName,UNL
,,metrics
,,,distance,2.2488997309795735
,,receptorAtoms
,,,atomIndex,1522
,,,atomName,H
,,,chain,X
,,,resID,381
,,,resName,ASP
,closeContacts.41
,,ligandAtoms
,,,atomIndex,10
,,,atomName,H41
,,,chain,X
,,,resID,1
,,,resName,UNL
,,metrics
,,,distance,3.8183736066550624
,,receptorAtoms
,,,atomIndex,588
,,,atomName,CD
,,,chain,X
,,,resID,286
,,,resName,GLU
,closeContacts.42
,,ligandAtoms
,,,atomIndex,10
,,,atomName,H41
,,,chain,X
,,,resID,1
,,,resName,UNL
,,metrics
,,,distance,2.6319595361631216
,,receptorAtoms
,,,atomIndex,590
,,,atomName,OE2
,,,chain,X
,,,resID,286
,,,resName,GLU
,closeContacts.43
,,ligandAtoms
,,,atomIndex,10
,,,atomName,H41
,,,chain,X
,,,resID,1
,,,resName,UNL
,,metrics
,,,distance,3.56257491149309
,,receptorAtoms
,,,atomIndex,618
,,,atomName,SD
,,,chain,X
,,,resID,290
,,,resName,MET
,closeContacts.44
,,ligandAtoms
,,,atomIndex,10
,,,atomName,H41
,,,chain,X
,,,resID,1
,,,resName,UNL
,,metrics
,,,distance,3.8027161345543523
,,receptorAtoms
,,,atomIndex,619
,,,atomName,CE
,,,chain,X
,,,resID,290
,,,resName,MET
,closeContacts.45
,,ligandAtoms
,,,atomIndex,10
,,,atomName,H41
,,,chain,X
,,,resID,1
,,,resName,UNL
,,metrics
,,,distance,3.3316585959548735
,,receptorAtoms
,,,atomIndex,1517
,,,atomName,O
,,,chain,X
,,,resID,381
,,,resName,ASP
,closeContacts.46
,,ligandAtoms
,,,atomIndex,10
,,,atomName,H41
,,,chain,X
,,,resID,1
,,,resName,UNL
,,metrics
,,,distance,3.6503043708710106
,,receptorAtoms
,,,atomIndex,1522
,,,atomName,H
,,,chain,X
,,,resID,381
,,,resName,ASP
,closeContacts.47
,,ligandAtoms
,,,atomIndex,11
,,,atomName,C28
,,,chain,X
,,,resID,1
,,,resName,UNL
,,metrics
,,,distance,3.843909728388531
,,receptorAtoms
,,,atomIndex,711
,,,atomName,CG2
,,,chain,X
,,,resID,299
,,,resName,VAL
,closeContacts.48
,,ligandAtoms
,,,atomIndex,11
,,,atomName,C28
,,,chain,X
,,,resID,1
,,,resName,UNL
,,metrics
,,,distance,3.6268005183632583
,,receptorAtoms
,,,atomIndex,1514
,,,atomName,N
,,,chain,X
,,,resID,381
,,,resName,ASP
,closeContacts.49
,,ligandAtoms
,,,atomIndex,11
,,,atomName,C28
,,,chain,X
,,,resID,1
,,,resName,UNL
,,metrics
,,,distance,3.830426216493408
,,receptorAtoms
,,,atomIndex,1517
,,,atomName,O
,,,chain,X
,,,resID,381
,,,resName,ASP
,closeContacts.50
,,ligandAtoms
,,,atomIndex,11
,,,atomName,C28
,,,chain,X
,,,resID,1
,,,resName,UNL
,,metrics
,,,distance,3.1734873562061034
,,receptorAtoms
,,,atomIndex,1522
,,,atomName,H
,,,chain,X
,,,resID,381
,,,resName,ASP
,closeContacts.51
,,ligandAtoms
,,,atomIndex,12
,,,atomName,C29
,,,chain,X
,,,resID,1
,,,resName,UNL
,,metrics
,,,distance,3.977527624039838
,,receptorAtoms
,,,atomIndex,588
,,,atomName,CD
,,,chain,X
,,,resID,286
,,,resName,GLU
,closeContacts.52
,,ligandAtoms
,,,atomIndex,12
,,,atomName,C29
,,,chain,X
,,,resID,1
,,,resName,UNL
,,metrics
,,,distance,3.2715510083139465
,,receptorAtoms
,,,atomIndex,590
,,,atomName,OE2
,,,chain,X
,,,resID,286
,,,resName,GLU
,closeContacts.53
,,ligandAtoms
,,,atomIndex,12
,,,atomName,C29
,,,chain,X
,,,resID,1
,,,resName,UNL
,,metrics
,,,distance,3.5183447812856543
,,receptorAtoms
,,,atomIndex,1517
,,,atomName,O
,,,chain,X
,,,resID,381
,,,resName,ASP
,closeContacts.54
,,ligandAtoms
,,,atomIndex,12
,,,atomName,C29
,,,chain,X
,,,resID,1
,,,resName,UNL
,,metrics
,,,distance,3.931952314054686
,,receptorAtoms
,,,atomIndex,1518
,,,atomName,CB
,,,chain,X
,,,resID,381
,,,resName,ASP
,closeContacts.55
,,ligandAtoms
,,,atomIndex,12
,,,atomName,C29
,,,chain,X
,,,resID,1
,,,resName,UNL
,,metrics
,,,distance,3.7763126194741874
,,receptorAtoms
,,,atomIndex,1522
,,,atomName,H
,,,chain,X
,,,resID,381
,,,resName,ASP
,closeContacts.56
,,ligandAtoms
,,,atomIndex,13
,,,atomName,C30
,,,chain,X
,,,resID,1
,,,resName,UNL
,,metrics
,,,distance,3.9277954376469246
,,receptorAtoms
,,,atomIndex,587
,,,atomName,CG
,,,chain,X
,,,resID,286
,,,resName,GLU
,closeContacts.57
,,ligandAtoms
,,,atomIndex,13
,,,atomName,C30
,,,chain,X
,,,resID,1
,,,resName,UNL
,,metrics
,,,distance,3.907246984770735
,,receptorAtoms
,,,atomIndex,590
,,,atomName,OE2
,,,chain,X
,,,resID,286
,,,resName,GLU
,closeContacts.58
,,ligandAtoms
,,,atomIndex,16
,,,atomName,C33
,,,chain,X
,,,resID,1
,,,resName,UNL
,,metrics
,,,distance,3.720682195511999
,,receptorAtoms
,,,atomIndex,711
,,,atomName,CG2
,,,chain,X
,,,resID,299
,,,resName,VAL
,closeContacts.59
,,ligandAtoms
,,,atomIndex,16
,,,atomName,C33
,,,chain,X
,,,resID,1
,,,resName,UNL
,,metrics
,,,distance,3.9074853806508347
,,receptorAtoms
,,,atomIndex,1522
,,,atomName,H
,,,chain,X
,,,resID,381
,,,resName,ASP
,closeContacts.60
,,ligandAtoms
,,,atomIndex,17
,,,atomName,C34
,,,chain,X
,,,resID,1
,,,resName,UNL
,,metrics
,,,distance,3.937618188702403
,,receptorAtoms
,,,atomIndex,586
,,,atomName,CB
,,,chain,X
,,,resID,286
,,,resName,GLU
,closeContacts.61
,,ligandAtoms
,,,atomIndex,17
,,,atomName,C34
,,,chain,X
,,,resID,1
,,,resName,UNL
,,metrics
,,,distance,3.2568675134245173
,,receptorAtoms
,,,atomIndex,587
,,,atomName,CG
,,,chain,X
,,,resID,286
,,,resName,GLU
,closeContacts.62
,,ligandAtoms
,,,atomIndex,17
,,,atomName,C34
,,,chain,X
,,,resID,1
,,,resName,UNL
,,metrics
,,,distance,3.5853588383870307
,,receptorAtoms
,,,atomIndex,588
,,,atomName,CD
,,,chain,X
,,,resID,286
,,,resName,GLU
,closeContacts.63
,,ligandAtoms
,,,atomIndex,17
,,,atomName,C34
,,,chain,X
,,,resID,1
,,,resName,UNL
,,metrics
,,,distance,3.68280518083702
,,receptorAtoms
,,,atomIndex,590
,,,atomName,OE2
,,,chain,X
,,,resID,286
,,,resName,GLU
,closeContacts.64
,,ligandAtoms
,,,atomIndex,18
,,,atomName,N4
,,,chain,X
,,,resID,1
,,,resName,UNL
,,metrics
,,,distance,3.197241623649986
,,receptorAtoms
,,,atomIndex,583
,,,atomName,CA
,,,chain,X
,,,resID,286
,,,resName,GLU
,closeContacts.65
,,ligandAtoms
,,,atomIndex,18
,,,atomName,N4
,,,chain,X
,,,resID,1
,,,resName,UNL
,,metrics
,,,distance,3.9417819574400608
,,receptorAtoms
,,,atomIndex,585
,,,atomName,O
,,,chain,X
,,,resID,286
,,,resName,GLU
,closeContacts.66
,,ligandAtoms
,,,atomIndex,18
,,,atomName,N4
,,,chain,X
,,,resID,1
,,,resName,UNL
,,metrics
,,,distance,3.4030423153407887
,,receptorAtoms
,,,atomIndex,586
,,,atomName,CB
,,,chain,X
,,,resID,286
,,,resName,GLU
,closeContacts.67
,,ligandAtoms
,,,atomIndex,18
,,,atomName,N4
,,,chain,X
,,,resID,1
,,,resName,UNL
,,metrics
,,,distance,3.1755638869340985
,,receptorAtoms
,,,atomIndex,587
,,,atomName,CG
,,,chain,X
,,,resID,286
,,,resName,GLU
,closeContacts.68
,,ligandAtoms
,,,atomIndex,19
,,,atomName,H42
,,,chain,X
,,,resID,1
,,,resName,UNL
,,metrics
,,,distance,3.28909638046683
,,receptorAtoms
,,,atomIndex,583
,,,atomName,CA
,,,chain,X
,,,resID,286
,,,resName,GLU
,closeContacts.69
,,ligandAtoms
,,,atomIndex,19
,,,atomName,H42
,,,chain,X
,,,resID,1
,,,resName,UNL
,,metrics
,,,distance,3.768009952216157
,,receptorAtoms
,,,atomIndex,584
,,,atomName,C
,,,chain,X
,,,resID,286
,,,resName,GLU
,closeContacts.70
,,ligandAtoms
,,,atomIndex,19
,,,atomName,H42
,,,chain,X
,,,resID,1
,,,resName,UNL
,,metrics
,,,distance,3.358578568382762
,,receptorAtoms
,,,atomIndex,585
,,,atomName,O
,,,chain,X
,,,resID,286
,,,resName,GLU
,closeContacts.71
,,ligandAtoms
,,,atomIndex,19
,,,atomName,H42
,,,chain,X
,,,resID,1
,,,resName,UNL
,,metrics
,,,distance,3.7335484461836037
,,receptorAtoms
,,,atomIndex,586
,,,atomName,CB
,,,chain,X
,,,resID,286
,,,resName,GLU
,closeContacts.72
,,ligandAtoms
,,,atomIndex,19
,,,atomName,H42
,,,chain,X
,,,resID,1
,,,resName,UNL
,,metrics
,,,distance,3.3421270173349193
,,receptorAtoms
,,,atomIndex,587
,,,atomName,CG
,,,chain,X
,,,resID,286
,,,resName,GLU
,closeContacts.73
,,ligandAtoms
,,,atomIndex,19
,,,atomName,H42
,,,chain,X
,,,resID,1
,,,resName,UNL
,,metrics
,,,distance,3.32128122868269
,,receptorAtoms
,,,atomIndex,608
,,,atomName,CB
,,,chain,X
,,,resID,289
,,,resName,VAL
,closeContacts.74
,,ligandAtoms
,,,atomIndex,19
,,,atomName,H42
,,,chain,X
,,,resID,1
,,,resName,UNL
,,metrics
,,,distance,3.3869480362119515
,,receptorAtoms
,,,atomIndex,609
,,,atomName,CG1
,,,chain,X
,,,resID,289
,,,resName,VAL
,closeContacts.75
,,ligandAtoms
,,,atomIndex,19
,,,atomName,H42
,,,chain,X
,,,resID,1
,,,resName,UNL
,,metrics
,,,distance,3.990540188996973
,,receptorAtoms
,,,atomIndex,610
,,,atomName,CG2
,,,chain,X
,,,resID,289
,,,resName,VAL
,closeContacts.76
,,ligandAtoms
,,,atomIndex,19
,,,atomName,H42
,,,chain,X
,,,resID,1
,,,resName,UNL
,,metrics
,,,distance,3.958407381763529
,,receptorAtoms
,,,atomIndex,620
,,,atomName,H
,,,chain,X
,,,resID,290
,,,resName,MET
,closeContacts.77
,,ligandAtoms
,,,atomIndex,20
,,,atomName,C35
,,,chain,X
,,,resID,1
,,,resName,UNL
,,metrics
,,,distance,3.9276408949902737
,,receptorAtoms
,,,atomIndex,610
,,,atomName,CG2
,,,chain,X
,,,resID,289
,,,resName,VAL
,closeContacts.78
,,ligandAtoms
,,,atomIndex,21
,,,atomName,C36
,,,chain,X
,,,resID,1
,,,resName,UNL
,,metrics
,,,distance,3.6915359946775546
,,receptorAtoms
,,,atomIndex,1521
,,,atomName,OD2
,,,chain,X
,,,resID,381
,,,resName,ASP
,closeContacts.79
,,ligandAtoms
,,,atomIndex,22
,,,atomName,C37
,,,chain,X
,,,resID,1
,,,resName,UNL
,,metrics
,,,distance,3.6458240495119894
,,receptorAtoms
,,,atomIndex,1521
,,,atomName,OD2
,,,chain,X
,,,resID,381
,,,resName,ASP
,closeContacts.80
,,ligandAtoms
,,,atomIndex,23
,,,atomName,C38
,,,chain,X
,,,resID,1
,,,resName,UNL
,,metrics
,,,distance,3.6132014889845263
,,receptorAtoms
,,,atomIndex,545
,,,atomName,OE1
,,,chain,X
,,,resID,282
,,,resName,GLU
,closeContacts.81
,,ligandAtoms
,,,atomIndex,24
,,,atomName,C39
,,,chain,X
,,,resID,1
,,,resName,UNL
,,metrics
,,,distance,3.9169717895333376
,,receptorAtoms
,,,atomIndex,545
,,,atomName,OE1
,,,chain,X
,,,resID,282
,,,resName,GLU
,closeContacts.82
,,ligandAtoms
,,,atomIndex,25
,,,atomName,C42
,,,chain,X
,,,resID,1
,,,resName,UNL
,,metrics
,,,distance,3.0311656173821984
,,receptorAtoms
,,,atomIndex,545
,,,atomName,OE1
,,,chain,X
,,,resID,282
,,,resName,GLU
,closeContacts.83
,,ligandAtoms
,,,atomIndex,26
,,,atomName,C40
,,,chain,X
,,,resID,1
,,,resName,UNL
,,metrics
,,,distance,3.711772352933299
,,receptorAtoms
,,,atomIndex,545
,,,atomName,OE1
,,,chain,X
,,,resID,282
,,,resName,GLU
,closeContacts.84
,,ligandAtoms
,,,atomIndex,27
,,,atomName,C41
,,,chain,X
,,,resID,1
,,,resName,UNL
,,metrics
,,,distance,3.770613212728137
,,receptorAtoms
,,,atomIndex,544
,,,atomName,CD
,,,chain,X
,,,resID,282
,,,resName,GLU
,closeContacts.85
,,ligandAtoms
,,,atomIndex,27
,,,atomName,C41
,,,chain,X
,,,resID,1
,,,resName,UNL
,,metrics
,,,distance,3.0999991935482822
,,receptorAtoms
,,,atomIndex,545
,,,atomName,OE1
,,,chain,X
,,,resID,282
,,,resName,GLU
,closeContacts.86
,,ligandAtoms
,,,atomIndex,27
,,,atomName,C41
,,,chain,X
,,,resID,1
,,,resName,UNL
,,metrics
,,,distance,3.9707214709672103
,,receptorAtoms
,,,atomIndex,546
,,,atomName,OE2
,,,chain,X
,,,resID,282
,,,resName,GLU
,closeContacts.87
,,ligandAtoms
,,,atomIndex,28
,,,atomName,N5
,,,chain,X
,,,resID,1
,,,resName,UNL
,,metrics
,,,distance,3.6324772538861136
,,receptorAtoms
,,,atomIndex,544
,,,atomName,CD
,,,chain,X
,,,resID,282
,,,resName,GLU
,closeContacts.88
,,ligandAtoms
,,,atomIndex,28
,,,atomName,N5
,,,chain,X
,,,resID,1
,,,resName,UNL
,,metrics
,,,distance,2.738488634265258
,,receptorAtoms
,,,atomIndex,545
,,,atomName,OE1
,,,chain,X
,,,resID,282
,,,resName,GLU
,closeContacts.89
,,ligandAtoms
,,,atomIndex,28
,,,atomName,N5
,,,chain,X
,,,resID,1
,,,resName,UNL
,,metrics
,,,distance,3.6595367193129795
,,receptorAtoms
,,,atomIndex,0
,,,atomName,HH22
,,,chain,X
,,,resID,386
,,,resName,ARG
,closeContacts.90
,,ligandAtoms
,,,atomIndex,29
,,,atomName,O4
,,,chain,X
,,,resID,1
,,,resName,UNL
,,metrics
,,,distance,3.897941764572683
,,receptorAtoms
,,,atomIndex,544
,,,atomName,CD
,,,chain,X
,,,resID,282
,,,resName,GLU
,closeContacts.91
,,ligandAtoms
,,,atomIndex,29
,,,atomName,O4
,,,chain,X
,,,resID,1
,,,resName,UNL
,,metrics
,,,distance,3.6070388132095275
,,receptorAtoms
,,,atomIndex,545
,,,atomName,OE1
,,,chain,X
,,,resID,282
,,,resName,GLU
,closeContacts.92
,,ligandAtoms
,,,atomIndex,29
,,,atomName,O4
,,,chain,X
,,,resID,1
,,,resName,UNL
,,metrics
,,,distance,3.8661103191709367
,,receptorAtoms
,,,atomIndex,546
,,,atomName,OE2
,,,chain,X
,,,resID,282
,,,resName,GLU
,closeContacts.93
,,ligandAtoms
,,,atomIndex,30
,,,atomName,H43
,,,chain,X
,,,resID,1
,,,resName,UNL
,,metrics
,,,distance,3.487155431006768
,,receptorAtoms
,,,atomIndex,544
,,,atomName,CD
,,,chain,X
,,,resID,282
,,,resName,GLU
,closeContacts.94
,,ligandAtoms
,,,atomIndex,30
,,,atomName,H43
,,,chain,X
,,,resID,1
,,,resName,UNL
,,metrics
,,,distance,2.817194703956402
,,receptorAtoms
,,,atomIndex,545
,,,atomName,OE1
,,,chain,X
,,,resID,282
,,,resName,GLU
,closeContacts.95
,,ligandAtoms
,,,atomIndex,30
,,,atomName,H43
,,,chain,X
,,,resID,1
,,,resName,UNL
,,metrics
,,,distance,3.5710140016527516
,,receptorAtoms
,,,atomIndex,1567
,,,atomName,NH2
,,,chain,X
,,,resID,386
,,,resName,ARG
,closeContacts.96
,,ligandAtoms
,,,atomIndex,30
,,,atomName,H43
,,,chain,X
,,,resID,1
,,,resName,UNL
,,metrics
,,,distance,3.8052212813448842
,,receptorAtoms
,,,atomIndex,0
,,,atomName,HH21
,,,chain,X
,,,resID,386
,,,resName,ARG
,closeContacts.97
,,ligandAtoms
,,,atomIndex,30
,,,atomName,H43
,,,chain,X
,,,resID,1
,,,resName,UNL
,,metrics
,,,distance,3.2553311659491735
,,receptorAtoms
,,,atomIndex,0
,,,atomName,HH22
,,,chain,X
,,,resID,386
,,,resName,ARG
,closeContacts.98
,,ligandAtoms
,,,atomIndex,31
,,,atomName,C43
,,,chain,X
,,,resID,1
,,,resName,UNL
,,metrics
,,,distance,3.5788718892969604
,,receptorAtoms
,,,atomIndex,545
,,,atomName,OE1
,,,chain,X
,,,resID,282
,,,resName,GLU
,closeContacts.99
,,ligandAtoms
,,,atomIndex,33
,,,atomName,C45
,,,chain,X
,,,resID,1
,,,resName,UNL
,,metrics
,,,distance,3.625499965521997
,,receptorAtoms
,,,atomIndex,1521
,,,atomName,OD2
,,,chain,X
,,,resID,381
,,,resName,ASP
,closeContacts.100
,,ligandAtoms
,,,atomIndex,34
,,,atomName,O5
,,,chain,X
,,,resID,1
,,,resName,UNL
,,metrics
,,,distance,3.9338554879405523
,,receptorAtoms
,,,atomIndex,545
,,,atomName,OE1
,,,chain,X
,,,resID,282
,,,resName,GLU
,closeContacts.101
,,ligandAtoms
,,,atomIndex,34
,,,atomName,O5
,,,chain,X
,,,resID,1
,,,resName,UNL
,,metrics
,,,distance,3.99818971535869
,,receptorAtoms
,,,atomIndex,1536
,,,atomName,CA
,,,chain,X
,,,resID,383
,,,resName,GLY
,closeContacts.102
,,ligandAtoms
,,,atomIndex,34
,,,atomName,O5
,,,chain,X
,,,resID,1
,,,resName,UNL
,,metrics
,,,distance,3.637098568914513
,,receptorAtoms
,,,atomIndex,1567
,,,atomName,NH2
,,,chain,X
,,,resID,386
,,,resName,ARG
,closeContacts.103
,,ligandAtoms
,,,atomIndex,34
,,,atomName,O5
,,,chain,X
,,,resID,1
,,,resName,UNL
,,metrics
,,,distance,3.1704810360574625
,,receptorAtoms
,,,atomIndex,0
,,,atomName,HH21
,,,chain,X
,,,resID,386
,,,resName,ARG
,closeContacts.104
,,ligandAtoms
,,,atomIndex,34
,,,atomName,O5
,,,chain,X
,,,resID,1
,,,resName,UNL
,,metrics
,,,distance,3.6591870681887806
,,receptorAtoms
,,,atomIndex,0
,,,atomName,HH22
,,,chain,X
,,,resID,386
,,,resName,ARG
,closeContacts.105
,,ligandAtoms
,,,atomIndex,35
,,,atomName,H44
,,,chain,X
,,,resID,1
,,,resName,UNL
,,metrics
,,,distance,3.7287432199066752
,,receptorAtoms
,,,atomIndex,1565
,,,atomName,CZ
,,,chain,X
,,,resID,386
,,,resName,ARG
,closeContacts.106
,,ligandAtoms
,,,atomIndex,35
,,,atomName,H44
,,,chain,X
,,,resID,1
,,,resName,UNL
,,metrics
,,,distance,2.781852080898623
,,receptorAtoms
,,,atomIndex,1567
,,,atomName,NH2
,,,chain,X
,,,resID,386
,,,resName,ARG
,closeContacts.107
,,ligandAtoms
,,,atomIndex,35
,,,atomName,H44
,,,chain,X
,,,resID,1
,,,resName,UNL
,,metrics
,,,distance,2.4979213358310544
,,receptorAtoms
,,,atomIndex,0
,,,atomName,HH21
,,,chain,X
,,,resID,386
,,,resName,ARG
,closeContacts.108
,,ligandAtoms
,,,atomIndex,35
,,,atomName,H44
,,,chain,X
,,,resID,1
,,,resName,UNL
,,metrics
,,,distance,2.767729936247394
,,receptorAtoms
,,,atomIndex,0
,,,atomName,HH22
,,,chain,X
,,,resID,386
,,,resName,ARG
,closeContacts.109
,,ligandAtoms
,,,atomIndex,36
,,,atomName,O6
,,,chain,X
,,,resID,1
,,,resName,UNL
,,metrics
,,,distance,3.91782656583979
,,receptorAtoms
,,,atomIndex,1518
,,,atomName,CB
,,,chain,X
,,,resID,381
,,,resName,ASP
,closeContacts.110
,,ligandAtoms
,,,atomIndex,36
,,,atomName,O6
,,,chain,X
,,,resID,1
,,,resName,UNL
,,metrics
,,,distance,3.6813353555469517
,,receptorAtoms
,,,atomIndex,1519
,,,atomName,CG
,,,chain,X
,,,resID,381
,,,resName,ASP
,closeContacts.111
,,ligandAtoms
,,,atomIndex,36
,,,atomName,O6
,,,chain,X
,,,resID,1
,,,resName,UNL
,,metrics
,,,distance,2.7216151454605044
,,receptorAtoms
,,,atomIndex,1521
,,,atomName,OD2
,,,chain,X
,,,resID,381
,,,resName,ASP
,closeContacts.112
,,ligandAtoms
,,,atomIndex,37
,,,atomName,H45
,,,chain,X
,,,resID,1
,,,resName,UNL
,,metrics
,,,distance,3.5484217618541347
,,receptorAtoms
,,,atomIndex,1518
,,,atomName,CB
,,,chain,X
,,,resID,381
,,,resName,ASP
,closeContacts.113
,,ligandAtoms
,,,atomIndex,37
,,,atomName,H45
,,,chain,X
,,,resID,1
,,,resName,UNL
,,metrics
,,,distance,2.9889004667268533
,,receptorAtoms
,,,atomIndex,1519
,,,atomName,CG
,,,chain,X
,,,resID,381
,,,resName,ASP
,closeContacts.114
,,ligandAtoms
,,,atomIndex,37
,,,atomName,H45
,,,chain,X
,,,resID,1
,,,resName,UNL
,,metrics
,,,distance,1.8858634627140962
,,receptorAtoms
,,,atomIndex,1521
,,,atomName,OD2
,,,chain,X
,,,resID,381
,,,resName,ASP
,closeContacts.115
,,ligandAtoms
,,,atomIndex,38
,,,atomName,C20
,,,chain,X
,,,resID,1
,,,resName,UNL
,,metrics
,,,distance,3.3522713195682723
,,receptorAtoms
,,,atomIndex,419
,,,atomName,CB
,,,chain,X
,,,resID,269
,,,resName,ALA
,closeContacts.116
,,ligandAtoms
,,,atomIndex,38
,,,atomName,C20
,,,chain,X
,,,resID,1
,,,resName,UNL
,,metrics
,,,distance,3.8122010702480003
,,receptorAtoms
,,,atomIndex,863
,,,atomName,CG1
,,,chain,X
,,,resID,315
,,,resName,ILE
,closeContacts.117
,,ligandAtoms
,,,atomIndex,38
,,,atomName,C20
,,,chain,X
,,,resID,1
,,,resName,UNL
,,metrics
,,,distance,3.6078774923769235
,,receptorAtoms
,,,atomIndex,865
,,,atomName,CD1
,,,chain,X
,,,resID,315
,,,resName,ILE
,closeContacts.118
,,ligandAtoms
,,,atomIndex,38
,,,atomName,C20
,,,chain,X
,,,resID,1
,,,resName,UNL
,,metrics
,,,distance,3.6588203016819496
,,receptorAtoms
,,,atomIndex,1532
,,,atomName,CE2
,,,chain,X
,,,resID,382
,,,resName,PHE
,closeContacts.119
,,ligandAtoms
,,,atomIndex,38
,,,atomName,C20
,,,chain,X
,,,resID,1
,,,resName,UNL
,,metrics
,,,distance,3.917157132411208
,,receptorAtoms
,,,atomIndex,1533
,,,atomName,CZ
,,,chain,X
,,,resID,382
,,,resName,PHE
,closeContacts.120
,,ligandAtoms
,,,atomIndex,39
,,,atomName,C19
,,,chain,X
,,,resID,1
,,,resName,UNL
,,metrics
,,,distance,3.912681944651265
,,receptorAtoms
,,,atomIndex,419
,,,atomName,CB
,,,chain,X
,,,resID,269
,,,resName,ALA
,closeContacts.121
,,ligandAtoms
,,,atomIndex,39
,,,atomName,C19
,,,chain,X
,,,resID,1
,,,resName,UNL
,,metrics
,,,distance,2.831714851463684
,,receptorAtoms
,,,atomIndex,1532
,,,atomName,CE2
,,,chain,X
,,,resID,382
,,,resName,PHE
,closeContacts.122
,,ligandAtoms
,,,atomIndex,39
,,,atomName,C19
,,,chain,X
,,,resID,1
,,,resName,UNL
,,metrics
,,,distance,3.1572283731146213
,,receptorAtoms
,,,atomIndex,1533
,,,atomName,CZ
,,,chain,X
,,,resID,382
,,,resName,PHE
,closeContacts.123
,,ligandAtoms
,,,atomIndex,40
,,,atomName,N1
,,,chain,X
,,,resID,1
,,,resName,UNL
,,metrics
,,,distance,3.8892923520866876
,,receptorAtoms
,,,atomIndex,1421
,,,atomName,CD2
,,,chain,X
,,,resID,370
,,,resName,LEU
,closeContacts.124
,,ligandAtoms
,,,atomIndex,40
,,,atomName,N1
,,,chain,X
,,,resID,1
,,,resName,UNL
,,metrics
,,,distance,3.6585550426363658
,,receptorAtoms
,,,atomIndex,1532
,,,atomName,CE2
,,,chain,X
,,,resID,382
,,,resName,PHE
,closeContacts.125
,,ligandAtoms
,,,atomIndex,40
,,,atomName,N1
,,,chain,X
,,,resID,1
,,,resName,UNL
,,metrics
,,,distance,3.509015958926375
,,receptorAtoms
,,,atomIndex,1533
,,,atomName,CZ
,,,chain,X
,,,resID,382
,,,resName,PHE
,closeContacts.126
,,ligandAtoms
,,,atomIndex,41
,,,atomName,C2
,,,chain,X
,,,resID,1
,,,resName,UNL
,,metrics
,,,distance,3.1033422305636873
,,receptorAtoms
,,,atomIndex,221
,,,atomName,CD1
,,,chain,X
,,,resID,248
,,,resName,LEU
,closeContacts.127
,,ligandAtoms
,,,atomIndex,41
,,,atomName,C2
,,,chain,X
,,,resID,1
,,,resName,UNL
,,metrics
,,,distance,3.719016402222503
,,receptorAtoms
,,,atomIndex,419
,,,atomName,CB
,,,chain,X
,,,resID,269
,,,resName,ALA
,closeContacts.128
,,ligandAtoms
,,,atomIndex,42
,,,atomName,C1
,,,chain,X
,,,resID,1
,,,resName,UNL
,,metrics
,,,distance,3.014595992832206
,,receptorAtoms
,,,atomIndex,221
,,,atomName,CD1
,,,chain,X
,,,resID,248
,,,resName,LEU
,closeContacts.129
,,ligandAtoms
,,,atomIndex,42
,,,atomName,C1
,,,chain,X
,,,resID,1
,,,resName,UNL
,,metrics
,,,distance,3.011355342698701
,,receptorAtoms
,,,atomIndex,419
,,,atomName,CB
,,,chain,X
,,,resID,269
,,,resName,ALA
,closeContacts.130
,,ligandAtoms
,,,atomIndex,42
,,,atomName,C1
,,,chain,X
,,,resID,1
,,,resName,UNL
,,metrics
,,,distance,3.489077098603582
,,receptorAtoms
,,,atomIndex,883
,,,atomName,CD1
,,,chain,X
,,,resID,317
,,,resName,PHE
,closeContacts.131
,,ligandAtoms
,,,atomIndex,42
,,,atomName,C1
,,,chain,X
,,,resID,1
,,,resName,UNL
,,metrics
,,,distance,3.7292522038607143
,,receptorAtoms
,,,atomIndex,885
,,,atomName,CE1
,,,chain,X
,,,resID,317
,,,resName,PHE
,closeContacts.132
,,ligandAtoms
,,,atomIndex,42
,,,atomName,C1
,,,chain,X
,,,resID,1
,,,resName,UNL
,,metrics
,,,distance,3.56334828497019
,,receptorAtoms
,,,atomIndex,897
,,,atomName,H
,,,chain,X
,,,resID,318
,,,resName,MET
,closeContacts.133
,,ligandAtoms
,,,atomIndex,43
,,,atomName,C5
,,,chain,X
,,,resID,1
,,,resName,UNL
,,metrics
,,,distance,3.939449961606316
,,receptorAtoms
,,,atomIndex,878
,,,atomName,CA
,,,chain,X
,,,resID,317
,,,resName,PHE
,closeContacts.134
,,ligandAtoms
,,,atomIndex,43
,,,atomName,C5
,,,chain,X
,,,resID,1
,,,resName,UNL
,,metrics
,,,distance,3.8960453026113546
,,receptorAtoms
,,,atomIndex,882
,,,atomName,CG
,,,chain,X
,,,resID,317
,,,resName,PHE
,closeContacts.135
,,ligandAtoms
,,,atomIndex,43
,,,atomName,C5
,,,chain,X
,,,resID,1
,,,resName,UNL
,,metrics
,,,distance,3.4662305174353314
,,receptorAtoms
,,,atomIndex,883
,,,atomName,CD1
,,,chain,X
,,,resID,317
,,,resName,PHE
,closeContacts.136
,,ligandAtoms
,,,atomIndex,43
,,,atomName,C5
,,,chain,X
,,,resID,1
,,,resName,UNL
,,metrics
,,,distance,3.721056436013839
,,receptorAtoms
,,,atomIndex,885
,,,atomName,CE1
,,,chain,X
,,,resID,317
,,,resName,PHE
,closeContacts.137
,,ligandAtoms
,,,atomIndex,43
,,,atomName,C5
,,,chain,X
,,,resID,1
,,,resName,UNL
,,metrics
,,,distance,3.244082767131566
,,receptorAtoms
,,,atomIndex,889
,,,atomName,N
,,,chain,X
,,,resID,318
,,,resName,MET
,closeContacts.138
,,ligandAtoms
,,,atomIndex,43
,,,atomName,C5
,,,chain,X
,,,resID,1
,,,resName,UNL
,,metrics
,,,distance,3.673623279542965
,,receptorAtoms
,,,atomIndex,892
,,,atomName,O
,,,chain,X
,,,resID,318
,,,resName,MET
,closeContacts.139
,,ligandAtoms
,,,atomIndex,43
,,,atomName,C5
,,,chain,X
,,,resID,1
,,,resName,UNL
,,metrics
,,,distance,2.24556318103054
,,receptorAtoms
,,,atomIndex,897
,,,atomName,H
,,,chain,X
,,,resID,318
,,,resName,MET
,closeContacts.140
,,ligandAtoms
,,,atomIndex,44
,,,atomName,C4
,,,chain,X
,,,resID,1
,,,resName,UNL
,,metrics
,,,distance,3.618970295539877
,,receptorAtoms
,,,atomIndex,889
,,,atomName,N
,,,chain,X
,,,resID,318
,,,resName,MET
,closeContacts.141
,,ligandAtoms
,,,atomIndex,44
,,,atomName,C4
,,,chain,X
,,,resID,1
,,,resName,UNL
,,metrics
,,,distance,3.9157450121273207
,,receptorAtoms
,,,atomIndex,892
,,,atomName,O
,,,chain,X
,,,resID,318
,,,resName,MET
,closeContacts.142
,,ligandAtoms
,,,atomIndex,44
,,,atomName,C4
,,,chain,X
,,,resID,1
,,,resName,UNL
,,metrics
,,,distance,3.776156114357562
,,receptorAtoms
,,,atomIndex,893
,,,atomName,CB
,,,chain,X
,,,resID,318
,,,resName,MET
,closeContacts.143
,,ligandAtoms
,,,atomIndex,44
,,,atomName,C4
,,,chain,X
,,,resID,1
,,,resName,UNL
,,metrics
,,,distance,2.698267777667737
,,receptorAtoms
,,,atomIndex,897
,,,atomName,H
,,,chain,X
,,,resID,318
,,,resName,MET
,closeContacts.144
,,ligandAtoms
,,,atomIndex,44
,,,atomName,C4
,,,chain,X
,,,resID,1
,,,resName,UNL
,,metrics
,,,distance,3.7696166913891935
,,receptorAtoms
,,,atomIndex,1420
,,,atomName,CD1
,,,chain,X
,,,resID,370
,,,resName,LEU
,closeContacts.145
,,ligandAtoms
,,,atomIndex,44
,,,atomName,C4
,,,chain,X
,,,resID,1
,,,resName,UNL
,,metrics
,,,distance,3.1908055409253646
,,receptorAtoms
,,,atomIndex,1421
,,,atomName,CD2
,,,chain,X
,,,resID,370
,,,resName,LEU
,closeContacts.146
,,ligandAtoms
,,,atomIndex,45
,,,atomName,C3
,,,chain,X
,,,resID,1
,,,resName,UNL
,,metrics
,,,distance,3.792469643912788
,,receptorAtoms
,,,atomIndex,897
,,,atomName,H
,,,chain,X
,,,resID,318
,,,resName,MET
,closeContacts.147
,,ligandAtoms
,,,atomIndex,45
,,,atomName,C3
,,,chain,X
,,,resID,1
,,,resName,UNL
,,metrics
,,,distance,3.8771074269357038
,,receptorAtoms
,,,atomIndex,1419
,,,atomName,CG
,,,chain,X
,,,resID,370
,,,resName,LEU
,closeContacts.148
,,ligandAtoms
,,,atomIndex,45
,,,atomName,C3
,,,chain,X
,,,resID,1
,,,resName,UNL
,,metrics
,,,distance,3.247013858917143
,,receptorAtoms
,,,atomIndex,1420
,,,atomName,CD1
,,,chain,X
,,,resID,370
,,,resName,LEU
,closeContacts.149
,,ligandAtoms
,,,atomIndex,45
,,,atomName,C3
,,,chain,X
,,,resID,1
,,,resName,UNL
,,metrics
,,,distance,3.2313992325306997
,,receptorAtoms
,,,atomIndex,1421
,,,atomName,CD2
,,,chain,X
,,,resID,370
,,,resName,LEU
,closeContacts.150
,,ligandAtoms
,,,atomIndex,45
,,,atomName,C3
,,,chain,X
,,,resID,1
,,,resName,UNL
,,metrics
,,,distance,3.9336549162324843
,,receptorAtoms
,,,atomIndex,1533
,,,atomName,CZ
,,,chain,X
,,,resID,382
,,,resName,PHE
,closeContacts.151
,,ligandAtoms
,,,atomIndex,46
,,,atomName,O1
,,,chain,X
,,,resID,1
,,,resName,UNL
,,metrics
,,,distance,3.7367864536256277
,,receptorAtoms
,,,atomIndex,882
,,,atomName,CG
,,,chain,X
,,,resID,317
,,,resName,PHE
,closeContacts.152
,,ligandAtoms
,,,atomIndex,46
,,,atomName,O1
,,,chain,X
,,,resID,1
,,,resName,UNL
,,metrics
,,,distance,3.2615947019824514
,,receptorAtoms
,,,atomIndex,883
,,,atomName,CD1
,,,chain,X
,,,resID,317
,,,resName,PHE
,closeContacts.153
,,ligandAtoms
,,,atomIndex,46
,,,atomName,O1
,,,chain,X
,,,resID,1
,,,resName,UNL
,,metrics
,,,distance,3.938949225364551
,,receptorAtoms
,,,atomIndex,884
,,,atomName,CD2
,,,chain,X
,,,resID,317
,,,resName,PHE
,closeContacts.154
,,ligandAtoms
,,,atomIndex,46
,,,atomName,O1
,,,chain,X
,,,resID,1
,,,resName,UNL
,,metrics
,,,distance,3.0111447989095446
,,receptorAtoms
,,,atomIndex,885
,,,atomName,CE1
,,,chain,X
,,,resID,317
,,,resName,PHE
,closeContacts.155
,,ligandAtoms
,,,atomIndex,46
,,,atomName,O1
,,,chain,X
,,,resID,1
,,,resName,UNL
,,metrics
,,,distance,3.7324005679990986
,,receptorAtoms
,,,atomIndex,886
,,,atomName,CE2
,,,chain,X
,,,resID,317
,,,resName,PHE
,closeContacts.156
,,ligandAtoms
,,,atomIndex,46
,,,atomName,O1
,,,chain,X
,,,resID,1
,,,resName,UNL
,,metrics
,,,distance,3.2772862249123134
,,receptorAtoms
,,,atomIndex,887
,,,atomName,CZ
,,,chain,X
,,,resID,317
,,,resName,PHE
,closeContacts.157
,,ligandAtoms
,,,atomIndex,46
,,,atomName,O1
,,,chain,X
,,,resID,1
,,,resName,UNL
,,metrics
,,,distance,3.5869701699345096
,,receptorAtoms
,,,atomIndex,889
,,,atomName,N
,,,chain,X
,,,resID,318
,,,resName,MET
,closeContacts.158
,,ligandAtoms
,,,atomIndex,46
,,,atomName,O1
,,,chain,X
,,,resID,1
,,,resName,UNL
,,metrics
,,,distance,3.8520272584705304
,,receptorAtoms
,,,atomIndex,891
,,,atomName,C
,,,chain,X
,,,resID,318
,,,resName,MET
,closeContacts.159
,,ligandAtoms
,,,atomIndex,46
,,,atomName,O1
,,,chain,X
,,,resID,1
,,,resName,UNL
,,metrics
,,,distance,2.9186287876329873
,,receptorAtoms
,,,atomIndex,892
,,,atomName,O
,,,chain,X
,,,resID,318
,,,resName,MET
,closeContacts.160
,,ligandAtoms
,,,atomIndex,46
,,,atomName,O1
,,,chain,X
,,,resID,1
,,,resName,UNL
,,metrics
,,,distance,2.760188399366972
,,receptorAtoms
,,,atomIndex,897
,,,atomName,H
,,,chain,X
,,,resID,318
,,,resName,MET
,closeContacts.161
,,ligandAtoms
,,,atomIndex,46
,,,atomName,O1
,,,chain,X
,,,resID,1
,,,resName,UNL
,,metrics
,,,distance,3.9619420742862954
,,receptorAtoms
,,,atomIndex,925
,,,atomName,H
,,,chain,X
,,,resID,321
,,,resName,GLY
,closeContacts.162
,,ligandAtoms
,,,atomIndex,47
,,,atomName,C6
,,,chain,X
,,,resID,1
,,,resName,UNL
,,metrics
,,,distance,3.8328750305743067
,,receptorAtoms
,,,atomIndex,221
,,,atomName,CD1
,,,chain,X
,,,resID,248
,,,resName,LEU
,closeContacts.163
,,ligandAtoms
,,,atomIndex,47
,,,atomName,C6
,,,chain,X
,,,resID,1
,,,resName,UNL
,,metrics
,,,distance,3.9119827453607203
,,receptorAtoms
,,,atomIndex,883
,,,atomName,CD1
,,,chain,X
,,,resID,317
,,,resName,PHE
,closeContacts.164
,,ligandAtoms
,,,atomIndex,47
,,,atomName,C6
,,,chain,X
,,,resID,1
,,,resName,UNL
,,metrics
,,,distance,3.2462572294875223
,,receptorAtoms
,,,atomIndex,885
,,,atomName,CE1
,,,chain,X
,,,resID,317
,,,resName,PHE
,closeContacts.165
,,ligandAtoms
,,,atomIndex,47
,,,atomName,C6
,,,chain,X
,,,resID,1
,,,resName,UNL
,,metrics
,,,distance,3.5200116477080035
,,receptorAtoms
,,,atomIndex,887
,,,atomName,CZ
,,,chain,X
,,,resID,317
,,,resName,PHE
,closeContacts.166
,,ligandAtoms
,,,atomIndex,47
,,,atomName,C6
,,,chain,X
,,,resID,1
,,,resName,UNL
,,metrics
,,,distance,3.8749909677314096
,,receptorAtoms
,,,atomIndex,892
,,,atomName,O
,,,chain,X
,,,resID,318
,,,resName,MET
,closeContacts.167
,,ligandAtoms
,,,atomIndex,48
,,,atomName,N2
,,,chain,X
,,,resID,1
,,,resName,UNL
,,metrics
,,,distance,3.415953600387454
,,receptorAtoms
,,,atomIndex,922
,,,atomName,CA
,,,chain,X
,,,resID,321
,,,resName,GLY
,closeContacts.168
,,ligandAtoms
,,,atomIndex,49
,,,atomName,H40
,,,chain,X
,,,resID,1
,,,resName,UNL
,,metrics
,,,distance,3.780887197470986
,,receptorAtoms
,,,atomIndex,892
,,,atomName,O
,,,chain,X
,,,resID,318
,,,resName,MET
,closeContacts.169
,,ligandAtoms
,,,atomIndex,49
,,,atomName,H40
,,,chain,X
,,,resID,1
,,,resName,UNL
,,metrics
,,,distance,3.882204013186324
,,receptorAtoms
,,,atomIndex,921
,,,atomName,N
,,,chain,X
,,,resID,321
,,,resName,GLY
,closeContacts.170
,,ligandAtoms
,,,atomIndex,49
,,,atomName,H40
,,,chain,X
,,,resID,1
,,,resName,UNL
,,metrics
,,,distance,3.1375676885128723
,,receptorAtoms
,,,atomIndex,922
,,,atomName,CA
,,,chain,X
,,,resID,321
,,,resName,GLY
,closeContacts.171
,,ligandAtoms
,,,atomIndex,49
,,,atomName,H40
,,,chain,X
,,,resID,1
,,,resName,UNL
,,metrics
,,,distance,3.88135156871933
,,receptorAtoms
,,,atomIndex,923
,,,atomName,C
,,,chain,X
,,,resID,321
,,,resName,GLY
,closeContacts.172
,,ligandAtoms
,,,atomIndex,49
,,,atomName,H40
,,,chain,X
,,,resID,1
,,,resName,UNL
,,metrics
,,,distance,3.6708365531578773
,,receptorAtoms
,,,atomIndex,925
,,,atomName,H
,,,chain,X
,,,resID,321
,,,resName,GLY
,closeContacts.173
,,ligandAtoms
,,,atomIndex,49
,,,atomName,H40
,,,chain,X
,,,resID,1
,,,resName,UNL
,,metrics
,,,distance,3.388172811413254
,,receptorAtoms
,,,atomIndex,1421
,,,atomName,CD2
,,,chain,X
,,,resID,370
,,,resName,LEU
,closeContacts.174
,,ligandAtoms
,,,atomIndex,50
,,,atomName,O2
,,,chain,X
,,,resID,1
,,,resName,UNL
,,metrics
,,,distance,3.9312197852574955
,,receptorAtoms
,,,atomIndex,219
,,,atomName,CB
,,,chain,X
,,,resID,248
,,,resName,LEU
,closeContacts.175
,,ligandAtoms
,,,atomIndex,50
,,,atomName,O2
,,,chain,X
,,,resID,1
,,,resName,UNL
,,metrics
,,,distance,3.557556605312134
,,receptorAtoms
,,,atomIndex,220
,,,atomName,CG
,,,chain,X
,,,resID,248
,,,resName,LEU
,closeContacts.176
,,ligandAtoms
,,,atomIndex,50
,,,atomName,O2
,,,chain,X
,,,resID,1
,,,resName,UNL
,,metrics
,,,distance,3.2499215375144046
,,receptorAtoms
,,,atomIndex,221
,,,atomName,CD1
,,,chain,X
,,,resID,248
,,,resName,LEU
,closeContacts.177
,,ligandAtoms
,,,atomIndex,50
,,,atomName,O2
,,,chain,X
,,,resID,1
,,,resName,UNL
,,metrics
,,,distance,3.0218542320899595
,,receptorAtoms
,,,atomIndex,222
,,,atomName,CD2
,,,chain,X
,,,resID,248
,,,resName,LEU
,closeContacts.178
,,ligandAtoms
,,,atomIndex,50
,,,atomName,O2
,,,chain,X
,,,resID,1
,,,resName,UNL
,,metrics
,,,distance,3.73786516610752
,,receptorAtoms
,,,atomIndex,883
,,,atomName,CD1
,,,chain,X
,,,resID,317
,,,resName,PHE
,closeContacts.179
,,ligandAtoms
,,,atomIndex,50
,,,atomName,O2
,,,chain,X
,,,resID,1
,,,resName,UNL
,,metrics
,,,distance,2.755788997728237
,,receptorAtoms
,,,atomIndex,885
,,,atomName,CE1
,,,chain,X
,,,resID,317
,,,resName,PHE
,closeContacts.180
,,ligandAtoms
,,,atomIndex,50
,,,atomName,O2
,,,chain,X
,,,resID,1
,,,resName,UNL
,,metrics
,,,distance,3.100609133702603
,,receptorAtoms
,,,atomIndex,887
,,,atomName,CZ
,,,chain,X
,,,resID,317
,,,resName,PHE
,closeContacts.181
,,ligandAtoms
,,,atomIndex,51
,,,atomName,C7
,,,chain,X
,,,resID,1
,,,resName,UNL
,,metrics
,,,distance,3.5641090050670456
,,receptorAtoms
,,,atomIndex,922
,,,atomName,CA
,,,chain,X
,,,resID,321
,,,resName,GLY
,closeContacts.182
,,ligandAtoms
,,,atomIndex,51
,,,atomName,C7
,,,chain,X
,,,resID,1
,,,resName,UNL
,,metrics
,,,distance,3.683747684084783
,,receptorAtoms
,,,atomIndex,934
,,,atomName,H
,,,chain,X
,,,resID,322
,,,resName,ASN
,closeContacts.183
,,ligandAtoms
,,,atomIndex,52
,,,atomName,C8
,,,chain,X
,,,resID,1
,,,resName,UNL
,,metrics
,,,distance,3.6233698403557963
,,receptorAtoms
,,,atomIndex,934
,,,atomName,H
,,,chain,X
,,,resID,322
,,,resName,ASN
,closeContacts.184
,,ligandAtoms
,,,atomIndex,52
,,,atomName,C8
,,,chain,X
,,,resID,1
,,,resName,UNL
,,metrics
,,,distance,3.8479763512786818
,,receptorAtoms
,,,atomIndex,9351
,,,atomName,1HD2
,,,chain,X
,,,resID,322
,,,resName,ASN
,closeContacts.185
,,ligandAtoms
,,,atomIndex,53
,,,atomName,C9
,,,chain,X
,,,resID,1
,,,resName,UNL
,,metrics
,,,distance,3.8222743229653195
,,receptorAtoms
,,,atomIndex,256
,,,atomName,CG
,,,chain,X
,,,resID,253
,,,resName,TYR
,closeContacts.186
,,ligandAtoms
,,,atomIndex,53
,,,atomName,C9
,,,chain,X
,,,resID,1
,,,resName,UNL
,,metrics
,,,distance,3.7601406888572657
,,receptorAtoms
,,,atomIndex,258
,,,atomName,CD2
,,,chain,X
,,,resID,253
,,,resName,TYR
,closeContacts.187
,,ligandAtoms
,,,atomIndex,53
,,,atomName,C9
,,,chain,X
,,,resID,1
,,,resName,UNL
,,metrics
,,,distance,3.9153994687643303
,,receptorAtoms
,,,atomIndex,260
,,,atomName,CE2
,,,chain,X
,,,resID,253
,,,resName,TYR
,closeContacts.188
,,ligandAtoms
,,,atomIndex,53
,,,atomName,C9
,,,chain,X
,,,resID,1
,,,resName,UNL
,,metrics
,,,distance,3.9663742889445017
,,receptorAtoms
,,,atomIndex,932
,,,atomName,ND2
,,,chain,X
,,,resID,322
,,,resName,ASN
,closeContacts.189
,,ligandAtoms
,,,atomIndex,53
,,,atomName,C9
,,,chain,X
,,,resID,1
,,,resName,UNL
,,metrics
,,,distance,3.66755354425808
,,receptorAtoms
,,,atomIndex,934
,,,atomName,H
,,,chain,X
,,,resID,322
,,,resName,ASN
,closeContacts.190
,,ligandAtoms
,,,atomIndex,53
,,,atomName,C9
,,,chain,X
,,,resID,1
,,,resName,UNL
,,metrics
,,,distance,3.009156360178049
,,receptorAtoms
,,,atomIndex,9351
,,,atomName,1HD2
,,,chain,X
,,,resID,322
,,,resName,ASN
,closeContacts.191
,,ligandAtoms
,,,atomIndex,54
,,,atomName,C10
,,,chain,X
,,,resID,1
,,,resName,UNL
,,metrics
,,,distance,3.732674778225395
,,receptorAtoms
,,,atomIndex,225
,,,atomName,CA
,,,chain,X
,,,resID,249
,,,resName,GLY
,closeContacts.192
,,ligandAtoms
,,,atomIndex,54
,,,atomName,C10
,,,chain,X
,,,resID,1
,,,resName,UNL
,,metrics
,,,distance,3.6936770297360866
,,receptorAtoms
,,,atomIndex,932
,,,atomName,ND2
,,,chain,X
,,,resID,322
,,,resName,ASN
,closeContacts.193
,,ligandAtoms
,,,atomIndex,54
,,,atomName,C10
,,,chain,X
,,,resID,1
,,,resName,UNL
,,metrics
,,,distance,3.7636203315424894
,,receptorAtoms
,,,atomIndex,934
,,,atomName,H
,,,chain,X
,,,resID,322
,,,resName,ASN
,closeContacts.194
,,ligandAtoms
,,,atomIndex,54
,,,atomName,C10
,,,chain,X
,,,resID,1
,,,resName,UNL
,,metrics
,,,distance,2.733852044277451
,,receptorAtoms
,,,atomIndex,9351
,,,atomName,1HD2
,,,chain,X
,,,resID,322
,,,resName,ASN
,closeContacts.195
,,ligandAtoms
,,,atomIndex,55
,,,atomName,C11
,,,chain,X
,,,resID,1
,,,resName,UNL
,,metrics
,,,distance,3.990044987215056
,,receptorAtoms
,,,atomIndex,225
,,,atomName,CA
,,,chain,X
,,,resID,249
,,,resName,GLY
,closeContacts.196
,,ligandAtoms
,,,atomIndex,55
,,,atomName,C11
,,,chain,X
,,,resID,1
,,,resName,UNL
,,metrics
,,,distance,3.7125433330804367
,,receptorAtoms
,,,atomIndex,228
,,,atomName,H
,,,chain,X
,,,resID,249
,,,resName,GLY
,closeContacts.197
,,ligandAtoms
,,,atomIndex,55
,,,atomName,C11
,,,chain,X
,,,resID,1
,,,resName,UNL
,,metrics
,,,distance,3.810913013963977
,,receptorAtoms
,,,atomIndex,934
,,,atomName,H
,,,chain,X
,,,resID,322
,,,resName,ASN
,closeContacts.198
,,ligandAtoms
,,,atomIndex,55
,,,atomName,C11
,,,chain,X
,,,resID,1
,,,resName,UNL
,,metrics
,,,distance,3.4080394657339284
,,receptorAtoms
,,,atomIndex,9351
,,,atomName,1HD2
,,,chain,X
,,,resID,322
,,,resName,ASN
,closeContacts.199
,,ligandAtoms
,,,atomIndex,56
,,,atomName,C12
,,,chain,X
,,,resID,1
,,,resName,UNL
,,metrics
,,,distance,3.7766448072330023
,,receptorAtoms
,,,atomIndex,922
,,,atomName,CA
,,,chain,X
,,,resID,321
,,,resName,GLY
,closeContacts.200
,,ligandAtoms
,,,atomIndex,56
,,,atomName,C12
,,,chain,X
,,,resID,1
,,,resName,UNL
,,metrics
,,,distance,3.7785174341267767
,,receptorAtoms
,,,atomIndex,934
,,,atomName,H
,,,chain,X
,,,resID,322
,,,resName,ASN
,closeContacts.201
,,ligandAtoms
,,,atomIndex,57
,,,atomName,C13
,,,chain,X
,,,resID,1
,,,resName,UNL
,,metrics
,,,distance,3.903447963019361
,,receptorAtoms
,,,atomIndex,922
,,,atomName,CA
,,,chain,X
,,,resID,321
,,,resName,GLY
,closeContacts.202
,,ligandAtoms
,,,atomIndex,58
,,,atomName,C14
,,,chain,X
,,,resID,1
,,,resName,UNL
,,metrics
,,,distance,3.9446760323250882
,,receptorAtoms
,,,atomIndex,909
,,,atomName,C
,,,chain,X
,,,resID,320
,,,resName,TYR
,closeContacts.203
,,ligandAtoms
,,,atomIndex,58
,,,atomName,C14
,,,chain,X
,,,resID,1
,,,resName,UNL
,,metrics
,,,distance,3.398389030114122
,,receptorAtoms
,,,atomIndex,921
,,,atomName,N
,,,chain,X
,,,resID,321
,,,resName,GLY
,closeContacts.204
,,ligandAtoms
,,,atomIndex,58
,,,atomName,C14
,,,chain,X
,,,resID,1
,,,resName,UNL
,,metrics
,,,distance,3.1091264046352314
,,receptorAtoms
,,,atomIndex,922
,,,atomName,CA
,,,chain,X
,,,resID,321
,,,resName,GLY
,closeContacts.205
,,ligandAtoms
,,,atomIndex,58
,,,atomName,C14
,,,chain,X
,,,resID,1
,,,resName,UNL
,,metrics
,,,distance,3.604952842964801
,,receptorAtoms
,,,atomIndex,925
,,,atomName,H
,,,chain,X
,,,resID,321
,,,resName,GLY
,closeContacts.206
,,ligandAtoms
,,,atomIndex,59
,,,atomName,C15
,,,chain,X
,,,resID,1
,,,resName,UNL
,,metrics
,,,distance,3.937338822097992
,,receptorAtoms
,,,atomIndex,887
,,,atomName,CZ
,,,chain,X
,,,resID,317
,,,resName,PHE
,closeContacts.207
,,ligandAtoms
,,,atomIndex,59
,,,atomName,C15
,,,chain,X
,,,resID,1
,,,resName,UNL
,,metrics
,,,distance,3.4612649421851547
,,receptorAtoms
,,,atomIndex,901
,,,atomName,O
,,,chain,X
,,,resID,319
,,,resName,THR
,closeContacts.208
,,ligandAtoms
,,,atomIndex,59
,,,atomName,C15
,,,chain,X
,,,resID,1
,,,resName,UNL
,,metrics
,,,distance,3.893494574286705
,,receptorAtoms
,,,atomIndex,921
,,,atomName,N
,,,chain,X
,,,resID,321
,,,resName,GLY
,closeContacts.209
,,ligandAtoms
,,,atomIndex,59
,,,atomName,C15
,,,chain,X
,,,resID,1
,,,resName,UNL
,,metrics
,,,distance,3.9602571886179314
,,receptorAtoms
,,,atomIndex,925
,,,atomName,H
,,,chain,X
,,,resID,321
,,,resName,GLY
,closeContacts.210
,,ligandAtoms
,,,atomIndex,60
,,,atomName,C16
,,,chain,X
,,,resID,1
,,,resName,UNL
,,metrics
,,,distance,3.820892696739859
,,receptorAtoms
,,,atomIndex,887
,,,atomName,CZ
,,,chain,X
,,,resID,317
,,,resName,PHE
,closeContacts.211
,,ligandAtoms
,,,atomIndex,61
,,,atomName,C17
,,,chain,X
,,,resID,1
,,,resName,UNL
,,metrics
,,,distance,3.8572794817072826
,,receptorAtoms
,,,atomIndex,222
,,,atomName,CD2
,,,chain,X
,,,resID,248
,,,resName,LEU
,closeContacts.212
,,ligandAtoms
,,,atomIndex,62
,,,atomName,C18
,,,chain,X
,,,resID,1
,,,resName,UNL
,,metrics
,,,distance,3.601508711637387
,,receptorAtoms
,,,atomIndex,222
,,,atomName,CD2
,,,chain,X
,,,resID,248
,,,resName,LEU
,closeContacts.213
,,ligandAtoms
,,,atomIndex,62
,,,atomName,C18
,,,chain,X
,,,resID,1
,,,resName,UNL
,,metrics
,,,distance,3.8161002345326303
,,receptorAtoms
,,,atomIndex,228
,,,atomName,H
,,,chain,X
,,,resID,249
,,,resName,GLY
closestContacts
,closestContacts.1
,,ligandAtoms
,,,atomIndex,8
,,,atomName,C27
,,,chain,X
,,,resID,1
,,,resName,UNL
,,metrics
,,,distance,2.4794146486620585
,,receptorAtoms
,,,atomIndex,1522
,,,atomName,H
,,,chain,X
,,,resID,381
,,,resName,ASP
,closestContacts.2
,,ligandAtoms
,,,atomIndex,9
,,,atomName,O3
,,,chain,X
,,,resID,1
,,,resName,UNL
,,metrics
,,,distance,2.2488997309795735
,,receptorAtoms
,,,atomIndex,1522
,,,atomName,H
,,,chain,X
,,,resID,381
,,,resName,ASP
,closestContacts.3
,,ligandAtoms
,,,atomIndex,35
,,,atomName,H44
,,,chain,X
,,,resID,1
,,,resName,UNL
,,metrics
,,,distance,2.4979213358310544
,,receptorAtoms
,,,atomIndex,0
,,,atomName,HH21
,,,chain,X
,,,resID,386
,,,resName,ARG
,closestContacts.4
,,ligandAtoms
,,,atomIndex,37
,,,atomName,H45
,,,chain,X
,,,resID,1
,,,resName,UNL
,,metrics
,,,distance,1.8858634627140962
,,receptorAtoms
,,,atomIndex,1521
,,,atomName,OD2
,,,chain,X
,,,resID,381
,,,resName,ASP
,closestContacts.5
,,ligandAtoms
,,,atomIndex,43
,,,atomName,C5
,,,chain,X
,,,resID,1
,,,resName,UNL
,,metrics
,,,distance,2.24556318103054
,,receptorAtoms
,,,atomIndex,897
,,,atomName,H
,,,chain,X
,,,resID,318
,,,resName,MET
electrostaticEnergies
,C_C,0
,C_HH,0
,C_N,0
,C_OO,0
,HH_HH,0
,HH_N,0
,HH_OO,0
,HH_SS,0
,N_N,0
,N_OO,0
,OO_OO,0
halogenBonds,none
hydrogenBonds
,hydrogenBonds.1
,,ligandAtoms
,,,ligandAtoms.1
,,,,atomIndex,7
,,,,atomName,N3
,,,,chain,X
,,,,resID,1
,,,,resName,UNL
,,,ligandAtoms.2
,,,,atomIndex,10
,,,,atomName,H41
,,,,chain,X
,,,,resID,1
,,,,resName,UNL
,,metrics
,,,angle,10.998312286072291
,,,distance,3.6378861994295533
,,receptorAtoms
,,,atomIndex,590
,,,atomName,OE2
,,,chain,X
,,,resID,286
,,,resName,GLU
,hydrogenBonds.2
,,ligandAtoms
,,,atomIndex,7
,,,atomName,N3
,,,chain,X
,,,resID,1
,,,resName,UNL
,,metrics
,,,angle,26.85648157447028
,,,distance,3.9972576849635306
,,receptorAtoms
,,,receptorAtoms.1
,,,,atomIndex,1514
,,,,atomName,N
,,,,chain,X
,,,,resID,381
,,,,resName,ASP
,,,receptorAtoms.2
,,,,atomIndex,1522
,,,,atomName,H
,,,,chain,X
,,,,resID,381
,,,,resName,ASP
,hydrogenBonds.3
,,ligandAtoms
,,,ligandAtoms.1
,,,,atomIndex,34
,,,,atomName,O5
,,,,chain,X
,,,,resID,1
,,,,resName,UNL
,,,ligandAtoms.2
,,,,atomIndex,35
,,,,atomName,H44
,,,,chain,X
,,,,resID,1
,,,,resName,UNL
,,metrics
,,,angle,32.786359529689804
,,,distance,3.637098568914513
,,receptorAtoms
,,,atomIndex,1567
,,,atomName,NH2
,,,chain,X
,,,resID,386
,,,resName,ARG
,hydrogenBonds.4
,,ligandAtoms
,,,ligandAtoms.1
,,,,atomIndex,36
,,,,atomName,O6
,,,,chain,X
,,,,resID,1
,,,,resName,UNL
,,,ligandAtoms.2
,,,,atomIndex,37
,,,,atomName,H45
,,,,chain,X
,,,,resID,1
,,,,resName,UNL
,,metrics
,,,angle,38.673564362862066
,,,distance,2.7216151454605044
,,receptorAtoms
,,,atomIndex,1521
,,,atomName,OD2
,,,chain,X
,,,resID,381
,,,resName,ASP
hydrophobicContacts
,hydrophobicContacts.1
,,ligandAtoms
,,,atomIndex,1
,,,atomName,C21
,,,chain,X
,,,resID,1
,,,resName,UNL
,,metrics
,,,distance,3.825551594214879
,,receptorAtoms
,,,atomIndex,863
,,,atomName,CG1
,,,chain,X
,,,resID,315
,,,resName,ILE
,hydrophobicContacts.2
,,ligandAtoms
,,,atomIndex,1
,,,atomName,C21
,,,chain,X
,,,resID,1
,,,resName,UNL
,,metrics
,,,distance,3.334601925267842
,,receptorAtoms
,,,atomIndex,865
,,,atomName,CD1
,,,chain,X
,,,resID,315
,,,resName,ILE
,hydrophobicContacts.3
,,ligandAtoms
,,,atomIndex,1
,,,atomName,C21
,,,chain,X
,,,resID,1
,,,resName,UNL
,,metrics
,,,distance,3.315829609615066
,,receptorAtoms
,,,atomIndex,1532
,,,atomName,CE2
,,,chain,X
,,,resID,382
,,,resName,PHE
,hydrophobicContacts.4
,,ligandAtoms
,,,atomIndex,1
,,,atomName,C21
,,,chain,X
,,,resID,1
,,,resName,UNL
,,metrics
,,,distance,3.628911407020018
,,receptorAtoms
,,,atomIndex,1533
,,,atomName,CZ
,,,chain,X
,,,resID,382
,,,resName,PHE
,hydrophobicContacts.5
,,ligandAtoms
,,,atomIndex,2
,,,atomName,C22
,,,chain,X
,,,resID,1
,,,resName,UNL
,,metrics
,,,distance,3.6891447518361224
,,receptorAtoms
,,,atomIndex,1532
,,,atomName,CE2
,,,chain,X
,,,resID,382
,,,resName,PHE
,hydrophobicContacts.6
,,ligandAtoms
,,,atomIndex,5
,,,atomName,C25
,,,chain,X
,,,resID,1
,,,resName,UNL
,,metrics
,,,distance,3.970194075860775
,,receptorAtoms
,,,atomIndex,709
,,,atomName,CB
,,,chain,X
,,,resID,299
,,,resName,VAL
,hydrophobicContacts.7
,,ligandAtoms
,,,atomIndex,5
,,,atomName,C25
,,,chain,X
,,,resID,1
,,,resName,UNL
,,metrics
,,,distance,3.372587285749622
,,receptorAtoms
,,,atomIndex,710
,,,atomName,CG1
,,,chain,X
,,,resID,299
,,,resName,VAL
,hydrophobicContacts.8
,,ligandAtoms
,,,atomIndex,5
,,,atomName,C25
,,,chain,X
,,,resID,1
,,,resName,UNL
,,metrics
,,,distance,3.9535166624158804
,,receptorAtoms
,,,atomIndex,711
,,,atomName,CG2
,,,chain,X
,,,resID,299
,,,resName,VAL
,hydrophobicContacts.9
,,ligandAtoms
,,,atomIndex,5
,,,atomName,C25
,,,chain,X
,,,resID,1
,,,resName,UNL
,,metrics
,,,distance,3.6525830586038692
,,receptorAtoms
,,,atomIndex,865
,,,atomName,CD1
,,,chain,X
,,,resID,315
,,,resName,ILE
,hydrophobicContacts.10
,,ligandAtoms
,,,atomIndex,5
,,,atomName,C25
,,,chain,X
,,,resID,1
,,,resName,UNL
,,metrics
,,,distance,3.5024006052991714
,,receptorAtoms
,,,atomIndex,1512
,,,atomName,CB
,,,chain,X
,,,resID,380
,,,resName,ALA
,hydrophobicContacts.11
,,ligandAtoms
,,,atomIndex,5
,,,atomName,C25
,,,chain,X
,,,resID,1
,,,resName,UNL
,,metrics
,,,distance,3.9431250297194502
,,receptorAtoms
,,,atomIndex,1533
,,,atomName,CZ
,,,chain,X
,,,resID,382
,,,resName,PHE
,hydrophobicContacts.12
,,ligandAtoms
,,,atomIndex,6
,,,atomName,C26
,,,chain,X
,,,resID,1
,,,resName,UNL
,,metrics
,,,distance,3.736457413112051
,,receptorAtoms
,,,atomIndex,710
,,,atomName,CG1
,,,chain,X
,,,resID,299
,,,resName,VAL
,hydrophobicContacts.13
,,ligandAtoms
,,,atomIndex,6
,,,atomName,C26
,,,chain,X
,,,resID,1
,,,resName,UNL
,,metrics
,,,distance,3.0273215884672715
,,receptorAtoms
,,,atomIndex,865
,,,atomName,CD1
,,,chain,X
,,,resID,315
,,,resName,ILE
,hydrophobicContacts.14
,,ligandAtoms
,,,atomIndex,6
,,,atomName,C26
,,,chain,X
,,,resID,1
,,,resName,UNL
,,metrics
,,,distance,3.513083261182405
,,receptorAtoms
,,,atomIndex,1420
,,,atomName,CD1
,,,chain,X
,,,resID,370
,,,resName,LEU
,hydrophobicContacts.15
,,ligandAtoms
,,,atomIndex,6
,,,atomName,C26
,,,chain,X
,,,resID,1
,,,resName,UNL
,,metrics
,,,distance,3.521276189110987
,,receptorAtoms
,,,atomIndex,1532
,,,atomName,CE2
,,,chain,X
,,,resID,382
,,,resName,PHE
,hydrophobicContacts.16
,,ligandAtoms
,,,atomIndex,6
,,,atomName,C26
,,,chain,X
,,,resID,1
,,,resName,UNL
,,metrics
,,,distance,3.3690568413133075
,,receptorAtoms
,,,atomIndex,1533
,,,atomName,CZ
,,,chain,X
,,,resID,382
,,,resName,PHE
,hydrophobicContacts.17
,,ligandAtoms
,,,atomIndex,8
,,,atomName,C27
,,,chain,X
,,,resID,1
,,,resName,UNL
,,metrics
,,,distance,3.193130908685079
,,receptorAtoms
,,,atomIndex,711
,,,atomName,CG2
,,,chain,X
,,,resID,299
,,,resName,VAL
,hydrophobicContacts.18
,,ligandAtoms
,,,atomIndex,8
,,,atomName,C27
,,,chain,X
,,,resID,1
,,,resName,UNL
,,metrics
,,,distance,3.7919401366582774
,,receptorAtoms
,,,atomIndex,1509
,,,atomName,CA
,,,chain,X
,,,resID,380
,,,resName,ALA
,hydrophobicContacts.19
,,ligandAtoms
,,,atomIndex,8
,,,atomName,C27
,,,chain,X
,,,resID,1
,,,resName,UNL
,,metrics
,,,distance,3.895555544463459
,,receptorAtoms
,,,atomIndex,1510
,,,atomName,C
,,,chain,X
,,,resID,380
,,,resName,ALA
,hydrophobicContacts.20
,,ligandAtoms
,,,atomIndex,8
,,,atomName,C27
,,,chain,X
,,,resID,1
,,,resName,UNL
,,metrics
,,,distance,3.9203445001683197
,,receptorAtoms
,,,atomIndex,1512
,,,atomName,CB
,,,chain,X
,,,resID,380
,,,resName,ALA
,hydrophobicContacts.21
,,ligandAtoms
,,,atomIndex,11
,,,atomName,C28
,,,chain,X
,,,resID,1
,,,resName,UNL
,,metrics
,,,distance,3.843909728388531
,,receptorAtoms
,,,atomIndex,711
,,,atomName,CG2
,,,chain,X
,,,resID,299
,,,resName,VAL
,hydrophobicContacts.22
,,ligandAtoms
,,,atomIndex,12
,,,atomName,C29
,,,chain,X
,,,resID,1
,,,resName,UNL
,,metrics
,,,distance,3.977527624039838
,,receptorAtoms
,,,atomIndex,588
,,,atomName,CD
,,,chain,X
,,,resID,286
,,,resName,GLU
,hydrophobicContacts.23
,,ligandAtoms
,,,atomIndex,12
,,,atomName,C29
,,,chain,X
,,,resID,1
,,,resName,UNL
,,metrics
,,,distance,3.931952314054686
,,receptorAtoms
,,,atomIndex,1518
,,,atomName,CB
,,,chain,X
,,,resID,381
,,,resName,ASP
,hydrophobicContacts.24
,,ligandAtoms
,,,atomIndex,13
,,,atomName,C30
,,,chain,X
,,,resID,1
,,,resName,UNL
,,metrics
,,,distance,3.9277954376469246
,,receptorAtoms
,,,atomIndex,587
,,,atomName,CG
,,,chain,X
,,,resID,286
,,,resName,GLU
,hydrophobicContacts.25
,,ligandAtoms
,,,atomIndex,16
,,,atomName,C33
,,,chain,X
,,,resID,1
,,,resName,UNL
,,metrics
,,,distance,3.720682195511999
,,receptorAtoms
,,,atomIndex,711
,,,atomName,CG2
,,,chain,X
,,,resID,299
,,,resName,VAL
,hydrophobicContacts.26
,,ligandAtoms
,,,atomIndex,17
,,,atomName,C34
,,,chain,X
,,,resID,1
,,,resName,UNL
,,metrics
,,,distance,3.937618188702403
,,receptorAtoms
,,,atomIndex,586
,,,atomName,CB
,,,chain,X
,,,resID,286
,,,resName,GLU
,hydrophobicContacts.27
,,ligandAtoms
,,,atomIndex,17
,,,atomName,C34
,,,chain,X
,,,resID,1
,,,resName,UNL
,,metrics
,,,distance,3.2568675134245173
,,receptorAtoms
,,,atomIndex,587
,,,atomName,CG
,,,chain,X
,,,resID,286
,,,resName,GLU
,hydrophobicContacts.28
,,ligandAtoms
,,,atomIndex,17
,,,atomName,C34
,,,chain,X
,,,resID,1
,,,resName,UNL
,,metrics
,,,distance,3.5853588383870307
,,receptorAtoms
,,,atomIndex,588
,,,atomName,CD
,,,chain,X
,,,resID,286
,,,resName,GLU
,hydrophobicContacts.29
,,ligandAtoms
,,,atomIndex,20
,,,atomName,C35
,,,chain,X
,,,resID,1
,,,resName,UNL
,,metrics
,,,distance,3.9276408949902737
,,receptorAtoms
,,,atomIndex,610
,,,atomName,CG2
,,,chain,X
,,,resID,289
,,,resName,VAL
,hydrophobicContacts.30
,,ligandAtoms
,,,atomIndex,27
,,,atomName,C41
,,,chain,X
,,,resID,1
,,,resName,UNL
,,metrics
,,,distance,3.770613212728137
,,receptorAtoms
,,,atomIndex,544
,,,atomName,CD
,,,chain,X
,,,resID,282
,,,resName,GLU
,hydrophobicContacts.31
,,ligandAtoms
,,,atomIndex,38
,,,atomName,C20
,,,chain,X
,,,resID,1
,,,resName,UNL
,,metrics
,,,distance,3.3522713195682723
,,receptorAtoms
,,,atomIndex,419
,,,atomName,CB
,,,chain,X
,,,resID,269
,,,resName,ALA
,hydrophobicContacts.32
,,ligandAtoms
,,,atomIndex,38
,,,atomName,C20
,,,chain,X
,,,resID,1
,,,resName,UNL
,,metrics
,,,distance,3.8122010702480003
,,receptorAtoms
,,,atomIndex,863
,,,atomName,CG1
,,,chain,X
,,,resID,315
,,,resName,ILE
,hydrophobicContacts.33
,,ligandAtoms
,,,atomIndex,38
,,,atomName,C20
,,,chain,X
,,,resID,1
,,,resName,UNL
,,metrics
,,,distance,3.6078774923769235
,,receptorAtoms
,,,atomIndex,865
,,,atomName,CD1
,,,chain,X
,,,resID,315
,,,resName,ILE
,hydrophobicContacts.34
,,ligandAtoms
,,,atomIndex,38
,,,atomName,C20
,,,chain,X
,,,resID,1
,,,resName,UNL
,,metrics
,,,distance,3.6588203016819496
,,receptorAtoms
,,,atomIndex,1532
,,,atomName,CE2
,,,chain,X
,,,resID,382
,,,resName,PHE
,hydrophobicContacts.35
,,ligandAtoms
,,,atomIndex,38
,,,atomName,C20
,,,chain,X
,,,resID,1
,,,resName,UNL
,,metrics
,,,distance,3.917157132411208
,,receptorAtoms
,,,atomIndex,1533
,,,atomName,CZ
,,,chain,X
,,,resID,382
,,,resName,PHE
,hydrophobicContacts.36
,,ligandAtoms
,,,atomIndex,39
,,,atomName,C19
,,,chain,X
,,,resID,1
,,,resName,UNL
,,metrics
,,,distance,3.912681944651265
,,receptorAtoms
,,,atomIndex,419
,,,atomName,CB
,,,chain,X
,,,resID,269
,,,resName,ALA
,hydrophobicContacts.37
,,ligandAtoms
,,,atomIndex,39
,,,atomName,C19
,,,chain,X
,,,resID,1
,,,resName,UNL
,,metrics
,,,distance,2.831714851463684
,,receptorAtoms
,,,atomIndex,1532
,,,atomName,CE2
,,,chain,X
,,,resID,382
,,,resName,PHE
,hydrophobicContacts.38
,,ligandAtoms
,,,atomIndex,39
,,,atomName,C19
,,,chain,X
,,,resID,1
,,,resName,UNL
,,metrics
,,,distance,3.1572283731146213
,,receptorAtoms
,,,atomIndex,1533
,,,atomName,CZ
,,,chain,X
,,,resID,382
,,,resName,PHE
,hydrophobicContacts.39
,,ligandAtoms
,,,atomIndex,41
,,,atomName,C2
,,,chain,X
,,,resID,1
,,,resName,UNL
,,metrics
,,,distance,3.1033422305636873
,,receptorAtoms
,,,atomIndex,221
,,,atomName,CD1
,,,chain,X
,,,resID,248
,,,resName,LEU
,hydrophobicContacts.40
,,ligandAtoms
,,,atomIndex,41
,,,atomName,C2
,,,chain,X
,,,resID,1
,,,resName,UNL
,,metrics
,,,distance,3.719016402222503
,,receptorAtoms
,,,atomIndex,419
,,,atomName,CB
,,,chain,X
,,,resID,269
,,,resName,ALA
,hydrophobicContacts.41
,,ligandAtoms
,,,atomIndex,42
,,,atomName,C1
,,,chain,X
,,,resID,1
,,,resName,UNL
,,metrics
,,,distance,3.014595992832206
,,receptorAtoms
,,,atomIndex,221
,,,atomName,CD1
,,,chain,X
,,,resID,248
,,,resName,LEU
,hydrophobicContacts.42
,,ligandAtoms
,,,atomIndex,42
,,,atomName,C1
,,,chain,X
,,,resID,1
,,,resName,UNL
,,metrics
,,,distance,3.011355342698701
,,receptorAtoms
,,,atomIndex,419
,,,atomName,CB
,,,chain,X
,,,resID,269
,,,resName,ALA
,hydrophobicContacts.43
,,ligandAtoms
,,,atomIndex,42
,,,atomName,C1
,,,chain,X
,,,resID,1
,,,resName,UNL
,,metrics
,,,distance,3.489077098603582
,,receptorAtoms
,,,atomIndex,883
,,,atomName,CD1
,,,chain,X
,,,resID,317
,,,resName,PHE
,hydrophobicContacts.44
,,ligandAtoms
,,,atomIndex,42
,,,atomName,C1
,,,chain,X
,,,resID,1
,,,resName,UNL
,,metrics
,,,distance,3.7292522038607143
,,receptorAtoms
,,,atomIndex,885
,,,atomName,CE1
,,,chain,X
,,,resID,317
,,,resName,PHE
,hydrophobicContacts.45
,,ligandAtoms
,,,atomIndex,43
,,,atomName,C5
,,,chain,X
,,,resID,1
,,,resName,UNL
,,metrics
,,,distance,3.939449961606316
,,receptorAtoms
,,,atomIndex,878
,,,atomName,CA
,,,chain,X
,,,resID,317
,,,resName,PHE
,hydrophobicContacts.46
,,ligandAtoms
,,,atomIndex,43
,,,atomName,C5
,,,chain,X
,,,resID,1
,,,resName,UNL
,,metrics
,,,distance,3.8960453026113546
,,receptorAtoms
,,,atomIndex,882
,,,atomName,CG
,,,chain,X
,,,resID,317
,,,resName,PHE
,hydrophobicContacts.47
,,ligandAtoms
,,,atomIndex,43
,,,atomName,C5
,,,chain,X
,,,resID,1
,,,resName,UNL
,,metrics
,,,distance,3.4662305174353314
,,receptorAtoms
,,,atomIndex,883
,,,atomName,CD1
,,,chain,X
,,,resID,317
,,,resName,PHE
,hydrophobicContacts.48
,,ligandAtoms
,,,atomIndex,43
,,,atomName,C5
,,,chain,X
,,,resID,1
,,,resName,UNL
,,metrics
,,,distance,3.721056436013839
,,receptorAtoms
,,,atomIndex,885
,,,atomName,CE1
,,,chain,X
,,,resID,317
,,,resName,PHE
,hydrophobicContacts.49
,,ligandAtoms
,,,atomIndex,44
,,,atomName,C4
,,,chain,X
,,,resID,1
,,,resName,UNL
,,metrics
,,,distance,3.776156114357562
,,receptorAtoms
,,,atomIndex,893
,,,atomName,CB
,,,chain,X
,,,resID,318
,,,resName,MET
,hydrophobicContacts.50
,,ligandAtoms
,,,atomIndex,44
,,,atomName,C4
,,,chain,X
,,,resID,1
,,,resName,UNL
,,metrics
,,,distance,3.7696166913891935
,,receptorAtoms
,,,atomIndex,1420
,,,atomName,CD1
,,,chain,X
,,,resID,370
,,,resName,LEU
,hydrophobicContacts.51
,,ligandAtoms
,,,atomIndex,44
,,,atomName,C4
,,,chain,X
,,,resID,1
,,,resName,UNL
,,metrics
,,,distance,3.1908055409253646
,,receptorAtoms
,,,atomIndex,1421
,,,atomName,CD2
,,,chain,X
,,,resID,370
,,,resName,LEU
,hydrophobicContacts.52
,,ligandAtoms
,,,atomIndex,45
,,,atomName,C3
,,,chain,X
,,,resID,1
,,,resName,UNL
,,metrics
,,,distance,3.8771074269357038
,,receptorAtoms
,,,atomIndex,1419
,,,atomName,CG
,,,chain,X
,,,resID,370
,,,resName,LEU
,hydrophobicContacts.53
,,ligandAtoms
,,,atomIndex,45
,,,atomName,C3
,,,chain,X
,,,resID,1
,,,resName,UNL
,,metrics
,,,distance,3.247013858917143
,,receptorAtoms
,,,atomIndex,1420
,,,atomName,CD1
,,,chain,X
,,,resID,370
,,,resName,LEU
,hydrophobicContacts.54
,,ligandAtoms
,,,atomIndex,45
,,,atomName,C3
,,,chain,X
,,,resID,1
,,,resName,UNL
,,metrics
,,,distance,3.2313992325306997
,,receptorAtoms
,,,atomIndex,1421
,,,atomName,CD2
,,,chain,X
,,,resID,370
,,,resName,LEU
,hydrophobicContacts.55
,,ligandAtoms
,,,atomIndex,45
,,,atomName,C3
,,,chain,X
,,,resID,1
,,,resName,UNL
,,metrics
,,,distance,3.9336549162324843
,,receptorAtoms
,,,atomIndex,1533
,,,atomName,CZ
,,,chain,X
,,,resID,382
,,,resName,PHE
,hydrophobicContacts.56
,,ligandAtoms
,,,atomIndex,47
,,,atomName,C6
,,,chain,X
,,,resID,1
,,,resName,UNL
,,metrics
,,,distance,3.8328750305743067
,,receptorAtoms
,,,atomIndex,221
,,,atomName,CD1
,,,chain,X
,,,resID,248
,,,resName,LEU
,hydrophobicContacts.57
,,ligandAtoms
,,,atomIndex,47
,,,atomName,C6
,,,chain,X
,,,resID,1
,,,resName,UNL
,,metrics
,,,distance,3.9119827453607203
,,receptorAtoms
,,,atomIndex,883
,,,atomName,CD1
,,,chain,X
,,,resID,317
,,,resName,PHE
,hydrophobicContacts.58
,,ligandAtoms
,,,atomIndex,47
,,,atomName,C6
,,,chain,X
,,,resID,1
,,,resName,UNL
,,metrics
,,,distance,3.2462572294875223
,,receptorAtoms
,,,atomIndex,885
,,,atomName,CE1
,,,chain,X
,,,resID,317
,,,resName,PHE
,hydrophobicContacts.59
,,ligandAtoms
,,,atomIndex,47
,,,atomName,C6
,,,chain,X
,,,resID,1
,,,resName,UNL
,,metrics
,,,distance,3.5200116477080035
,,receptorAtoms
,,,atomIndex,887
,,,atomName,CZ
,,,chain,X
,,,resID,317
,,,resName,PHE
,hydrophobicContacts.60
,,ligandAtoms
,,,atomIndex,51
,,,atomName,C7
,,,chain,X
,,,resID,1
,,,resName,UNL
,,metrics
,,,distance,3.5641090050670456
,,receptorAtoms
,,,atomIndex,922
,,,atomName,CA
,,,chain,X
,,,resID,321
,,,resName,GLY
,hydrophobicContacts.61
,,ligandAtoms
,,,atomIndex,53
,,,atomName,C9
,,,chain,X
,,,resID,1
,,,resName,UNL
,,metrics
,,,distance,3.8222743229653195
,,receptorAtoms
,,,atomIndex,256
,,,atomName,CG
,,,chain,X
,,,resID,253
,,,resName,TYR
,hydrophobicContacts.62
,,ligandAtoms
,,,atomIndex,53
,,,atomName,C9
,,,chain,X
,,,resID,1
,,,resName,UNL
,,metrics
,,,distance,3.7601406888572657
,,receptorAtoms
,,,atomIndex,258
,,,atomName,CD2
,,,chain,X
,,,resID,253
,,,resName,TYR
,hydrophobicContacts.63
,,ligandAtoms
,,,atomIndex,53
,,,atomName,C9
,,,chain,X
,,,resID,1
,,,resName,UNL
,,metrics
,,,distance,3.9153994687643303
,,receptorAtoms
,,,atomIndex,260
,,,atomName,CE2
,,,chain,X
,,,resID,253
,,,resName,TYR
,hydrophobicContacts.64
,,ligandAtoms
,,,atomIndex,54
,,,atomName,C10
,,,chain,X
,,,resID,1
,,,resName,UNL
,,metrics
,,,distance,3.732674778225395
,,receptorAtoms
,,,atomIndex,225
,,,atomName,CA
,,,chain,X
,,,resID,249
,,,resName,GLY
,hydrophobicContacts.65
,,ligandAtoms
,,,atomIndex,55
,,,atomName,C11
,,,chain,X
,,,resID,1
,,,resName,UNL
,,metrics
,,,distance,3.990044987215056
,,receptorAtoms
,,,atomIndex,225
,,,atomName,CA
,,,chain,X
,,,resID,249
,,,resName,GLY
,hydrophobicContacts.66
,,ligandAtoms
,,,atomIndex,56
,,,atomName,C12
,,,chain,X
,,,resID,1
,,,resName,UNL
,,metrics
,,,distance,3.7766448072330023
,,receptorAtoms
,,,atomIndex,922
,,,atomName,CA
,,,chain,X
,,,resID,321
,,,resName,GLY
,hydrophobicContacts.67
,,ligandAtoms
,,,atomIndex,57
,,,atomName,C13
,,,chain,X
,,,resID,1
,,,resName,UNL
,,metrics
,,,distance,3.903447963019361
,,receptorAtoms
,,,atomIndex,922
,,,atomName,CA
,,,chain,X
,,,resID,321
,,,resName,GLY
,hydrophobicContacts.68
,,ligandAtoms
,,,atomIndex,58
,,,atomName,C14
,,,chain,X
,,,resID,1
,,,resName,UNL
,,metrics
,,,distance,3.9446760323250882
,,receptorAtoms
,,,atomIndex,909
,,,atomName,C
,,,chain,X
,,,resID,320
,,,resName,TYR
,hydrophobicContacts.69
,,ligandAtoms
,,,atomIndex,58
,,,atomName,C14
,,,chain,X
,,,resID,1
,,,resName,UNL
,,metrics
,,,distance,3.1091264046352314
,,receptorAtoms
,,,atomIndex,922
,,,atomName,CA
,,,chain,X
,,,resID,321
,,,resName,GLY
,hydrophobicContacts.70
,,ligandAtoms
,,,atomIndex,59
,,,atomName,C15
,,,chain,X
,,,resID,1
,,,resName,UNL
,,metrics
,,,distance,3.937338822097992
,,receptorAtoms
,,,atomIndex,887
,,,atomName,CZ
,,,chain,X
,,,resID,317
,,,resName,PHE
,hydrophobicContacts.71
,,ligandAtoms
,,,atomIndex,60
,,,atomName,C16
,,,chain,X
,,,resID,1
,,,resName,UNL
,,metrics
,,,distance,3.820892696739859
,,receptorAtoms
,,,atomIndex,887
,,,atomName,CZ
,,,chain,X
,,,resID,317
,,,resName,PHE
,hydrophobicContacts.72
,,ligandAtoms
,,,atomIndex,61
,,,atomName,C17
,,,chain,X
,,,resID,1
,,,resName,UNL
,,metrics
,,,distance,3.8572794817072826
,,receptorAtoms
,,,atomIndex,222
,,,atomName,CD2
,,,chain,X
,,,resID,248
,,,resName,LEU
,hydrophobicContacts.73
,,ligandAtoms
,,,atomIndex,62
,,,atomName,C18
,,,chain,X
,,,resID,1
,,,resName,UNL
,,metrics
,,,distance,3.601508711637387
,,receptorAtoms
,,,atomIndex,222
,,,atomName,CD2
,,,chain,X
,,,resID,248
,,,resName,LEU
ligandAtomTypes
,C,45
,HH,6
,N,5
,OO,6
metalCoordinations,none
piPiStackingInteractions,none
saltBridges
,ligandAtoms
,,ligandAtoms.1
,,,atomIndex,18
,,,atomName,N4
,,,chain,X
,,,resID,1
,,,resName,UNL
,,ligandAtoms.2
,,,atomIndex,17
,,,atomName,C34
,,,chain,X
,,,resID,1
,,,resName,UNL
,,ligandAtoms.3
,,,atomIndex,19
,,,atomName,H42
,,,chain,X
,,,resID,1
,,,resName,UNL
,,ligandAtoms.4
,,,atomIndex,20
,,,atomName,C35
,,,chain,X
,,,resID,1
,,,resName,UNL
,metrics
,,distance,4.4729793762100005
,receptorAtoms
,,receptorAtoms.1
,,,atomIndex,588
,,,atomName,CD
,,,chain,X
,,,resID,286
,,,resName,GLU
,,receptorAtoms.2
,,,atomIndex,589
,,,atomName,OE1
,,,chain,X
,,,resID,286
,,,resName,GLU
,,receptorAtoms.3
,,,atomIndex,590
,,,atomName,OE2
,,,chain,X
,,,resID,286
,,,resName,GLU
tStackingInteractions
,tStackingInteractions.1
,,ligandAtoms
,,,ligandAtoms.1
,,,,atomIndex,51
,,,,atomName,C7
,,,,chain,X
,,,,resID,1
,,,,resName,UNL
,,,ligandAtoms.2
,,,,atomIndex,52
,,,,atomName,C8
,,,,chain,X
,,,,resID,1
,,,,resName,UNL
,,,ligandAtoms.3
,,,,atomIndex,53
,,,,atomName,C9
,,,,chain,X
,,,,resID,1
,,,,resName,UNL
,,,ligandAtoms.4
,,,,atomIndex,54
,,,,atomName,C10
,,,,chain,X
,,,,resID,1
,,,,resName,UNL
,,,ligandAtoms.5
,,,,atomIndex,55
,,,,atomName,C11
,,,,chain,X
,,,,resID,1
,,,,resName,UNL
,,,ligandAtoms.6
,,,,atomIndex,56
,,,,atomName,C12
,,,,chain,X
,,,,resID,1
,,,,resName,UNL
,,metrics
,,,angle,80.6459564110216
,,,distance,6.5277528292667455
,,receptorAtoms
,,,receptorAtoms.1
,,,,atomIndex,256
,,,,atomName,CG
,,,,chain,X
,,,,resID,253
,,,,resName,TYR
,,,receptorAtoms.2
,,,,atomIndex,257
,,,,atomName,CD1
,,,,chain,X
,,,,resID,253
,,,,resName,TYR
,,,receptorAtoms.3
,,,,atomIndex,259
,,,,atomName,CE1
,,,,chain,X
,,,,resID,253
,,,,resName,TYR
,,,receptorAtoms.4
,,,,atomIndex,261
,,,,atomName,CZ
,,,,chain,X
,,,,resID,253
,,,,resName,TYR
,,,receptorAtoms.5
,,,,atomIndex,260
,,,,atomName,CE2
,,,,chain,X
,,,,resID,253
,,,,resName,TYR
,,,receptorAtoms.6
,,,,atomIndex,258
,,,,atomName,CD2
,,,,chain,X
,,,,resID,253
,,,,resName,TYR
,tStackingInteractions.2
,,ligandAtoms
,,,ligandAtoms.1
,,,,atomIndex,52
,,,,atomName,C8
,,,,chain,X
,,,,resID,1
,,,,resName,UNL
,,,ligandAtoms.2
,,,,atomIndex,51
,,,,atomName,C7
,,,,chain,X
,,,,resID,1
,,,,resName,UNL
,,,ligandAtoms.3
,,,,atomIndex,56
,,,,atomName,C12
,,,,chain,X
,,,,resID,1
,,,,resName,UNL
,,,ligandAtoms.4
,,,,atomIndex,55
,,,,atomName,C11
,,,,chain,X
,,,,resID,1
,,,,resName,UNL
,,,ligandAtoms.5
,,,,atomIndex,54
,,,,atomName,C10
,,,,chain,X
,,,,resID,1
,,,,resName,UNL
,,,ligandAtoms.6
,,,,atomIndex,53
,,,,atomName,C9
,,,,chain,X
,,,,resID,1
,,,,resName,UNL
,,metrics
,,,angle,80.64080995753098
,,,distance,3.7601406888572657
,,receptorAtoms
,,,receptorAtoms.1
,,,,atomIndex,256
,,,,atomName,CG
,,,,chain,X
,,,,resID,253
,,,,resName,TYR
,,,receptorAtoms.2
,,,,atomIndex,257
,,,,atomName,CD1
,,,,chain,X
,,,,resID,253
,,,,resName,TYR
,,,receptorAtoms.3
,,,,atomIndex,259
,,,,atomName,CE1
,,,,chain,X
,,,,resID,253
,,,,resName,TYR
,,,receptorAtoms.4
,,,,atomIndex,261
,,,,atomName,CZ
,,,,chain,X
,,,,resID,253
,,,,resName,TYR
,,,receptorAtoms.5
,,,,atomIndex,260
,,,,atomName,CE2
,,,,chain,X
,,,,resID,253
,,,,resName,TYR
,,,receptorAtoms.6
,,,,atomIndex,258
,,,,atomName,CD2
,,,,chain,X
,,,,resID,253
,,,,resName,TYR
,tStackingInteractions.3
,,ligandAtoms
,,,ligandAtoms.1
,,,,atomIndex,53
,,,,atomName,C9
,,,,chain,X
,,,,resID,1
,,,,resName,UNL
,,,ligandAtoms.2
,,,,atomIndex,52
,,,,atomName,C8
,,,,chain,X
,,,,resID,1
,,,,resName,UNL
,,,ligandAtoms.3
,,,,atomIndex,51
,,,,atomName,C7
,,,,chain,X
,,,,resID,1
,,,,resName,UNL
,,,ligandAtoms.4
,,,,atomIndex,56
,,,,atomName,C12
,,,,chain,X
,,,,resID,1
,,,,resName,UNL
,,,ligandAtoms.5
,,,,atomIndex,55
,,,,atomName,C11
,,,,chain,X
,,,,resID,1
,,,,resName,UNL
,,,ligandAtoms.6
,,,,atomIndex,54
,,,,atomName,C10
,,,,chain,X
,,,,resID,1
,,,,resName,UNL
,,metrics
,,,angle,80.64595641102161
,,,distance,4.673974219013196
,,receptorAtoms
,,,receptorAtoms.1
,,,,atomIndex,256
,,,,atomName,CG
,,,,chain,X
,,,,resID,253
,,,,resName,TYR
,,,receptorAtoms.2
,,,,atomIndex,257
,,,,atomName,CD1
,,,,chain,X
,,,,resID,253
,,,,resName,TYR
,,,receptorAtoms.3
,,,,atomIndex,259
,,,,atomName,CE1
,,,,chain,X
,,,,resID,253
,,,,resName,TYR
,,,receptorAtoms.4
,,,,atomIndex,261
,,,,atomName,CZ
,,,,chain,X
,,,,resID,253
,,,,resName,TYR
,,,receptorAtoms.5
,,,,atomIndex,260
,,,,atomName,CE2
,,,,chain,X
,,,,resID,253
,,,,resName,TYR
,,,receptorAtoms.6
,,,,atomIndex,258
,,,,atomName,CD2
,,,,chain,X
,,,,resID,253
,,,,resName,TYR
,tStackingInteractions.4
,,ligandAtoms
,,,ligandAtoms.1
,,,,atomIndex,54
,,,,atomName,C10
,,,,chain,X
,,,,resID,1
,,,,resName,UNL
,,,ligandAtoms.2
,,,,atomIndex,53
,,,,atomName,C9
,,,,chain,X
,,,,resID,1
,,,,resName,UNL
,,,ligandAtoms.3
,,,,atomIndex,52
,,,,atomName,C8
,,,,chain,X
,,,,resID,1
,,,,resName,UNL
,,,ligandAtoms.4
,,,,atomIndex,51
,,,,atomName,C7
,,,,chain,X
,,,,resID,1
,,,,resName,UNL
,,,ligandAtoms.5
,,,,atomIndex,56
,,,,atomName,C12
,,,,chain,X
,,,,resID,1
,,,,resName,UNL
,,,ligandAtoms.6
,,,,atomIndex,55
,,,,atomName,C11
,,,,chain,X
,,,,resID,1
,,,,resName,UNL
,,metrics
,,,angle,80.64080995753098
,,,distance,5.993775855001587
,,receptorAtoms
,,,receptorAtoms.1
,,,,atomIndex,256
,,,,atomName,CG
,,,,chain,X
,,,,resID,253
,,,,resName,TYR
,,,receptorAtoms.2
,,,,atomIndex,257
,,,,atomName,CD1
,,,,chain,X
,,,,resID,253
,,,,resName,TYR
,,,receptorAtoms.3
,,,,atomIndex,259
,,,,atomName,CE1
,,,,chain,X
,,,,resID,253
,,,,resName,TYR
,,,receptorAtoms.4
,,,,atomIndex,261
,,,,atomName,CZ
,,,,chain,X
,,,,resID,253
,,,,resName,TYR
,,,receptorAtoms.5
,,,,atomIndex,260
,,,,atomName,CE2
,,,,chain,X
,,,,resID,253
,,,,resName,TYR
,,,receptorAtoms.6
,,,,atomIndex,258
,,,,atomName,CD2
,,,,chain,X
,,,,resID,253
,,,,resName,TYR
,tStackingInteractions.5
,,ligandAtoms
,,,ligandAtoms.1
,,,,atomIndex,55
,,,,atomName,C11
,,,,chain,X
,,,,resID,1
,,,,resName,UNL
,,,ligandAtoms.2
,,,,atomIndex,54
,,,,atomName,C10
,,,,chain,X
,,,,resID,1
,,,,resName,UNL
,,,ligandAtoms.3
,,,,atomIndex,53
,,,,atomName,C9
,,,,chain,X
,,,,resID,1
,,,,resName,UNL
,,,ligandAtoms.4
,,,,atomIndex,52
,,,,atomName,C8
,,,,chain,X
,,,,resID,1
,,,,resName,UNL
,,,ligandAtoms.5
,,,,atomIndex,51
,,,,atomName,C7
,,,,chain,X
,,,,resID,1
,,,,resName,UNL
,,,ligandAtoms.6
,,,,atomIndex,56
,,,,atomName,C12
,,,,chain,X
,,,,resID,1
,,,,resName,UNL
,,metrics
,,,angle,80.64595641102161
,,,distance,6.5277528292667455
,,receptorAtoms
,,,receptorAtoms.1
,,,,atomIndex,256
,,,,atomName,CG
,,,,chain,X
,,,,resID,253
,,,,resName,TYR
,,,receptorAtoms.2
,,,,atomIndex,257
,,,,atomName,CD1
,,,,chain,X
,,,,resID,253
,,,,resName,TYR
,,,receptorAtoms.3
,,,,atomIndex,259
,,,,atomName,CE1
,,,,chain,X
,,,,resID,253
,,,,resName,TYR
,,,receptorAtoms.4
,,,,atomIndex,261
,,,,atomName,CZ
,,,,chain,X
,,,,resID,253
,,,,resName,TYR
,,,receptorAtoms.5
,,,,atomIndex,260
,,,,atomName,CE2
,,,,chain,X
,,,,resID,253
,,,,resName,TYR
,,,receptorAtoms.6
,,,,atomIndex,258
,,,,atomName,CD2
,,,,chain,X
,,,,resID,253
,,,,resName,TYR
,tStackingInteractions.6
,,ligandAtoms
,,,ligandAtoms.1
,,,,atomIndex,56
,,,,atomName,C12
,,,,chain,X
,,,,resID,1
,,,,resName,UNL
,,,ligandAtoms.2
,,,,atomIndex,51
,,,,atomName,C7
,,,,chain,X
,,,,resID,1
,,,,resName,UNL
,,,ligandAtoms.3
,,,,atomIndex,52
,,,,atomName,C8
,,,,chain,X
,,,,resID,1
,,,,resName,UNL
,,,ligandAtoms.4
,,,,atomIndex,53
,,,,atomName,C9
,,,,chain,X
,,,,resID,1
,,,,resName,UNL
,,,ligandAtoms.5
,,,,atomIndex,54
,,,,atomName,C10
,,,,chain,X
,,,,resID,1
,,,,resName,UNL
,,,ligandAtoms.6
,,,,atomIndex,55
,,,,atomName,C11
,,,,chain,X
,,,,resID,1
,,,,resName,UNL
,,metrics
,,,angle,80.64080995753098
,,,distance,5.993775855001587
,,receptorAtoms
,,,receptorAtoms.1
,,,,atomIndex,256
,,,,atomName,CG
,,,,chain,X
,,,,resID,253
,,,,resName,TYR
,,,receptorAtoms.2
,,,,atomIndex,257
,,,,atomName,CD1
,,,,chain,X
,,,,resID,253
,,,,resName,TYR
,,,receptorAtoms.3
,,,,atomIndex,259
,,,,atomName,CE1
,,,,chain,X
,,,,resID,253
,,,,resName,TYR
,,,receptorAtoms.4
,,,,atomIndex,261
,,,,atomName,CZ
,,,,chain,X
,,,,resID,253
,,,,resName,TYR
,,,receptorAtoms.5
,,,,atomIndex,260
,,,,atomName,CE2
,,,,chain,X
,,,,resID,253
,,,,resName,TYR
,,,receptorAtoms.6
,,,,atomIndex,258
,,,,atomName,CD2
,,,,chain,X
,,,,resID,253
,,,,resName,TYR
,tStackingInteractions.7
,,ligandAtoms
,,,ligandAtoms.1
,,,,atomIndex,57
,,,,atomName,C13
,,,,chain,X
,,,,resID,1
,,,,resName,UNL
,,,ligandAtoms.2
,,,,atomIndex,58
,,,,atomName,C14
,,,,chain,X
,,,,resID,1
,,,,resName,UNL
,,,ligandAtoms.3
,,,,atomIndex,59
,,,,atomName,C15
,,,,chain,X
,,,,resID,1
,,,,resName,UNL
,,,ligandAtoms.4
,,,,atomIndex,60
,,,,atomName,C16
,,,,chain,X
,,,,resID,1
,,,,resName,UNL
,,,ligandAtoms.5
,,,,atomIndex,61
,,,,atomName,C17
,,,,chain,X
,,,,resID,1
,,,,resName,UNL
,,,ligandAtoms.6
,,,,atomIndex,62
,,,,atomName,C18
,,,,chain,X
,,,,resID,1
,,,,resName,UNL
,,metrics
,,,angle,72.49691993142733
,,,distance,6.962557073374696
,,receptorAtoms
,,,receptorAtoms.1
,,,,atomIndex,882
,,,,atomName,CG
,,,,chain,X
,,,,resID,317
,,,,resName,PHE
,,,receptorAtoms.2
,,,,atomIndex,883
,,,,atomName,CD1
,,,,chain,X
,,,,resID,317
,,,,resName,PHE
,,,receptorAtoms.3
,,,,atomIndex,885
,,,,atomName,CE1
,,,,chain,X
,,,,resID,317
,,,,resName,PHE
,,,receptorAtoms.4
,,,,atomIndex,887
,,,,atomName,CZ
,,,,chain,X
,,,,resID,317
,,,,resName,PHE
,,,receptorAtoms.5
,,,,atomIndex,886
,,,,atomName,CE2
,,,,chain,X
,,,,resID,317
,,,,resName,PHE
,,,receptorAtoms.6
,,,,atomIndex,884
,,,,atomName,CD2
,,,,chain,X
,,,,resID,317
,,,,resName,PHE
,tStackingInteractions.8
,,ligandAtoms
,,,ligandAtoms.1
,,,,atomIndex,58
,,,,atomName,C14
,,,,chain,X
,,,,resID,1
,,,,resName,UNL
,,,ligandAtoms.2
,,,,atomIndex,57
,,,,atomName,C13
,,,,chain,X
,,,,resID,1
,,,,resName,UNL
,,,ligandAtoms.3
,,,,atomIndex,62
,,,,atomName,C18
,,,,chain,X
,,,,resID,1
,,,,resName,UNL
,,,ligandAtoms.4
,,,,atomIndex,61
,,,,atomName,C17
,,,,chain,X
,,,,resID,1
,,,,resName,UNL
,,,ligandAtoms.5
,,,,atomIndex,60
,,,,atomName,C16
,,,,chain,X
,,,,resID,1
,,,,resName,UNL
,,,ligandAtoms.6
,,,,atomIndex,59
,,,,atomName,C15
,,,,chain,X
,,,,resID,1
,,,,resName,UNL
,,metrics
,,,angle,72.43783146774219
,,,distance,5.795505413680502
,,receptorAtoms
,,,receptorAtoms.1
,,,,atomIndex,882
,,,,atomName,CG
,,,,chain,X
,,,,resID,317
,,,,resName,PHE
,,,receptorAtoms.2
,,,,atomIndex,883
,,,,atomName,CD1
,,,,chain,X
,,,,resID,317
,,,,resName,PHE
,,,receptorAtoms.3
,,,,atomIndex,885
,,,,atomName,CE1
,,,,chain,X
,,,,resID,317
,,,,resName,PHE
,,,receptorAtoms.4
,,,,atomIndex,887
,,,,atomName,CZ
,,,,chain,X
,,,,resID,317
,,,,resName,PHE
,,,receptorAtoms.5
,,,,atomIndex,886
,,,,atomName,CE2
,,,,chain,X
,,,,resID,317
,,,,resName,PHE
,,,receptorAtoms.6
,,,,atomIndex,884
,,,,atomName,CD2
,,,,chain,X
,,,,resID,317
,,,,resName,PHE
,tStackingInteractions.9
,,ligandAtoms
,,,ligandAtoms.1
,,,,atomIndex,59
,,,,atomName,C15
,,,,chain,X
,,,,resID,1
,,,,resName,UNL
,,,ligandAtoms.2
,,,,atomIndex,58
,,,,atomName,C14
,,,,chain,X
,,,,resID,1
,,,,resName,UNL
,,,ligandAtoms.3
,,,,atomIndex,57
,,,,atomName,C13
,,,,chain,X
,,,,resID,1
,,,,resName,UNL
,,,ligandAtoms.4
,,,,atomIndex,62
,,,,atomName,C18
,,,,chain,X
,,,,resID,1
,,,,resName,UNL
,,,ligandAtoms.5
,,,,atomIndex,61
,,,,atomName,C17
,,,,chain,X
,,,,resID,1
,,,,resName,UNL
,,,ligandAtoms.6
,,,,atomIndex,60
,,,,atomName,C16
,,,,chain,X
,,,,resID,1
,,,,resName,UNL
,,metrics
,,,angle,72.49691993142734
,,,distance,5.992611867958744
,,receptorAtoms
,,,receptorAtoms.1
,,,,atomIndex,882
,,,,atomName,CG
,,,,chain,X
,,,,resID,317
,,,,resName,PHE
,,,receptorAtoms.2
,,,,atomIndex,883
,,,,atomName,CD1
,,,,chain,X
,,,,resID,317
,,,,resName,PHE
,,,receptorAtoms.3
,,,,atomIndex,885
,,,,atomName,CE1
,,,,chain,X
,,,,resID,317
,,,,resName,PHE
,,,receptorAtoms.4
,,,,atomIndex,887
,,,,atomName,CZ
,,,,chain,X
,,,,resID,317
,,,,resName,PHE
,,,receptorAtoms.5
,,,,atomIndex,886
,,,,atomName,CE2
,,,,chain,X
,,,,resID,317
,,,,resName,PHE
,,,receptorAtoms.6
,,,,atomIndex,884
,,,,atomName,CD2
,,,,chain,X
,,,,resID,317
,,,,resName,PHE
,tStackingInteractions.10
,,ligandAtoms
,,,ligandAtoms.1
,,,,atomIndex,60
,,,,atomName,C16
,,,,chain,X
,,,,resID,1
,,,,resName,UNL
,,,ligandAtoms.2
,,,,atomIndex,59
,,,,atomName,C15
,,,,chain,X
,,,,resID,1
,,,,resName,UNL
,,,ligandAtoms.3
,,,,atomIndex,58
,,,,atomName,C14
,,,,chain,X
,,,,resID,1
,,,,resName,UNL
,,,ligandAtoms.4
,,,,atomIndex,57
,,,,atomName,C13
,,,,chain,X
,,,,resID,1
,,,,resName,UNL
,,,ligandAtoms.5
,,,,atomIndex,62
,,,,atomName,C18
,,,,chain,X
,,,,resID,1
,,,,resName,UNL
,,,ligandAtoms.6
,,,,atomIndex,61
,,,,atomName,C17
,,,,chain,X
,,,,resID,1
,,,,resName,UNL
,,metrics
,,,angle,72.43783146774219
,,,distance,6.583596053829549
,,receptorAtoms
,,,receptorAtoms.1
,,,,atomIndex,882
,,,,atomName,CG
,,,,chain,X
,,,,resID,317
,,,,resName,PHE
,,,receptorAtoms.2
,,,,atomIndex,883
,,,,atomName,CD1
,,,,chain,X
,,,,resID,317
,,,,resName,PHE
,,,receptorAtoms.3
,,,,atomIndex,885
,,,,atomName,CE1
,,,,chain,X
,,,,resID,317
,,,,resName,PHE
,,,receptorAtoms.4
,,,,atomIndex,887
,,,,atomName,CZ
,,,,chain,X
,,,,resID,317
,,,,resName,PHE
,,,receptorAtoms.5
,,,,atomIndex,886
,,,,atomName,CE2
,,,,chain,X
,,,,resID,317
,,,,resName,PHE
,,,receptorAtoms.6
,,,,atomIndex,884
,,,,atomName,CD2
,,,,chain,X
,,,,resID,317
,,,,resName,PHE
,tStackingInteractions.11
,,ligandAtoms
,,,ligandAtoms.1
,,,,atomIndex,61
,,,,atomName,C17
,,,,chain,X
,,,,resID,1
,,,,resName,UNL
,,,ligandAtoms.2
,,,,atomIndex,60
,,,,atomName,C16
,,,,chain,X
,,,,resID,1
,,,,resName,UNL
,,,ligandAtoms.3
,,,,atomIndex,59
,,,,atomName,C15
,,,,chain,X
,,,,resID,1
,,,,resName,UNL
,,,ligandAtoms.4
,,,,atomIndex,58
,,,,atomName,C14
,,,,chain,X
,,,,resID,1
,,,,resName,UNL
,,,ligandAtoms.5
,,,,atomIndex,57
,,,,atomName,C13
,,,,chain,X
,,,,resID,1
,,,,resName,UNL
,,,ligandAtoms.6
,,,,atomIndex,62
,,,,atomName,C18
,,,,chain,X
,,,,resID,1
,,,,resName,UNL
,,metrics
,,,angle,72.49691993142734
,,,distance,6.962557073374696
,,receptorAtoms
,,,receptorAtoms.1
,,,,atomIndex,882
,,,,atomName,CG
,,,,chain,X
,,,,resID,317
,,,,resName,PHE
,,,receptorAtoms.2
,,,,atomIndex,883
,,,,atomName,CD1
,,,,chain,X
,,,,resID,317
,,,,resName,PHE
,,,receptorAtoms.3
,,,,atomIndex,885
,,,,atomName,CE1
,,,,chain,X
,,,,resID,317
,,,,resName,PHE
,,,receptorAtoms.4
,,,,atomIndex,887
,,,,atomName,CZ
,,,,chain,X
,,,,resID,317
,,,,resName,PHE
,,,receptorAtoms.5
,,,,atomIndex,886
,,,,atomName,CE2
,,,,chain,X
,,,,resID,317
,,,,resName,PHE
,,,receptorAtoms.6
,,,,atomIndex,884
,,,,atomName,CD2
,,,,chain,X
,,,,resID,317
,,,,resName,PHE
,tStackingInteractions.12
,,ligandAtoms
,,,ligandAtoms.1
,,,,atomIndex,62
,,,,atomName,C18
,,,,chain,X
,,,,resID,1
,,,,resName,UNL
,,,ligandAtoms.2
,,,,atomIndex,57
,,,,atomName,C13
,,,,chain,X
,,,,resID,1
,,,,resName,UNL
,,,ligandAtoms.3
,,,,atomIndex,58
,,,,atomName,C14
,,,,chain,X
,,,,resID,1
,,,,resName,UNL
,,,ligandAtoms.4
,,,,atomIndex,59
,,,,atomName,C15
,,,,chain,X
,,,,resID,1
,,,,resName,UNL
,,,ligandAtoms.5
,,,,atomIndex,60
,,,,atomName,C16
,,,,chain,X
,,,,resID,1
,,,,resName,UNL
,,,ligandAtoms.6
,,,,atomIndex,61
,,,,atomName,C17
,,,,chain,X
,,,,resID,1
,,,,resName,UNL
,,metrics
,,,angle,72.43783146774219
,,,distance,6.583596053829549
,,receptorAtoms
,,,receptorAtoms.1
,,,,atomIndex,882
,,,,atomName,CG
,,,,chain,X
,,,,resID,317
,,,,resName,PHE
,,,receptorAtoms.2
,,,,atomIndex,883
,,,,atomName,CD1
,,,,chain,X
,,,,resID,317
,,,,resName,PHE
,,,receptorAtoms.3
,,,,atomIndex,885
,,,,atomName,CE1
,,,,chain,X
,,,,resID,317
,,,,resName,PHE
,,,receptorAtoms.4
,,,,atomIndex,887
,,,,atomName,CZ
,,,,chain,X
,,,,resID,317
,,,,resName,PHE
,,,receptorAtoms.5
,,,,atomIndex,886
,,,,atomName,CE2
,,,,chain,X
,,,,resID,317
,,,,resName,PHE
,,,receptorAtoms.6
,,,,atomIndex,884
,,,,atomName,CD2
,,,,chain,X
,,,,resID,317
,,,,resName,PHE
