activeSiteFlexibility
,BACKBONE_ALPHA,4
,BACKBONE_BETA,12
,BACKBONE_OTHER,31
,SIDECHAIN_ALPHA,41
,SIDECHAIN_BETA,30
,SIDECHAIN_OTHER,81
cationPiInteractions
,ligandAtoms
,,ligandAtoms.1
,,,atomIndex,26
,,,atomName,N3
,,,chain,X
,,,resID,1
,,,resName,UNL
,,ligandAtoms.2
,,,atomIndex,25
,,,atomName,C17
,,,chain,X
,,,resID,1
,,,resName,UNL
,,ligandAtoms.3
,,,atomIndex,27
,,,atomName,C18
,,,chain,X
,,,resID,1
,,,resName,UNL
,,ligandAtoms.4
,,,atomIndex,29
,,,atomName,C20
,,,chain,X
,,,resID,1
,,,resName,UNL
,metrics
,,distance,5.134395126984287
,receptorAtoms
,,receptorAtoms.1
,,,atomIndex,1324
,,,atomName,CG
,,,chain,X
,,,resID,361
,,,resName,HIE
,,receptorAtoms.2
,,,atomIndex,1326
,,,atomName,ND1
,,,chain,X
,,,resID,361
,,,resName,HIE
,,receptorAtoms.3
,,,atomIndex,1327
,,,atomName,CE1
,,,chain,X
,,,resID,361
,,,resName,HIE
,,receptorAtoms.4
,,,atomIndex,1328
,,,atomName,NE2
,,,chain,X
,,,resID,361
,,,resName,HIE
,,receptorAtoms.5
,,,atomIndex,1325
,,,atomName,CD2
,,,chain,X
,,,resID,361
,,,resName,HIE
closeContacts
,closeContacts.1
,,ligandAtoms
,,,atomIndex,1
,,,atomName,C1
,,,chain,X
,,,resID,1
,,,resName,UNL
,,metrics
,,,distance,3.345518494942153
,,receptorAtoms
,,,atomIndex,417
,,,atomName,C
,,,chain,X
,,,resID,269
,,,resName,ALA
,closeContacts.2
,,ligandAtoms
,,,atomIndex,1
,,,atomName,C1
,,,chain,X
,,,resID,1
,,,resName,UNL
,,metrics
,,,distance,3.149870473527443
,,receptorAtoms
,,,atomIndex,418
,,,atomName,O
,,,chain,X
,,,resID,269
,,,resName,ALA
,closeContacts.3
,,ligandAtoms
,,,atomIndex,1
,,,atomName,C1
,,,chain,X
,,,resID,1
,,,resName,UNL
,,metrics
,,,distance,3.4565527625077554
,,receptorAtoms
,,,atomIndex,419
,,,atomName,CB
,,,chain,X
,,,resID,269
,,,resName,ALA
,closeContacts.4
,,ligandAtoms
,,,atomIndex,1
,,,atomName,C1
,,,chain,X
,,,resID,1
,,,resName,UNL
,,metrics
,,,distance,3.6903394152841815
,,receptorAtoms
,,,atomIndex,421
,,,atomName,N
,,,chain,X
,,,resID,270
,,,resName,VAL
,closeContacts.5
,,ligandAtoms
,,,atomIndex,1
,,,atomName,C1
,,,chain,X
,,,resID,1
,,,resName,UNL
,,metrics
,,,distance,3.9844082371162712
,,receptorAtoms
,,,atomIndex,422
,,,atomName,CA
,,,chain,X
,,,resID,270
,,,resName,VAL
,closeContacts.6
,,ligandAtoms
,,,atomIndex,1
,,,atomName,C1
,,,chain,X
,,,resID,1
,,,resName,UNL
,,metrics
,,,distance,3.864393872265093
,,receptorAtoms
,,,atomIndex,429
,,,atomName,N
,,,chain,X
,,,resID,271
,,,resName,LYS
,closeContacts.7
,,ligandAtoms
,,,atomIndex,1
,,,atomName,C1
,,,chain,X
,,,resID,1
,,,resName,UNL
,,metrics
,,,distance,3.566512442148491
,,receptorAtoms
,,,atomIndex,438
,,,atomName,H
,,,chain,X
,,,resID,271
,,,resName,LYS
,closeContacts.8
,,ligandAtoms
,,,atomIndex,1
,,,atomName,C1
,,,chain,X
,,,resID,1
,,,resName,UNL
,,metrics
,,,distance,3.8808779934442654
,,receptorAtoms
,,,atomIndex,843
,,,atomName,O
,,,chain,X
,,,resID,313
,,,resName,ILE
,closeContacts.9
,,ligandAtoms
,,,atomIndex,1
,,,atomName,C1
,,,chain,X
,,,resID,1
,,,resName,UNL
,,metrics
,,,distance,3.6514023333508456
,,receptorAtoms
,,,atomIndex,863
,,,atomName,CG1
,,,chain,X
,,,resID,315
,,,resName,ILE
,closeContacts.10
,,ligandAtoms
,,,atomIndex,1
,,,atomName,C1
,,,chain,X
,,,resID,1
,,,resName,UNL
,,metrics
,,,distance,3.414127267692286
,,receptorAtoms
,,,atomIndex,866
,,,atomName,H
,,,chain,X
,,,resID,315
,,,resName,ILE
,closeContacts.11
,,ligandAtoms
,,,atomIndex,2
,,,atomName,C2
,,,chain,X
,,,resID,1
,,,resName,UNL
,,metrics
,,,distance,3.6452624048208113
,,receptorAtoms
,,,atomIndex,863
,,,atomName,CG1
,,,chain,X
,,,resID,315
,,,resName,ILE
,closeContacts.12
,,ligandAtoms
,,,atomIndex,2
,,,atomName,C2
,,,chain,X
,,,resID,1
,,,resName,UNL
,,metrics
,,,distance,3.9026730583024762
,,receptorAtoms
,,,atomIndex,865
,,,atomName,CD1
,,,chain,X
,,,resID,315
,,,resName,ILE
,closeContacts.13
,,ligandAtoms
,,,atomIndex,3
,,,atomName,C3
,,,chain,X
,,,resID,1
,,,resName,UNL
,,metrics
,,,distance,3.767669969623136
,,receptorAtoms
,,,atomIndex,863
,,,atomName,CG1
,,,chain,X
,,,resID,315
,,,resName,ILE
,closeContacts.14
,,ligandAtoms
,,,atomIndex,3
,,,atomName,C3
,,,chain,X
,,,resID,1
,,,resName,UNL
,,metrics
,,,distance,3.4707491986601395
,,receptorAtoms
,,,atomIndex,865
,,,atomName,CD1
,,,chain,X
,,,resID,315
,,,resName,ILE
,closeContacts.15
,,ligandAtoms
,,,atomIndex,3
,,,atomName,C3
,,,chain,X
,,,resID,1
,,,resName,UNL
,,metrics
,,,distance,3.7180368475850254
,,receptorAtoms
,,,atomIndex,1532
,,,atomName,CE2
,,,chain,X
,,,resID,382
,,,resName,PHE
,closeContacts.16
,,ligandAtoms
,,,atomIndex,4
,,,atomName,C4
,,,chain,X
,,,resID,1
,,,resName,UNL
,,metrics
,,,distance,3.8241490556723856
,,receptorAtoms
,,,atomIndex,865
,,,atomName,CD1
,,,chain,X
,,,resID,315
,,,resName,ILE
,closeContacts.17
,,ligandAtoms
,,,atomIndex,4
,,,atomName,C4
,,,chain,X
,,,resID,1
,,,resName,UNL
,,metrics
,,,distance,3.6279572764849375
,,receptorAtoms
,,,atomIndex,1532
,,,atomName,CE2
,,,chain,X
,,,resID,382
,,,resName,PHE
,closeContacts.18
,,ligandAtoms
,,,atomIndex,4
,,,atomName,C4
,,,chain,X
,,,resID,1
,,,resName,UNL
,,metrics
,,,distance,3.961183661483018
,,receptorAtoms
,,,atomIndex,1533
,,,atomName,CZ
,,,chain,X
,,,resID,382
,,,resName,PHE
,closeContacts.19
,,ligandAtoms
,,,atomIndex,5
,,,atomName,C5
,,,chain,X
,,,resID,1
,,,resName,UNL
,,metrics
,,,distance,3.9355454513955226
,,receptorAtoms
,,,atomIndex,590
,,,atomName,OE2
,,,chain,X
,,,resID,286
,,,resName,GLU
,closeContacts.20
,,ligandAtoms
,,,atomIndex,5
,,,atomName,C5
,,,chain,X
,,,resID,1
,,,resName,UNL
,,metrics
,,,distance,3.921967235967174
,,receptorAtoms
,,,atomIndex,619
,,,atomName,CE
,,,chain,X
,,,resID,290
,,,resName,MET
,closeContacts.21
,,ligandAtoms
,,,atomIndex,6
,,,atomName,C6
,,,chain,X
,,,resID,1
,,,resName,UNL
,,metrics
,,,distance,3.628279757681316
,,receptorAtoms
,,,atomIndex,590
,,,atomName,OE2
,,,chain,X
,,,resID,286
,,,resName,GLU
,closeContacts.22
,,ligandAtoms
,,,atomIndex,6
,,,atomName,C6
,,,chain,X
,,,resID,1
,,,resName,UNL
,,metrics
,,,distance,3.72597007502744
,,receptorAtoms
,,,atomIndex,618
,,,atomName,SD
,,,chain,X
,,,resID,290
,,,resName,MET
,closeContacts.23
,,ligandAtoms
,,,atomIndex,6
,,,atomName,C6
,,,chain,X
,,,resID,1
,,,resName,UNL
,,metrics
,,,distance,3.390608942358289
,,receptorAtoms
,,,atomIndex,619
,,,atomName,CE
,,,chain,X
,,,resID,290
,,,resName,MET
,closeContacts.24
,,ligandAtoms
,,,atomIndex,6
,,,atomName,C6
,,,chain,X
,,,resID,1
,,,resName,UNL
,,metrics
,,,distance,3.8363281924256674
,,receptorAtoms
,,,atomIndex,846
,,,atomName,CG2
,,,chain,X
,,,resID,313
,,,resName,ILE
,closeContacts.25
,,ligandAtoms
,,,atomIndex,7
,,,atomName,C7
,,,chain,X
,,,resID,1
,,,resName,UNL
,,metrics
,,,distance,3.6392463505511685
,,receptorAtoms
,,,atomIndex,846
,,,atomName,CG2
,,,chain,X
,,,resID,313
,,,resName,ILE
,closeContacts.26
,,ligandAtoms
,,,atomIndex,7
,,,atomName,C7
,,,chain,X
,,,resID,1
,,,resName,UNL
,,metrics
,,,distance,3.833856674420681
,,receptorAtoms
,,,atomIndex,864
,,,atomName,CG2
,,,chain,X
,,,resID,315
,,,resName,ILE
,closeContacts.27
,,ligandAtoms
,,,atomIndex,8
,,,atomName,C8
,,,chain,X
,,,resID,1
,,,resName,UNL
,,metrics
,,,distance,3.5787859673358504
,,receptorAtoms
,,,atomIndex,590
,,,atomName,OE2
,,,chain,X
,,,resID,286
,,,resName,GLU
,closeContacts.28
,,ligandAtoms
,,,atomIndex,8
,,,atomName,C8
,,,chain,X
,,,resID,1
,,,resName,UNL
,,metrics
,,,distance,3.9864492973070664
,,receptorAtoms
,,,atomIndex,619
,,,atomName,CE
,,,chain,X
,,,resID,290
,,,resName,MET
,closeContacts.29
,,ligandAtoms
,,,atomIndex,8
,,,atomName,C8
,,,chain,X
,,,resID,1
,,,resName,UNL
,,metrics
,,,distance,3.310288356019759
,,receptorAtoms
,,,atomIndex,1517
,,,atomName,O
,,,chain,X
,,,resID,381
,,,resName,ASP
,closeContacts.30
,,ligandAtoms
,,,atomIndex,8
,,,atomName,C8
,,,chain,X
,,,resID,1
,,,resName,UNL
,,metrics
,,,distance,3.081300699380052
,,receptorAtoms
,,,atomIndex,1522
,,,atomName,H
,,,chain,X
,,,resID,381
,,,resName,ASP
,closeContacts.31
,,ligandAtoms
,,,atomIndex,9
,,,atomName,O1
,,,chain,X
,,,resID,1
,,,resName,UNL
,,metrics
,,,distance,3.883202930571618
,,receptorAtoms
,,,atomIndex,1510
,,,atomName,C
,,,chain,X
,,,resID,380
,,,resName,ALA
,closeContacts.32
,,ligandAtoms
,,,atomIndex,9
,,,atomName,O1
,,,chain,X
,,,resID,1
,,,resName,UNL
,,metrics
,,,distance,3.736196060166007
,,receptorAtoms
,,,atomIndex,1512
,,,atomName,CB
,,,chain,X
,,,resID,380
,,,resName,ALA
,closeContacts.33
,,ligandAtoms
,,,atomIndex,9
,,,atomName,O1
,,,chain,X
,,,resID,1
,,,resName,UNL
,,metrics
,,,distance,2.886842392649796
,,receptorAtoms
,,,atomIndex,1514
,,,atomName,N
,,,chain,X
,,,resID,381
,,,resName,ASP
,closeContacts.34
,,ligandAtoms
,,,atomIndex,9
,,,atomName,O1
,,,chain,X
,,,resID,1
,,,resName,UNL
,,metrics
,,,distance,3.6423742256940046
,,receptorAtoms
,,,atomIndex,1515
,,,atomName,CA
,,,chain,X
,,,resID,381
,,,resName,ASP
,closeContacts.35
,,ligandAtoms
,,,atomIndex,9
,,,atomName,O1
,,,chain,X
,,,resID,1
,,,resName,UNL
,,metrics
,,,distance,3.2519060564536613
,,receptorAtoms
,,,atomIndex,1516
,,,atomName,C
,,,chain,X
,,,resID,381
,,,resName,ASP
,closeContacts.36
,,ligandAtoms
,,,atomIndex,9
,,,atomName,O1
,,,chain,X
,,,resID,1
,,,resName,UNL
,,metrics
,,,distance,2.4082670117742344
,,receptorAtoms
,,,atomIndex,1517
,,,atomName,O
,,,chain,X
,,,resID,381
,,,resName,ASP
,closeContacts.37
,,ligandAtoms
,,,atomIndex,9
,,,atomName,O1
,,,chain,X
,,,resID,1
,,,resName,UNL
,,metrics
,,,distance,1.923470041357546
,,receptorAtoms
,,,atomIndex,1522
,,,atomName,H
,,,chain,X
,,,resID,381
,,,resName,ASP
,closeContacts.38
,,ligandAtoms
,,,atomIndex,10
,,,atomName,N1
,,,chain,X
,,,resID,1
,,,resName,UNL
,,metrics
,,,distance,3.334303675432098
,,receptorAtoms
,,,atomIndex,590
,,,atomName,OE2
,,,chain,X
,,,resID,286
,,,resName,GLU
,closeContacts.39
,,ligandAtoms
,,,atomIndex,10
,,,atomName,N1
,,,chain,X
,,,resID,1
,,,resName,UNL
,,metrics
,,,distance,3.8160277776766773
,,receptorAtoms
,,,atomIndex,617
,,,atomName,CG
,,,chain,X
,,,resID,290
,,,resName,MET
,closeContacts.40
,,ligandAtoms
,,,atomIndex,10
,,,atomName,N1
,,,chain,X
,,,resID,1
,,,resName,UNL
,,metrics
,,,distance,2.9976881091934833
,,receptorAtoms
,,,atomIndex,618
,,,atomName,SD
,,,chain,X
,,,resID,290
,,,resName,MET
,closeContacts.41
,,ligandAtoms
,,,atomIndex,10
,,,atomName,N1
,,,chain,X
,,,resID,1
,,,resName,UNL
,,metrics
,,,distance,3.068061928970795
,,receptorAtoms
,,,atomIndex,619
,,,atomName,CE
,,,chain,X
,,,resID,290
,,,resName,MET
,closeContacts.42
,,ligandAtoms
,,,atomIndex,10
,,,atomName,N1
,,,chain,X
,,,resID,1
,,,resName,UNL
,,metrics
,,,distance,3.740624814118625
,,receptorAtoms
,,,atomIndex,711
,,,atomName,CG2
,,,chain,X
,,,resID,299
,,,resName,VAL
,closeContacts.43
,,ligandAtoms
,,,atomIndex,10
,,,atomName,N1
,,,chain,X
,,,resID,1
,,,resName,UNL
,,metrics
,,,distance,3.8745182926397446
,,receptorAtoms
,,,atomIndex,1522
,,,atomName,H
,,,chain,X
,,,resID,381
,,,resName,ASP
,closeContacts.44
,,ligandAtoms
,,,atomIndex,11
,,,atomName,H30
,,,chain,X
,,,resID,1
,,,resName,UNL
,,metrics
,,,distance,3.4872169419180103
,,receptorAtoms
,,,atomIndex,590
,,,atomName,OE2
,,,chain,X
,,,resID,286
,,,resName,GLU
,closeContacts.45
,,ligandAtoms
,,,atomIndex,11
,,,atomName,H30
,,,chain,X
,,,resID,1
,,,resName,UNL
,,metrics
,,,distance,3.255731100689981
,,receptorAtoms
,,,atomIndex,617
,,,atomName,CG
,,,chain,X
,,,resID,290
,,,resName,MET
,closeContacts.46
,,ligandAtoms
,,,atomIndex,11
,,,atomName,H30
,,,chain,X
,,,resID,1
,,,resName,UNL
,,metrics
,,,distance,2.1792239444352655
,,receptorAtoms
,,,atomIndex,618
,,,atomName,SD
,,,chain,X
,,,resID,290
,,,resName,MET
,closeContacts.47
,,ligandAtoms
,,,atomIndex,11
,,,atomName,H30
,,,chain,X
,,,resID,1
,,,resName,UNL
,,metrics
,,,distance,2.0996268716131437
,,receptorAtoms
,,,atomIndex,619
,,,atomName,CE
,,,chain,X
,,,resID,290
,,,resName,MET
,closeContacts.48
,,ligandAtoms
,,,atomIndex,11
,,,atomName,H30
,,,chain,X
,,,resID,1
,,,resName,UNL
,,metrics
,,,distance,3.7654902735234894
,,receptorAtoms
,,,atomIndex,711
,,,atomName,CG2
,,,chain,X
,,,resID,299
,,,resName,VAL
,closeContacts.49
,,ligandAtoms
,,,atomIndex,12
,,,atomName,C9
,,,chain,X
,,,resID,1
,,,resName,UNL
,,metrics
,,,distance,3.7361911086024495
,,receptorAtoms
,,,atomIndex,590
,,,atomName,OE2
,,,chain,X
,,,resID,286
,,,resName,GLU
,closeContacts.50
,,ligandAtoms
,,,atomIndex,12
,,,atomName,C9
,,,chain,X
,,,resID,1
,,,resName,UNL
,,metrics
,,,distance,3.49489813871592
,,receptorAtoms
,,,atomIndex,617
,,,atomName,CG
,,,chain,X
,,,resID,290
,,,resName,MET
,closeContacts.51
,,ligandAtoms
,,,atomIndex,12
,,,atomName,C9
,,,chain,X
,,,resID,1
,,,resName,UNL
,,metrics
,,,distance,3.3321829181484026
,,receptorAtoms
,,,atomIndex,618
,,,atomName,SD
,,,chain,X
,,,resID,290
,,,resName,MET
,closeContacts.52
,,ligandAtoms
,,,atomIndex,12
,,,atomName,C9
,,,chain,X
,,,resID,1
,,,resName,UNL
,,metrics
,,,distance,3.7475950955245945
,,receptorAtoms
,,,atomIndex,619
,,,atomName,CE
,,,chain,X
,,,resID,290
,,,resName,MET
,closeContacts.53
,,ligandAtoms
,,,atomIndex,12
,,,atomName,C9
,,,chain,X
,,,resID,1
,,,resName,UNL
,,metrics
,,,distance,3.9761600822904497
,,receptorAtoms
,,,atomIndex,711
,,,atomName,CG2
,,,chain,X
,,,resID,299
,,,resName,VAL
,closeContacts.54
,,ligandAtoms
,,,atomIndex,12
,,,atomName,C9
,,,chain,X
,,,resID,1
,,,resName,UNL
,,metrics
,,,distance,3.9408472439311835
,,receptorAtoms
,,,atomIndex,1522
,,,atomName,H
,,,chain,X
,,,resID,381
,,,resName,ASP
,closeContacts.55
,,ligandAtoms
,,,atomIndex,13
,,,atomName,C10
,,,chain,X
,,,resID,1
,,,resName,UNL
,,metrics
,,,distance,3.518531796076312
,,receptorAtoms
,,,atomIndex,587
,,,atomName,CG
,,,chain,X
,,,resID,286
,,,resName,GLU
,closeContacts.56
,,ligandAtoms
,,,atomIndex,13
,,,atomName,C10
,,,chain,X
,,,resID,1
,,,resName,UNL
,,metrics
,,,distance,3.8078311412141157
,,receptorAtoms
,,,atomIndex,588
,,,atomName,CD
,,,chain,X
,,,resID,286
,,,resName,GLU
,closeContacts.57
,,ligandAtoms
,,,atomIndex,13
,,,atomName,C10
,,,chain,X
,,,resID,1
,,,resName,UNL
,,metrics
,,,distance,3.3211886426398602
,,receptorAtoms
,,,atomIndex,590
,,,atomName,OE2
,,,chain,X
,,,resID,286
,,,resName,GLU
,closeContacts.58
,,ligandAtoms
,,,atomIndex,13
,,,atomName,C10
,,,chain,X
,,,resID,1
,,,resName,UNL
,,metrics
,,,distance,3.4786300464406965
,,receptorAtoms
,,,atomIndex,617
,,,atomName,CG
,,,chain,X
,,,resID,290
,,,resName,MET
,closeContacts.59
,,ligandAtoms
,,,atomIndex,13
,,,atomName,C10
,,,chain,X
,,,resID,1
,,,resName,UNL
,,metrics
,,,distance,3.538337604016892
,,receptorAtoms
,,,atomIndex,618
,,,atomName,SD
,,,chain,X
,,,resID,290
,,,resName,MET
,closeContacts.60
,,ligandAtoms
,,,atomIndex,14
,,,atomName,C11
,,,chain,X
,,,resID,1
,,,resName,UNL
,,metrics
,,,distance,3.9882619021323067
,,receptorAtoms
,,,atomIndex,617
,,,atomName,CG
,,,chain,X
,,,resID,290
,,,resName,MET
,closeContacts.61
,,ligandAtoms
,,,atomIndex,17
,,,atomName,C14
,,,chain,X
,,,resID,1
,,,resName,UNL
,,metrics
,,,distance,3.990657715214374
,,receptorAtoms
,,,atomIndex,617
,,,atomName,CG
,,,chain,X
,,,resID,290
,,,resName,MET
,closeContacts.62
,,ligandAtoms
,,,atomIndex,17
,,,atomName,C14
,,,chain,X
,,,resID,1
,,,resName,UNL
,,metrics
,,,distance,3.2317588090697598
,,receptorAtoms
,,,atomIndex,711
,,,atomName,CG2
,,,chain,X
,,,resID,299
,,,resName,VAL
,closeContacts.63
,,ligandAtoms
,,,atomIndex,17
,,,atomName,C14
,,,chain,X
,,,resID,1
,,,resName,UNL
,,metrics
,,,distance,3.8926588599567777
,,receptorAtoms
,,,atomIndex,1522
,,,atomName,H
,,,chain,X
,,,resID,381
,,,resName,ASP
,closeContacts.64
,,ligandAtoms
,,,atomIndex,18
,,,atomName,C22
,,,chain,X
,,,resID,1
,,,resName,UNL
,,metrics
,,,distance,3.9016896339919187
,,receptorAtoms
,,,atomIndex,587
,,,atomName,CG
,,,chain,X
,,,resID,286
,,,resName,GLU
,closeContacts.65
,,ligandAtoms
,,,atomIndex,18
,,,atomName,C22
,,,chain,X
,,,resID,1
,,,resName,UNL
,,metrics
,,,distance,3.9890221859498354
,,receptorAtoms
,,,atomIndex,608
,,,atomName,CB
,,,chain,X
,,,resID,289
,,,resName,VAL
,closeContacts.66
,,ligandAtoms
,,,atomIndex,18
,,,atomName,C22
,,,chain,X
,,,resID,1
,,,resName,UNL
,,metrics
,,,distance,3.7188430996749515
,,receptorAtoms
,,,atomIndex,609
,,,atomName,CG1
,,,chain,X
,,,resID,289
,,,resName,VAL
,closeContacts.67
,,ligandAtoms
,,,atomIndex,19
,,,atomName,F1
,,,chain,X
,,,resID,1
,,,resName,UNL
,,metrics
,,,distance,3.9307111315892955
,,receptorAtoms
,,,atomIndex,608
,,,atomName,CB
,,,chain,X
,,,resID,289
,,,resName,VAL
,closeContacts.68
,,ligandAtoms
,,,atomIndex,19
,,,atomName,F1
,,,chain,X
,,,resID,1
,,,resName,UNL
,,metrics
,,,distance,3.4513072885502387
,,receptorAtoms
,,,atomIndex,609
,,,atomName,CG1
,,,chain,X
,,,resID,289
,,,resName,VAL
,closeContacts.69
,,ligandAtoms
,,,atomIndex,20
,,,atomName,F2
,,,chain,X
,,,resID,1
,,,resName,UNL
,,metrics
,,,distance,3.1822394630197146
,,receptorAtoms
,,,atomIndex,583
,,,atomName,CA
,,,chain,X
,,,resID,286
,,,resName,GLU
,closeContacts.70
,,ligandAtoms
,,,atomIndex,20
,,,atomName,F2
,,,chain,X
,,,resID,1
,,,resName,UNL
,,metrics
,,,distance,3.605282235831199
,,receptorAtoms
,,,atomIndex,584
,,,atomName,C
,,,chain,X
,,,resID,286
,,,resName,GLU
,closeContacts.71
,,ligandAtoms
,,,atomIndex,20
,,,atomName,F2
,,,chain,X
,,,resID,1
,,,resName,UNL
,,metrics
,,,distance,3.16271544720672
,,receptorAtoms
,,,atomIndex,585
,,,atomName,O
,,,chain,X
,,,resID,286
,,,resName,GLU
,closeContacts.72
,,ligandAtoms
,,,atomIndex,20
,,,atomName,F2
,,,chain,X
,,,resID,1
,,,resName,UNL
,,metrics
,,,distance,3.796190063734955
,,receptorAtoms
,,,atomIndex,586
,,,atomName,CB
,,,chain,X
,,,resID,286
,,,resName,GLU
,closeContacts.73
,,ligandAtoms
,,,atomIndex,20
,,,atomName,F2
,,,chain,X
,,,resID,1
,,,resName,UNL
,,metrics
,,,distance,3.5176739473692
,,receptorAtoms
,,,atomIndex,587
,,,atomName,CG
,,,chain,X
,,,resID,286
,,,resName,GLU
,closeContacts.74
,,ligandAtoms
,,,atomIndex,20
,,,atomName,F2
,,,chain,X
,,,resID,1
,,,resName,UNL
,,metrics
,,,distance,2.927105396120884
,,receptorAtoms
,,,atomIndex,608
,,,atomName,CB
,,,chain,X
,,,resID,289
,,,resName,VAL
,closeContacts.75
,,ligandAtoms
,,,atomIndex,20
,,,atomName,F2
,,,chain,X
,,,resID,1
,,,resName,UNL
,,metrics
,,,distance,3.088521005270969
,,receptorAtoms
,,,atomIndex,609
,,,atomName,CG1
,,,chain,X
,,,resID,289
,,,resName,VAL
,closeContacts.76
,,ligandAtoms
,,,atomIndex,20
,,,atomName,F2
,,,chain,X
,,,resID,1
,,,resName,UNL
,,metrics
,,,distance,3.6028638608751224
,,receptorAtoms
,,,atomIndex,610
,,,atomName,CG2
,,,chain,X
,,,resID,289
,,,resName,VAL
,closeContacts.77
,,ligandAtoms
,,,atomIndex,20
,,,atomName,F2
,,,chain,X
,,,resID,1
,,,resName,UNL
,,metrics
,,,distance,3.7042508014442004
,,receptorAtoms
,,,atomIndex,620
,,,atomName,H
,,,chain,X
,,,resID,290
,,,resName,MET
,closeContacts.78
,,ligandAtoms
,,,atomIndex,21
,,,atomName,F3
,,,chain,X
,,,resID,1
,,,resName,UNL
,,metrics
,,,distance,3.9496209944752927
,,receptorAtoms
,,,atomIndex,583
,,,atomName,CA
,,,chain,X
,,,resID,286
,,,resName,GLU
,closeContacts.79
,,ligandAtoms
,,,atomIndex,21
,,,atomName,F3
,,,chain,X
,,,resID,1
,,,resName,UNL
,,metrics
,,,distance,3.8178298809664106
,,receptorAtoms
,,,atomIndex,586
,,,atomName,CB
,,,chain,X
,,,resID,286
,,,resName,GLU
,closeContacts.80
,,ligandAtoms
,,,atomIndex,21
,,,atomName,F3
,,,chain,X
,,,resID,1
,,,resName,UNL
,,metrics
,,,distance,3.4188340117648304
,,receptorAtoms
,,,atomIndex,587
,,,atomName,CG
,,,chain,X
,,,resID,286
,,,resName,GLU
,closeContacts.81
,,ligandAtoms
,,,atomIndex,21
,,,atomName,F3
,,,chain,X
,,,resID,1
,,,resName,UNL
,,metrics
,,,distance,3.9037499919948773
,,receptorAtoms
,,,atomIndex,588
,,,atomName,CD
,,,chain,X
,,,resID,286
,,,resName,GLU
,closeContacts.82
,,ligandAtoms
,,,atomIndex,22
,,,atomName,C15
,,,chain,X
,,,resID,1
,,,resName,UNL
,,metrics
,,,distance,3.4895790577088235
,,receptorAtoms
,,,atomIndex,609
,,,atomName,CG1
,,,chain,X
,,,resID,289
,,,resName,VAL
,closeContacts.83
,,ligandAtoms
,,,atomIndex,22
,,,atomName,C15
,,,chain,X
,,,resID,1
,,,resName,UNL
,,metrics
,,,distance,3.547131376196828
,,receptorAtoms
,,,atomIndex,651
,,,atomName,CD1
,,,chain,X
,,,resID,293
,,,resName,ILE
,closeContacts.84
,,ligandAtoms
,,,atomIndex,24
,,,atomName,C16
,,,chain,X
,,,resID,1
,,,resName,UNL
,,metrics
,,,distance,3.81453470294871
,,receptorAtoms
,,,atomIndex,1313
,,,atomName,O
,,,chain,X
,,,resID,360
,,,resName,ILE
,closeContacts.85
,,ligandAtoms
,,,atomIndex,24
,,,atomName,C16
,,,chain,X
,,,resID,1
,,,resName,UNL
,,metrics
,,,distance,3.725647057894776
,,receptorAtoms
,,,atomIndex,1320
,,,atomName,CA
,,,chain,X
,,,resID,361
,,,resName,HIE
,closeContacts.86
,,ligandAtoms
,,,atomIndex,25
,,,atomName,C17
,,,chain,X
,,,resID,1
,,,resName,UNL
,,metrics
,,,distance,3.734189871980266
,,receptorAtoms
,,,atomIndex,1312
,,,atomName,C
,,,chain,X
,,,resID,360
,,,resName,ILE
,closeContacts.87
,,ligandAtoms
,,,atomIndex,25
,,,atomName,C17
,,,chain,X
,,,resID,1
,,,resName,UNL
,,metrics
,,,distance,2.87838861170621
,,receptorAtoms
,,,atomIndex,1313
,,,atomName,O
,,,chain,X
,,,resID,360
,,,resName,ILE
,closeContacts.88
,,ligandAtoms
,,,atomIndex,25
,,,atomName,C17
,,,chain,X
,,,resID,1
,,,resName,UNL
,,metrics
,,,distance,3.60591375382163
,,receptorAtoms
,,,atomIndex,1320
,,,atomName,CA
,,,chain,X
,,,resID,361
,,,resName,HIE
,closeContacts.89
,,ligandAtoms
,,,atomIndex,25
,,,atomName,C17
,,,chain,X
,,,resID,1
,,,resName,UNL
,,metrics
,,,distance,3.7196689368813454
,,receptorAtoms
,,,atomIndex,1322
,,,atomName,O
,,,chain,X
,,,resID,361
,,,resName,HIE
,closeContacts.90
,,ligandAtoms
,,,atomIndex,26
,,,atomName,N3
,,,chain,X
,,,resID,1
,,,resName,UNL
,,metrics
,,,distance,3.648060443578205
,,receptorAtoms
,,,atomIndex,1313
,,,atomName,O
,,,chain,X
,,,resID,360
,,,resName,ILE
,closeContacts.91
,,ligandAtoms
,,,atomIndex,26
,,,atomName,N3
,,,chain,X
,,,resID,1
,,,resName,UNL
,,metrics
,,,distance,3.2473775573530093
,,receptorAtoms
,,,atomIndex,1322
,,,atomName,O
,,,chain,X
,,,resID,361
,,,resName,HIE
,closeContacts.92
,,ligandAtoms
,,,atomIndex,26
,,,atomName,N3
,,,chain,X
,,,resID,1
,,,resName,UNL
,,metrics
,,,distance,3.9011262476366997
,,receptorAtoms
,,,atomIndex,1521
,,,atomName,OD2
,,,chain,X
,,,resID,381
,,,resName,ASP
,closeContacts.93
,,ligandAtoms
,,,atomIndex,27
,,,atomName,C18
,,,chain,X
,,,resID,1
,,,resName,UNL
,,metrics
,,,distance,3.751408935320168
,,receptorAtoms
,,,atomIndex,1320
,,,atomName,CA
,,,chain,X
,,,resID,361
,,,resName,HIE
,closeContacts.94
,,ligandAtoms
,,,atomIndex,27
,,,atomName,C18
,,,chain,X
,,,resID,1
,,,resName,UNL
,,metrics
,,,distance,3.7423596834083166
,,receptorAtoms
,,,atomIndex,1321
,,,atomName,C
,,,chain,X
,,,resID,361
,,,resName,HIE
,closeContacts.95
,,ligandAtoms
,,,atomIndex,27
,,,atomName,C18
,,,chain,X
,,,resID,1
,,,resName,UNL
,,metrics
,,,distance,2.957705529629344
,,receptorAtoms
,,,atomIndex,1322
,,,atomName,O
,,,chain,X
,,,resID,361
,,,resName,HIE
,closeContacts.96
,,ligandAtoms
,,,atomIndex,27
,,,atomName,C18
,,,chain,X
,,,resID,1
,,,resName,UNL
,,metrics
,,,distance,3.9635098082381477
,,receptorAtoms
,,,atomIndex,1324
,,,atomName,CG
,,,chain,X
,,,resID,361
,,,resName,HIE
,closeContacts.97
,,ligandAtoms
,,,atomIndex,27
,,,atomName,C18
,,,chain,X
,,,resID,1
,,,resName,UNL
,,metrics
,,,distance,3.8593601801334896
,,receptorAtoms
,,,atomIndex,1326
,,,atomName,ND1
,,,chain,X
,,,resID,361
,,,resName,HIE
,closeContacts.98
,,ligandAtoms
,,,atomIndex,27
,,,atomName,C18
,,,chain,X
,,,resID,1
,,,resName,UNL
,,metrics
,,,distance,3.9874325072657983
,,receptorAtoms
,,,atomIndex,1327
,,,atomName,CE1
,,,chain,X
,,,resID,361
,,,resName,HIE
,closeContacts.99
,,ligandAtoms
,,,atomIndex,27
,,,atomName,C18
,,,chain,X
,,,resID,1
,,,resName,UNL
,,metrics
,,,distance,3.6438980501655105
,,receptorAtoms
,,,atomIndex,1518
,,,atomName,CB
,,,chain,X
,,,resID,381
,,,resName,ASP
,closeContacts.100
,,ligandAtoms
,,,atomIndex,27
,,,atomName,C18
,,,chain,X
,,,resID,1
,,,resName,UNL
,,metrics
,,,distance,3.6694193001073083
,,receptorAtoms
,,,atomIndex,1519
,,,atomName,CG
,,,chain,X
,,,resID,381
,,,resName,ASP
,closeContacts.101
,,ligandAtoms
,,,atomIndex,27
,,,atomName,C18
,,,chain,X
,,,resID,1
,,,resName,UNL
,,metrics
,,,distance,3.075732270533312
,,receptorAtoms
,,,atomIndex,1521
,,,atomName,OD2
,,,chain,X
,,,resID,381
,,,resName,ASP
,closeContacts.102
,,ligandAtoms
,,,atomIndex,28
,,,atomName,C19
,,,chain,X
,,,resID,1
,,,resName,UNL
,,metrics
,,,distance,3.809944619020071
,,receptorAtoms
,,,atomIndex,1325
,,,atomName,CD2
,,,chain,X
,,,resID,361
,,,resName,HIE
,closeContacts.103
,,ligandAtoms
,,,atomIndex,28
,,,atomName,C19
,,,chain,X
,,,resID,1
,,,resName,UNL
,,metrics
,,,distance,3.805659601172968
,,receptorAtoms
,,,atomIndex,1328
,,,atomName,NE2
,,,chain,X
,,,resID,361
,,,resName,HIE
,closeContacts.104
,,ligandAtoms
,,,atomIndex,28
,,,atomName,C19
,,,chain,X
,,,resID,1
,,,resName,UNL
,,metrics
,,,distance,3.988819624901581
,,receptorAtoms
,,,atomIndex,1330
,,,atomName,HE2
,,,chain,X
,,,resID,361
,,,resName,HIE
,closeContacts.105
,,ligandAtoms
,,,atomIndex,28
,,,atomName,C19
,,,chain,X
,,,resID,1
,,,resName,UNL
,,metrics
,,,distance,3.386144267452289
,,receptorAtoms
,,,atomIndex,1518
,,,atomName,CB
,,,chain,X
,,,resID,381
,,,resName,ASP
,closeContacts.106
,,ligandAtoms
,,,atomIndex,28
,,,atomName,C19
,,,chain,X
,,,resID,1
,,,resName,UNL
,,metrics
,,,distance,3.8032855533078243
,,receptorAtoms
,,,atomIndex,1521
,,,atomName,OD2
,,,chain,X
,,,resID,381
,,,resName,ASP
,closeContacts.107
,,ligandAtoms
,,,atomIndex,29
,,,atomName,C20
,,,chain,X
,,,resID,1
,,,resName,UNL
,,metrics
,,,distance,3.3864035494902263
,,receptorAtoms
,,,atomIndex,1313
,,,atomName,O
,,,chain,X
,,,resID,360
,,,resName,ILE
,closeContacts.108
,,ligandAtoms
,,,atomIndex,29
,,,atomName,C20
,,,chain,X
,,,resID,1
,,,resName,UNL
,,metrics
,,,distance,3.7097486437762868
,,receptorAtoms
,,,atomIndex,1321
,,,atomName,C
,,,chain,X
,,,resID,361
,,,resName,HIE
,closeContacts.109
,,ligandAtoms
,,,atomIndex,29
,,,atomName,C20
,,,chain,X
,,,resID,1
,,,resName,UNL
,,metrics
,,,distance,2.7559051144769113
,,receptorAtoms
,,,atomIndex,1322
,,,atomName,O
,,,chain,X
,,,resID,361
,,,resName,HIE
,closeContacts.110
,,ligandAtoms
,,,atomIndex,29
,,,atomName,C20
,,,chain,X
,,,resID,1
,,,resName,UNL
,,metrics
,,,distance,3.9900724304202804
,,receptorAtoms
,,,atomIndex,1521
,,,atomName,OD2
,,,chain,X
,,,resID,381
,,,resName,ASP
,closeContacts.111
,,ligandAtoms
,,,atomIndex,30
,,,atomName,C21
,,,chain,X
,,,resID,1
,,,resName,UNL
,,metrics
,,,distance,3.680247953603126
,,receptorAtoms
,,,atomIndex,1322
,,,atomName,O
,,,chain,X
,,,resID,361
,,,resName,HIE
,closeContacts.112
,,ligandAtoms
,,,atomIndex,30
,,,atomName,C21
,,,chain,X
,,,resID,1
,,,resName,UNL
,,metrics
,,,distance,3.3610653073095738
,,receptorAtoms
,,,atomIndex,1521
,,,atomName,OD2
,,,chain,X
,,,resID,381
,,,resName,ASP
,closeContacts.113
,,ligandAtoms
,,,atomIndex,31
,,,atomName,O2
,,,chain,X
,,,resID,1
,,,resName,UNL
,,metrics
,,,distance,3.6782944417215977
,,receptorAtoms
,,,atomIndex,1519
,,,atomName,CG
,,,chain,X
,,,resID,381
,,,resName,ASP
,closeContacts.114
,,ligandAtoms
,,,atomIndex,31
,,,atomName,O2
,,,chain,X
,,,resID,1
,,,resName,UNL
,,metrics
,,,distance,2.4969535438209496
,,receptorAtoms
,,,atomIndex,1521
,,,atomName,OD2
,,,chain,X
,,,resID,381
,,,resName,ASP
,closeContacts.115
,,ligandAtoms
,,,atomIndex,32
,,,atomName,H29
,,,chain,X
,,,resID,1
,,,resName,UNL
,,metrics
,,,distance,3.3045001134816134
,,receptorAtoms
,,,atomIndex,1519
,,,atomName,CG
,,,chain,X
,,,resID,381
,,,resName,ASP
,closeContacts.116
,,ligandAtoms
,,,atomIndex,32
,,,atomName,H29
,,,chain,X
,,,resID,1
,,,resName,UNL
,,metrics
,,,distance,2.1110883449064843
,,receptorAtoms
,,,atomIndex,1521
,,,atomName,OD2
,,,chain,X
,,,resID,381
,,,resName,ASP
,closeContacts.117
,,ligandAtoms
,,,atomIndex,33
,,,atomName,C23
,,,chain,X
,,,resID,1
,,,resName,UNL
,,metrics
,,,distance,3.8830063095493412
,,receptorAtoms
,,,atomIndex,863
,,,atomName,CG1
,,,chain,X
,,,resID,315
,,,resName,ILE
,closeContacts.118
,,ligandAtoms
,,,atomIndex,33
,,,atomName,C23
,,,chain,X
,,,resID,1
,,,resName,UNL
,,metrics
,,,distance,3.49797841617126
,,receptorAtoms
,,,atomIndex,865
,,,atomName,CD1
,,,chain,X
,,,resID,315
,,,resName,ILE
,closeContacts.119
,,ligandAtoms
,,,atomIndex,33
,,,atomName,C23
,,,chain,X
,,,resID,1
,,,resName,UNL
,,metrics
,,,distance,3.2737518232144605
,,receptorAtoms
,,,atomIndex,1532
,,,atomName,CE2
,,,chain,X
,,,resID,382
,,,resName,PHE
,closeContacts.120
,,ligandAtoms
,,,atomIndex,33
,,,atomName,C23
,,,chain,X
,,,resID,1
,,,resName,UNL
,,metrics
,,,distance,3.5518706339054646
,,receptorAtoms
,,,atomIndex,1533
,,,atomName,CZ
,,,chain,X
,,,resID,382
,,,resName,PHE
,closeContacts.121
,,ligandAtoms
,,,atomIndex,34
,,,atomName,C24
,,,chain,X
,,,resID,1
,,,resName,UNL
,,metrics
,,,distance,3.674878773510767
,,receptorAtoms
,,,atomIndex,419
,,,atomName,CB
,,,chain,X
,,,resID,269
,,,resName,ALA
,closeContacts.122
,,ligandAtoms
,,,atomIndex,34
,,,atomName,C24
,,,chain,X
,,,resID,1
,,,resName,UNL
,,metrics
,,,distance,3.9435863119754333
,,receptorAtoms
,,,atomIndex,865
,,,atomName,CD1
,,,chain,X
,,,resID,315
,,,resName,ILE
,closeContacts.123
,,ligandAtoms
,,,atomIndex,34
,,,atomName,C24
,,,chain,X
,,,resID,1
,,,resName,UNL
,,metrics
,,,distance,3.3574068862739876
,,receptorAtoms
,,,atomIndex,1532
,,,atomName,CE2
,,,chain,X
,,,resID,382
,,,resName,PHE
,closeContacts.124
,,ligandAtoms
,,,atomIndex,34
,,,atomName,C24
,,,chain,X
,,,resID,1
,,,resName,UNL
,,metrics
,,,distance,3.3984462626323815
,,receptorAtoms
,,,atomIndex,1533
,,,atomName,CZ
,,,chain,X
,,,resID,382
,,,resName,PHE
,closeContacts.125
,,ligandAtoms
,,,atomIndex,35
,,,atomName,C25
,,,chain,X
,,,resID,1
,,,resName,UNL
,,metrics
,,,distance,3.7511256977072907
,,receptorAtoms
,,,atomIndex,419
,,,atomName,CB
,,,chain,X
,,,resID,269
,,,resName,ALA
,closeContacts.126
,,ligandAtoms
,,,atomIndex,35
,,,atomName,C25
,,,chain,X
,,,resID,1
,,,resName,UNL
,,metrics
,,,distance,3.8630243333429832
,,receptorAtoms
,,,atomIndex,1421
,,,atomName,CD2
,,,chain,X
,,,resID,370
,,,resName,LEU
,closeContacts.127
,,ligandAtoms
,,,atomIndex,35
,,,atomName,C25
,,,chain,X
,,,resID,1
,,,resName,UNL
,,metrics
,,,distance,3.954981289462692
,,receptorAtoms
,,,atomIndex,1532
,,,atomName,CE2
,,,chain,X
,,,resID,382
,,,resName,PHE
,closeContacts.128
,,ligandAtoms
,,,atomIndex,35
,,,atomName,C25
,,,chain,X
,,,resID,1
,,,resName,UNL
,,metrics
,,,distance,3.741896177073863
,,receptorAtoms
,,,atomIndex,1533
,,,atomName,CZ
,,,chain,X
,,,resID,382
,,,resName,PHE
,closeContacts.129
,,ligandAtoms
,,,atomIndex,36
,,,atomName,C26
,,,chain,X
,,,resID,1
,,,resName,UNL
,,metrics
,,,distance,3.5442220585059294
,,receptorAtoms
,,,atomIndex,419
,,,atomName,CB
,,,chain,X
,,,resID,269
,,,resName,ALA
,closeContacts.130
,,ligandAtoms
,,,atomIndex,36
,,,atomName,C26
,,,chain,X
,,,resID,1
,,,resName,UNL
,,metrics
,,,distance,3.049962950594645
,,receptorAtoms
,,,atomIndex,897
,,,atomName,H
,,,chain,X
,,,resID,318
,,,resName,MET
,closeContacts.131
,,ligandAtoms
,,,atomIndex,37
,,,atomName,N4
,,,chain,X
,,,resID,1
,,,resName,UNL
,,metrics
,,,distance,3.1570015837816734
,,receptorAtoms
,,,atomIndex,897
,,,atomName,H
,,,chain,X
,,,resID,318
,,,resName,MET
,closeContacts.132
,,ligandAtoms
,,,atomIndex,37
,,,atomName,N4
,,,chain,X
,,,resID,1
,,,resName,UNL
,,metrics
,,,distance,3.8794373303354193
,,receptorAtoms
,,,atomIndex,1421
,,,atomName,CD2
,,,chain,X
,,,resID,370
,,,resName,LEU
,closeContacts.133
,,ligandAtoms
,,,atomIndex,38
,,,atomName,C27
,,,chain,X
,,,resID,1
,,,resName,UNL
,,metrics
,,,distance,3.6246489485190145
,,receptorAtoms
,,,atomIndex,1421
,,,atomName,CD2
,,,chain,X
,,,resID,370
,,,resName,LEU
,closeContacts.134
,,ligandAtoms
,,,atomIndex,39
,,,atomName,C32
,,,chain,X
,,,resID,1
,,,resName,UNL
,,metrics
,,,distance,3.6830154764811946
,,receptorAtoms
,,,atomIndex,883
,,,atomName,CD1
,,,chain,X
,,,resID,317
,,,resName,PHE
,closeContacts.135
,,ligandAtoms
,,,atomIndex,39
,,,atomName,C32
,,,chain,X
,,,resID,1
,,,resName,UNL
,,metrics
,,,distance,3.531734134954103
,,receptorAtoms
,,,atomIndex,885
,,,atomName,CE1
,,,chain,X
,,,resID,317
,,,resName,PHE
,closeContacts.136
,,ligandAtoms
,,,atomIndex,39
,,,atomName,C32
,,,chain,X
,,,resID,1
,,,resName,UNL
,,metrics
,,,distance,3.785279117845871
,,receptorAtoms
,,,atomIndex,887
,,,atomName,CZ
,,,chain,X
,,,resID,317
,,,resName,PHE
,closeContacts.137
,,ligandAtoms
,,,atomIndex,39
,,,atomName,C32
,,,chain,X
,,,resID,1
,,,resName,UNL
,,metrics
,,,distance,3.4517583924718718
,,receptorAtoms
,,,atomIndex,889
,,,atomName,N
,,,chain,X
,,,resID,318
,,,resName,MET
,closeContacts.138
,,ligandAtoms
,,,atomIndex,39
,,,atomName,C32
,,,chain,X
,,,resID,1
,,,resName,UNL
,,metrics
,,,distance,3.7574311703609418
,,receptorAtoms
,,,atomIndex,891
,,,atomName,C
,,,chain,X
,,,resID,318
,,,resName,MET
,closeContacts.139
,,ligandAtoms
,,,atomIndex,39
,,,atomName,C32
,,,chain,X
,,,resID,1
,,,resName,UNL
,,metrics
,,,distance,2.8395106972857147
,,receptorAtoms
,,,atomIndex,892
,,,atomName,O
,,,chain,X
,,,resID,318
,,,resName,MET
,closeContacts.140
,,ligandAtoms
,,,atomIndex,39
,,,atomName,C32
,,,chain,X
,,,resID,1
,,,resName,UNL
,,metrics
,,,distance,2.5861560277755866
,,receptorAtoms
,,,atomIndex,897
,,,atomName,H
,,,chain,X
,,,resID,318
,,,resName,MET
,closeContacts.141
,,ligandAtoms
,,,atomIndex,39
,,,atomName,C32
,,,chain,X
,,,resID,1
,,,resName,UNL
,,metrics
,,,distance,3.806044403314287
,,receptorAtoms
,,,atomIndex,925
,,,atomName,H
,,,chain,X
,,,resID,321
,,,resName,GLY
,closeContacts.142
,,ligandAtoms
,,,atomIndex,40
,,,atomName,C28
,,,chain,X
,,,resID,1
,,,resName,UNL
,,metrics
,,,distance,3.996338824474222
,,receptorAtoms
,,,atomIndex,922
,,,atomName,CA
,,,chain,X
,,,resID,321
,,,resName,GLY
,closeContacts.143
,,ligandAtoms
,,,atomIndex,41
,,,atomName,N5
,,,chain,X
,,,resID,1
,,,resName,UNL
,,metrics
,,,distance,3.6319427308260246
,,receptorAtoms
,,,atomIndex,1421
,,,atomName,CD2
,,,chain,X
,,,resID,370
,,,resName,LEU
,closeContacts.144
,,ligandAtoms
,,,atomIndex,41
,,,atomName,N5
,,,chain,X
,,,resID,1
,,,resName,UNL
,,metrics
,,,distance,3.6387214787614597
,,receptorAtoms
,,,atomIndex,1532
,,,atomName,CE2
,,,chain,X
,,,resID,382
,,,resName,PHE
,closeContacts.145
,,ligandAtoms
,,,atomIndex,41
,,,atomName,N5
,,,chain,X
,,,resID,1
,,,resName,UNL
,,metrics
,,,distance,3.392642333049564
,,receptorAtoms
,,,atomIndex,1533
,,,atomName,CZ
,,,chain,X
,,,resID,382
,,,resName,PHE
,closeContacts.146
,,ligandAtoms
,,,atomIndex,42
,,,atomName,N6
,,,chain,X
,,,resID,1
,,,resName,UNL
,,metrics
,,,distance,3.1951308267424676
,,receptorAtoms
,,,atomIndex,922
,,,atomName,CA
,,,chain,X
,,,resID,321
,,,resName,GLY
,closeContacts.147
,,ligandAtoms
,,,atomIndex,42
,,,atomName,N6
,,,chain,X
,,,resID,1
,,,resName,UNL
,,metrics
,,,distance,3.8176701009909166
,,receptorAtoms
,,,atomIndex,934
,,,atomName,H
,,,chain,X
,,,resID,322
,,,resName,ASN
,closeContacts.148
,,ligandAtoms
,,,atomIndex,44
,,,atomName,C29
,,,chain,X
,,,resID,1
,,,resName,UNL
,,metrics
,,,distance,3.4724404962504405
,,receptorAtoms
,,,atomIndex,922
,,,atomName,CA
,,,chain,X
,,,resID,321
,,,resName,GLY
,closeContacts.149
,,ligandAtoms
,,,atomIndex,44
,,,atomName,C29
,,,chain,X
,,,resID,1
,,,resName,UNL
,,metrics
,,,distance,3.305131313578933
,,receptorAtoms
,,,atomIndex,934
,,,atomName,H
,,,chain,X
,,,resID,322
,,,resName,ASN
,closeContacts.150
,,ligandAtoms
,,,atomIndex,44
,,,atomName,C29
,,,chain,X
,,,resID,1
,,,resName,UNL
,,metrics
,,,distance,3.774448568996536
,,receptorAtoms
,,,atomIndex,9351
,,,atomName,1HD2
,,,chain,X
,,,resID,322
,,,resName,ASN
,closeContacts.151
,,ligandAtoms
,,,atomIndex,45
,,,atomName,H6
,,,chain,X
,,,resID,1
,,,resName,UNL
,,metrics
,,,distance,3.888404942903967
,,receptorAtoms
,,,atomIndex,892
,,,atomName,O
,,,chain,X
,,,resID,318
,,,resName,MET
,closeContacts.152
,,ligandAtoms
,,,atomIndex,45
,,,atomName,H6
,,,chain,X
,,,resID,1
,,,resName,UNL
,,metrics
,,,distance,3.585852897150133
,,receptorAtoms
,,,atomIndex,921
,,,atomName,N
,,,chain,X
,,,resID,321
,,,resName,GLY
,closeContacts.153
,,ligandAtoms
,,,atomIndex,45
,,,atomName,H6
,,,chain,X
,,,resID,1
,,,resName,UNL
,,metrics
,,,distance,2.9492348160158435
,,receptorAtoms
,,,atomIndex,922
,,,atomName,CA
,,,chain,X
,,,resID,321
,,,resName,GLY
,closeContacts.154
,,ligandAtoms
,,,atomIndex,45
,,,atomName,H6
,,,chain,X
,,,resID,1
,,,resName,UNL
,,metrics
,,,distance,3.5100304841981074
,,receptorAtoms
,,,atomIndex,925
,,,atomName,H
,,,chain,X
,,,resID,321
,,,resName,GLY
,closeContacts.155
,,ligandAtoms
,,,atomIndex,46
,,,atomName,C30
,,,chain,X
,,,resID,1
,,,resName,UNL
,,metrics
,,,distance,3.517357104418031
,,receptorAtoms
,,,atomIndex,934
,,,atomName,H
,,,chain,X
,,,resID,322
,,,resName,ASN
,closeContacts.156
,,ligandAtoms
,,,atomIndex,46
,,,atomName,C30
,,,chain,X
,,,resID,1
,,,resName,UNL
,,metrics
,,,distance,3.2751943453786065
,,receptorAtoms
,,,atomIndex,9351
,,,atomName,1HD2
,,,chain,X
,,,resID,322
,,,resName,ASN
,closeContacts.157
,,ligandAtoms
,,,atomIndex,47
,,,atomName,H31
,,,chain,X
,,,resID,1
,,,resName,UNL
,,metrics
,,,distance,3.9041672607612496
,,receptorAtoms
,,,atomIndex,256
,,,atomName,CG
,,,chain,X
,,,resID,253
,,,resName,TYR
,closeContacts.158
,,ligandAtoms
,,,atomIndex,47
,,,atomName,H31
,,,chain,X
,,,resID,1
,,,resName,UNL
,,metrics
,,,distance,3.634270903496326
,,receptorAtoms
,,,atomIndex,258
,,,atomName,CD2
,,,chain,X
,,,resID,253
,,,resName,TYR
,closeContacts.159
,,ligandAtoms
,,,atomIndex,48
,,,atomName,H5
,,,chain,X
,,,resID,1
,,,resName,UNL
,,metrics
,,,distance,3.931184172739812
,,receptorAtoms
,,,atomIndex,1421
,,,atomName,CD2
,,,chain,X
,,,resID,370
,,,resName,LEU
,closeContacts.160
,,ligandAtoms
,,,atomIndex,48
,,,atomName,H5
,,,chain,X
,,,resID,1
,,,resName,UNL
,,metrics
,,,distance,3.9693553632800382
,,receptorAtoms
,,,atomIndex,1530
,,,atomName,CD2
,,,chain,X
,,,resID,382
,,,resName,PHE
,closeContacts.161
,,ligandAtoms
,,,atomIndex,48
,,,atomName,H5
,,,chain,X
,,,resID,1
,,,resName,UNL
,,metrics
,,,distance,3.856836786798218
,,receptorAtoms
,,,atomIndex,1531
,,,atomName,CE1
,,,chain,X
,,,resID,382
,,,resName,PHE
,closeContacts.162
,,ligandAtoms
,,,atomIndex,48
,,,atomName,H5
,,,chain,X
,,,resID,1
,,,resName,UNL
,,metrics
,,,distance,2.8810347099609888
,,receptorAtoms
,,,atomIndex,1532
,,,atomName,CE2
,,,chain,X
,,,resID,382
,,,resName,PHE
,closeContacts.163
,,ligandAtoms
,,,atomIndex,48
,,,atomName,H5
,,,chain,X
,,,resID,1
,,,resName,UNL
,,metrics
,,,distance,2.787134908826625
,,receptorAtoms
,,,atomIndex,1533
,,,atomName,CZ
,,,chain,X
,,,resID,382
,,,resName,PHE
,closeContacts.164
,,ligandAtoms
,,,atomIndex,49
,,,atomName,C31
,,,chain,X
,,,resID,1
,,,resName,UNL
,,metrics
,,,distance,3.6358463938951
,,receptorAtoms
,,,atomIndex,225
,,,atomName,CA
,,,chain,X
,,,resID,249
,,,resName,GLY
,closeContacts.165
,,ligandAtoms
,,,atomIndex,49
,,,atomName,C31
,,,chain,X
,,,resID,1
,,,resName,UNL
,,metrics
,,,distance,3.789949076175036
,,receptorAtoms
,,,atomIndex,257
,,,atomName,CD1
,,,chain,X
,,,resID,253
,,,resName,TYR
,closeContacts.166
,,ligandAtoms
,,,atomIndex,49
,,,atomName,C31
,,,chain,X
,,,resID,1
,,,resName,UNL
,,metrics
,,,distance,3.9240445970962154
,,receptorAtoms
,,,atomIndex,259
,,,atomName,CE1
,,,chain,X
,,,resID,253
,,,resName,TYR
,closeContacts.167
,,ligandAtoms
,,,atomIndex,49
,,,atomName,C31
,,,chain,X
,,,resID,1
,,,resName,UNL
,,metrics
,,,distance,3.662229102609502
,,receptorAtoms
,,,atomIndex,932
,,,atomName,ND2
,,,chain,X
,,,resID,322
,,,resName,ASN
,closeContacts.168
,,ligandAtoms
,,,atomIndex,49
,,,atomName,C31
,,,chain,X
,,,resID,1
,,,resName,UNL
,,metrics
,,,distance,3.945564344932167
,,receptorAtoms
,,,atomIndex,934
,,,atomName,H
,,,chain,X
,,,resID,322
,,,resName,ASN
,closeContacts.169
,,ligandAtoms
,,,atomIndex,49
,,,atomName,C31
,,,chain,X
,,,resID,1
,,,resName,UNL
,,metrics
,,,distance,2.7293224433914
,,receptorAtoms
,,,atomIndex,9351
,,,atomName,1HD2
,,,chain,X
,,,resID,322
,,,resName,ASN
,closeContacts.170
,,ligandAtoms
,,,atomIndex,50
,,,atomName,F4
,,,chain,X
,,,resID,1
,,,resName,UNL
,,metrics
,,,distance,3.9618891958256484
,,receptorAtoms
,,,atomIndex,224
,,,atomName,N
,,,chain,X
,,,resID,249
,,,resName,GLY
,closeContacts.171
,,ligandAtoms
,,,atomIndex,50
,,,atomName,F4
,,,chain,X
,,,resID,1
,,,resName,UNL
,,metrics
,,,distance,3.352763188774298
,,receptorAtoms
,,,atomIndex,225
,,,atomName,CA
,,,chain,X
,,,resID,249
,,,resName,GLY
,closeContacts.172
,,ligandAtoms
,,,atomIndex,50
,,,atomName,F4
,,,chain,X
,,,resID,1
,,,resName,UNL
,,metrics
,,,distance,3.870215756259591
,,receptorAtoms
,,,atomIndex,228
,,,atomName,H
,,,chain,X
,,,resID,249
,,,resName,GLY
,closeContacts.173
,,ligandAtoms
,,,atomIndex,50
,,,atomName,F4
,,,chain,X
,,,resID,1
,,,resName,UNL
,,metrics
,,,distance,3.64117810605304
,,receptorAtoms
,,,atomIndex,932
,,,atomName,ND2
,,,chain,X
,,,resID,322
,,,resName,ASN
,closeContacts.174
,,ligandAtoms
,,,atomIndex,50
,,,atomName,F4
,,,chain,X
,,,resID,1
,,,resName,UNL
,,metrics
,,,distance,2.8441566412558927
,,receptorAtoms
,,,atomIndex,9351
,,,atomName,1HD2
,,,chain,X
,,,resID,322
,,,resName,ASN
,closeContacts.175
,,ligandAtoms
,,,atomIndex,50
,,,atomName,F4
,,,chain,X
,,,resID,1
,,,resName,UNL
,,metrics
,,,distance,3.7307851720515885
,,receptorAtoms
,,,atomIndex,9362
,,,atomName,2HD2
,,,chain,X
,,,resID,322
,,,resName,ASN
,closeContacts.176
,,ligandAtoms
,,,atomIndex,51
,,,atomName,F5
,,,chain,X
,,,resID,1
,,,resName,UNL
,,metrics
,,,distance,3.9151718991635605
,,receptorAtoms
,,,atomIndex,217
,,,atomName,C
,,,chain,X
,,,resID,248
,,,resName,LEU
,closeContacts.177
,,ligandAtoms
,,,atomIndex,51
,,,atomName,F5
,,,chain,X
,,,resID,1
,,,resName,UNL
,,metrics
,,,distance,3.420365185181254
,,receptorAtoms
,,,atomIndex,224
,,,atomName,N
,,,chain,X
,,,resID,249
,,,resName,GLY
,closeContacts.178
,,ligandAtoms
,,,atomIndex,51
,,,atomName,F5
,,,chain,X
,,,resID,1
,,,resName,UNL
,,metrics
,,,distance,2.77555922293148
,,receptorAtoms
,,,atomIndex,225
,,,atomName,CA
,,,chain,X
,,,resID,249
,,,resName,GLY
,closeContacts.179
,,ligandAtoms
,,,atomIndex,51
,,,atomName,F5
,,,chain,X
,,,resID,1
,,,resName,UNL
,,metrics
,,,distance,3.9834028166882645
,,receptorAtoms
,,,atomIndex,226
,,,atomName,C
,,,chain,X
,,,resID,249
,,,resName,GLY
,closeContacts.180
,,ligandAtoms
,,,atomIndex,51
,,,atomName,F5
,,,chain,X
,,,resID,1
,,,resName,UNL
,,metrics
,,,distance,3.828130353057481
,,receptorAtoms
,,,atomIndex,228
,,,atomName,H
,,,chain,X
,,,resID,249
,,,resName,GLY
,closeContacts.181
,,ligandAtoms
,,,atomIndex,51
,,,atomName,F5
,,,chain,X
,,,resID,1
,,,resName,UNL
,,metrics
,,,distance,3.5902875929373685
,,receptorAtoms
,,,atomIndex,255
,,,atomName,CB
,,,chain,X
,,,resID,253
,,,resName,TYR
,closeContacts.182
,,ligandAtoms
,,,atomIndex,51
,,,atomName,F5
,,,chain,X
,,,resID,1
,,,resName,UNL
,,metrics
,,,distance,3.168581701645077
,,receptorAtoms
,,,atomIndex,256
,,,atomName,CG
,,,chain,X
,,,resID,253
,,,resName,TYR
,closeContacts.183
,,ligandAtoms
,,,atomIndex,51
,,,atomName,F5
,,,chain,X
,,,resID,1
,,,resName,UNL
,,metrics
,,,distance,3.0406588101922933
,,receptorAtoms
,,,atomIndex,257
,,,atomName,CD1
,,,chain,X
,,,resID,253
,,,resName,TYR
,closeContacts.184
,,ligandAtoms
,,,atomIndex,51
,,,atomName,F5
,,,chain,X
,,,resID,1
,,,resName,UNL
,,metrics
,,,distance,3.835749861500358
,,receptorAtoms
,,,atomIndex,258
,,,atomName,CD2
,,,chain,X
,,,resID,253
,,,resName,TYR
,closeContacts.185
,,ligandAtoms
,,,atomIndex,51
,,,atomName,F5
,,,chain,X
,,,resID,1
,,,resName,UNL
,,metrics
,,,distance,3.6439744785055788
,,receptorAtoms
,,,atomIndex,259
,,,atomName,CE1
,,,chain,X
,,,resID,253
,,,resName,TYR
,closeContacts.186
,,ligandAtoms
,,,atomIndex,51
,,,atomName,F5
,,,chain,X
,,,resID,1
,,,resName,UNL
,,metrics
,,,distance,3.893410458710974
,,receptorAtoms
,,,atomIndex,9351
,,,atomName,1HD2
,,,chain,X
,,,resID,322
,,,resName,ASN
,closeContacts.187
,,ligandAtoms
,,,atomIndex,52
,,,atomName,F6
,,,chain,X
,,,resID,1
,,,resName,UNL
,,metrics
,,,distance,3.700413625528907
,,receptorAtoms
,,,atomIndex,256
,,,atomName,CG
,,,chain,X
,,,resID,253
,,,resName,TYR
,closeContacts.188
,,ligandAtoms
,,,atomIndex,52
,,,atomName,F6
,,,chain,X
,,,resID,1
,,,resName,UNL
,,metrics
,,,distance,3.3361470291340583
,,receptorAtoms
,,,atomIndex,257
,,,atomName,CD1
,,,chain,X
,,,resID,253
,,,resName,TYR
,closeContacts.189
,,ligandAtoms
,,,atomIndex,52
,,,atomName,F6
,,,chain,X
,,,resID,1
,,,resName,UNL
,,metrics
,,,distance,3.74530292499819
,,receptorAtoms
,,,atomIndex,258
,,,atomName,CD2
,,,chain,X
,,,resID,253
,,,resName,TYR
,closeContacts.190
,,ligandAtoms
,,,atomIndex,52
,,,atomName,F6
,,,chain,X
,,,resID,1
,,,resName,UNL
,,metrics
,,,distance,3.033427599267864
,,receptorAtoms
,,,atomIndex,259
,,,atomName,CE1
,,,chain,X
,,,resID,253
,,,resName,TYR
,closeContacts.191
,,ligandAtoms
,,,atomIndex,52
,,,atomName,F6
,,,chain,X
,,,resID,1
,,,resName,UNL
,,metrics
,,,distance,3.4805064286681047
,,receptorAtoms
,,,atomIndex,260
,,,atomName,CE2
,,,chain,X
,,,resID,253
,,,resName,TYR
,closeContacts.192
,,ligandAtoms
,,,atomIndex,52
,,,atomName,F6
,,,chain,X
,,,resID,1
,,,resName,UNL
,,metrics
,,,distance,3.116586113040998
,,receptorAtoms
,,,atomIndex,261
,,,atomName,CZ
,,,chain,X
,,,resID,253
,,,resName,TYR
,closeContacts.193
,,ligandAtoms
,,,atomIndex,52
,,,atomName,F6
,,,chain,X
,,,resID,1
,,,resName,UNL
,,metrics
,,,distance,3.6935681934952806
,,receptorAtoms
,,,atomIndex,262
,,,atomName,OH
,,,chain,X
,,,resID,253
,,,resName,TYR
,closeContacts.194
,,ligandAtoms
,,,atomIndex,52
,,,atomName,F6
,,,chain,X
,,,resID,1
,,,resName,UNL
,,metrics
,,,distance,3.6763303714437856
,,receptorAtoms
,,,atomIndex,930
,,,atomName,CB
,,,chain,X
,,,resID,322
,,,resName,ASN
,closeContacts.195
,,ligandAtoms
,,,atomIndex,52
,,,atomName,F6
,,,chain,X
,,,resID,1
,,,resName,UNL
,,metrics
,,,distance,3.5580564919629936
,,receptorAtoms
,,,atomIndex,931
,,,atomName,CG
,,,chain,X
,,,resID,322
,,,resName,ASN
,closeContacts.196
,,ligandAtoms
,,,atomIndex,52
,,,atomName,F6
,,,chain,X
,,,resID,1
,,,resName,UNL
,,metrics
,,,distance,2.675601053968996
,,receptorAtoms
,,,atomIndex,932
,,,atomName,ND2
,,,chain,X
,,,resID,322
,,,resName,ASN
,closeContacts.197
,,ligandAtoms
,,,atomIndex,52
,,,atomName,F6
,,,chain,X
,,,resID,1
,,,resName,UNL
,,metrics
,,,distance,3.535339446220122
,,receptorAtoms
,,,atomIndex,934
,,,atomName,H
,,,chain,X
,,,resID,322
,,,resName,ASN
,closeContacts.198
,,ligandAtoms
,,,atomIndex,52
,,,atomName,F6
,,,chain,X
,,,resID,1
,,,resName,UNL
,,metrics
,,,distance,1.8589981172663954
,,receptorAtoms
,,,atomIndex,9351
,,,atomName,1HD2
,,,chain,X
,,,resID,322
,,,resName,ASN
,closeContacts.199
,,ligandAtoms
,,,atomIndex,52
,,,atomName,F6
,,,chain,X
,,,resID,1
,,,resName,UNL
,,metrics
,,,distance,3.1498287255023882
,,receptorAtoms
,,,atomIndex,9362
,,,atomName,2HD2
,,,chain,X
,,,resID,322
,,,resName,ASN
closestContacts
,closestContacts.1
,,ligandAtoms
,,,atomIndex,9
,,,atomName,O1
,,,chain,X
,,,resID,1
,,,resName,UNL
,,metrics
,,,distance,2.4082670117742344
,,receptorAtoms
,,,atomIndex,1517
,,,atomName,O
,,,chain,X
,,,resID,381
,,,resName,ASP
,closestContacts.2
,,ligandAtoms
,,,atomIndex,9
,,,atomName,O1
,,,chain,X
,,,resID,1
,,,resName,UNL
,,metrics
,,,distance,1.923470041357546
,,receptorAtoms
,,,atomIndex,1522
,,,atomName,H
,,,chain,X
,,,resID,381
,,,resName,ASP
,closestContacts.3
,,ligandAtoms
,,,atomIndex,11
,,,atomName,H30
,,,chain,X
,,,resID,1
,,,resName,UNL
,,metrics
,,,distance,2.1792239444352655
,,receptorAtoms
,,,atomIndex,618
,,,atomName,SD
,,,chain,X
,,,resID,290
,,,resName,MET
,closestContacts.4
,,ligandAtoms
,,,atomIndex,11
,,,atomName,H30
,,,chain,X
,,,resID,1
,,,resName,UNL
,,metrics
,,,distance,2.0996268716131437
,,receptorAtoms
,,,atomIndex,619
,,,atomName,CE
,,,chain,X
,,,resID,290
,,,resName,MET
,closestContacts.5
,,ligandAtoms
,,,atomIndex,31
,,,atomName,O2
,,,chain,X
,,,resID,1
,,,resName,UNL
,,metrics
,,,distance,2.4969535438209496
,,receptorAtoms
,,,atomIndex,1521
,,,atomName,OD2
,,,chain,X
,,,resID,381
,,,resName,ASP
,closestContacts.6
,,ligandAtoms
,,,atomIndex,32
,,,atomName,H29
,,,chain,X
,,,resID,1
,,,resName,UNL
,,metrics
,,,distance,2.1110883449064843
,,receptorAtoms
,,,atomIndex,1521
,,,atomName,OD2
,,,chain,X
,,,resID,381
,,,resName,ASP
,closestContacts.7
,,ligandAtoms
,,,atomIndex,52
,,,atomName,F6
,,,chain,X
,,,resID,1
,,,resName,UNL
,,metrics
,,,distance,1.8589981172663954
,,receptorAtoms
,,,atomIndex,9351
,,,atomName,1HD2
,,,chain,X
,,,resID,322
,,,resName,ASN
electrostaticEnergies
,C_C,0
,C_F,0
,C_HH,0
,C_N,0
,C_NN,0
,C_OO,0
,C_SS,0
,F_HH,0
,F_N,0
,F_OO,0
,HH_HH,0
,HH_N,0
,HH_OO,0
,HH_SS,0
,N_OO,0
,N_SS,0
,OO_OO,0
halogenBonds
,halogenBonds.1
,,ligandAtoms
,,,ligandAtoms.1
,,,,atomIndex,18
,,,,atomName,C22
,,,,chain,X
,,,,resID,1
,,,,resName,UNL
,,,ligandAtoms.2
,,,,atomIndex,20
,,,,atomName,F2
,,,,chain,X
,,,,resID,1
,,,,resName,UNL
,,metrics
,,,angle,24.89537868784609
,,,distance,5.4942731093384864
,,receptorAtoms
,,,atomIndex,572
,,,atomName,O
,,,chain,X
,,,resID,285
,,,resName,LYS
,halogenBonds.2
,,ligandAtoms
,,,ligandAtoms.1
,,,,atomIndex,18
,,,,atomName,C22
,,,,chain,X
,,,,resID,1
,,,,resName,UNL
,,,ligandAtoms.2
,,,,atomIndex,20
,,,,atomName,F2
,,,,chain,X
,,,,resID,1
,,,,resName,UNL
,,metrics
,,,angle,32.25145017531213
,,,distance,4.381130561852728
,,receptorAtoms
,,,atomIndex,585
,,,atomName,O
,,,chain,X
,,,resID,286
,,,resName,GLU
,halogenBonds.3
,,ligandAtoms
,,,ligandAtoms.1
,,,,atomIndex,49
,,,,atomName,C31
,,,,chain,X
,,,,resID,1
,,,,resName,UNL
,,,ligandAtoms.2
,,,,atomIndex,51
,,,,atomName,F5
,,,,chain,X
,,,,resID,1
,,,,resName,UNL
,,metrics
,,,angle,36.27727097864107
,,,distance,5.224147298842176
,,receptorAtoms
,,,atomIndex,218
,,,atomName,O
,,,chain,X
,,,resID,248
,,,resName,LEU
,halogenBonds.4
,,ligandAtoms
,,,ligandAtoms.1
,,,,atomIndex,49
,,,,atomName,C31
,,,,chain,X
,,,,resID,1
,,,,resName,UNL
,,,ligandAtoms.2
,,,,atomIndex,52
,,,,atomName,F6
,,,,chain,X
,,,,resID,1
,,,,resName,UNL
,,metrics
,,,angle,18.20339436336343
,,,distance,4.997943877235917
,,receptorAtoms
,,,atomIndex,262
,,,atomName,OH
,,,chain,X
,,,resID,253
,,,resName,TYR
hydrogenBonds
,ligandAtoms
,,atomIndex,9
,,atomName,O1
,,chain,X
,,resID,1
,,resName,UNL
,metrics
,,angle,21.39325205377864
,,distance,2.886842392649796
,receptorAtoms
,,receptorAtoms.1
,,,atomIndex,1514
,,,atomName,N
,,,chain,X
,,,resID,381
,,,resName,ASP
,,receptorAtoms.2
,,,atomIndex,1522
,,,atomName,H
,,,chain,X
,,,resID,381
,,,resName,ASP
hydrophobicContacts
,hydrophobicContacts.1
,,ligandAtoms
,,,atomIndex,1
,,,atomName,C1
,,,chain,X
,,,resID,1
,,,resName,UNL
,,metrics
,,,distance,3.345518494942153
,,receptorAtoms
,,,atomIndex,417
,,,atomName,C
,,,chain,X
,,,resID,269
,,,resName,ALA
,hydrophobicContacts.2
,,ligandAtoms
,,,atomIndex,1
,,,atomName,C1
,,,chain,X
,,,resID,1
,,,resName,UNL
,,metrics
,,,distance,3.4565527625077554
,,receptorAtoms
,,,atomIndex,419
,,,atomName,CB
,,,chain,X
,,,resID,269
,,,resName,ALA
,hydrophobicContacts.3
,,ligandAtoms
,,,atomIndex,1
,,,atomName,C1
,,,chain,X
,,,resID,1
,,,resName,UNL
,,metrics
,,,distance,3.9844082371162712
,,receptorAtoms
,,,atomIndex,422
,,,atomName,CA
,,,chain,X
,,,resID,270
,,,resName,VAL
,hydrophobicContacts.4
,,ligandAtoms
,,,atomIndex,1
,,,atomName,C1
,,,chain,X
,,,resID,1
,,,resName,UNL
,,metrics
,,,distance,3.6514023333508456
,,receptorAtoms
,,,atomIndex,863
,,,atomName,CG1
,,,chain,X
,,,resID,315
,,,resName,ILE
,hydrophobicContacts.5
,,ligandAtoms
,,,atomIndex,2
,,,atomName,C2
,,,chain,X
,,,resID,1
,,,resName,UNL
,,metrics
,,,distance,3.6452624048208113
,,receptorAtoms
,,,atomIndex,863
,,,atomName,CG1
,,,chain,X
,,,resID,315
,,,resName,ILE
,hydrophobicContacts.6
,,ligandAtoms
,,,atomIndex,2
,,,atomName,C2
,,,chain,X
,,,resID,1
,,,resName,UNL
,,metrics
,,,distance,3.9026730583024762
,,receptorAtoms
,,,atomIndex,865
,,,atomName,CD1
,,,chain,X
,,,resID,315
,,,resName,ILE
,hydrophobicContacts.7
,,ligandAtoms
,,,atomIndex,3
,,,atomName,C3
,,,chain,X
,,,resID,1
,,,resName,UNL
,,metrics
,,,distance,3.767669969623136
,,receptorAtoms
,,,atomIndex,863
,,,atomName,CG1
,,,chain,X
,,,resID,315
,,,resName,ILE
,hydrophobicContacts.8
,,ligandAtoms
,,,atomIndex,3
,,,atomName,C3
,,,chain,X
,,,resID,1
,,,resName,UNL
,,metrics
,,,distance,3.4707491986601395
,,receptorAtoms
,,,atomIndex,865
,,,atomName,CD1
,,,chain,X
,,,resID,315
,,,resName,ILE
,hydrophobicContacts.9
,,ligandAtoms
,,,atomIndex,3
,,,atomName,C3
,,,chain,X
,,,resID,1
,,,resName,UNL
,,metrics
,,,distance,3.7180368475850254
,,receptorAtoms
,,,atomIndex,1532
,,,atomName,CE2
,,,chain,X
,,,resID,382
,,,resName,PHE
,hydrophobicContacts.10
,,ligandAtoms
,,,atomIndex,4
,,,atomName,C4
,,,chain,X
,,,resID,1
,,,resName,UNL
,,metrics
,,,distance,3.8241490556723856
,,receptorAtoms
,,,atomIndex,865
,,,atomName,CD1
,,,chain,X
,,,resID,315
,,,resName,ILE
,hydrophobicContacts.11
,,ligandAtoms
,,,atomIndex,4
,,,atomName,C4
,,,chain,X
,,,resID,1
,,,resName,UNL
,,metrics
,,,distance,3.6279572764849375
,,receptorAtoms
,,,atomIndex,1532
,,,atomName,CE2
,,,chain,X
,,,resID,382
,,,resName,PHE
,hydrophobicContacts.12
,,ligandAtoms
,,,atomIndex,4
,,,atomName,C4
,,,chain,X
,,,resID,1
,,,resName,UNL
,,metrics
,,,distance,3.961183661483018
,,receptorAtoms
,,,atomIndex,1533
,,,atomName,CZ
,,,chain,X
,,,resID,382
,,,resName,PHE
,hydrophobicContacts.13
,,ligandAtoms
,,,atomIndex,5
,,,atomName,C5
,,,chain,X
,,,resID,1
,,,resName,UNL
,,metrics
,,,distance,3.921967235967174
,,receptorAtoms
,,,atomIndex,619
,,,atomName,CE
,,,chain,X
,,,resID,290
,,,resName,MET
,hydrophobicContacts.14
,,ligandAtoms
,,,atomIndex,6
,,,atomName,C6
,,,chain,X
,,,resID,1
,,,resName,UNL
,,metrics
,,,distance,3.390608942358289
,,receptorAtoms
,,,atomIndex,619
,,,atomName,CE
,,,chain,X
,,,resID,290
,,,resName,MET
,hydrophobicContacts.15
,,ligandAtoms
,,,atomIndex,6
,,,atomName,C6
,,,chain,X
,,,resID,1
,,,resName,UNL
,,metrics
,,,distance,3.8363281924256674
,,receptorAtoms
,,,atomIndex,846
,,,atomName,CG2
,,,chain,X
,,,resID,313
,,,resName,ILE
,hydrophobicContacts.16
,,ligandAtoms
,,,atomIndex,7
,,,atomName,C7
,,,chain,X
,,,resID,1
,,,resName,UNL
,,metrics
,,,distance,3.6392463505511685
,,receptorAtoms
,,,atomIndex,846
,,,atomName,CG2
,,,chain,X
,,,resID,313
,,,resName,ILE
,hydrophobicContacts.17
,,ligandAtoms
,,,atomIndex,7
,,,atomName,C7
,,,chain,X
,,,resID,1
,,,resName,UNL
,,metrics
,,,distance,3.833856674420681
,,receptorAtoms
,,,atomIndex,864
,,,atomName,CG2
,,,chain,X
,,,resID,315
,,,resName,ILE
,hydrophobicContacts.18
,,ligandAtoms
,,,atomIndex,8
,,,atomName,C8
,,,chain,X
,,,resID,1
,,,resName,UNL
,,metrics
,,,distance,3.9864492973070664
,,receptorAtoms
,,,atomIndex,619
,,,atomName,CE
,,,chain,X
,,,resID,290
,,,resName,MET
,hydrophobicContacts.19
,,ligandAtoms
,,,atomIndex,12
,,,atomName,C9
,,,chain,X
,,,resID,1
,,,resName,UNL
,,metrics
,,,distance,3.49489813871592
,,receptorAtoms
,,,atomIndex,617
,,,atomName,CG
,,,chain,X
,,,resID,290
,,,resName,MET
,hydrophobicContacts.20
,,ligandAtoms
,,,atomIndex,12
,,,atomName,C9
,,,chain,X
,,,resID,1
,,,resName,UNL
,,metrics
,,,distance,3.7475950955245945
,,receptorAtoms
,,,atomIndex,619
,,,atomName,CE
,,,chain,X
,,,resID,290
,,,resName,MET
,hydrophobicContacts.21
,,ligandAtoms
,,,atomIndex,12
,,,atomName,C9
,,,chain,X
,,,resID,1
,,,resName,UNL
,,metrics
,,,distance,3.9761600822904497
,,receptorAtoms
,,,atomIndex,711
,,,atomName,CG2
,,,chain,X
,,,resID,299
,,,resName,VAL
,hydrophobicContacts.22
,,ligandAtoms
,,,atomIndex,13
,,,atomName,C10
,,,chain,X
,,,resID,1
,,,resName,UNL
,,metrics
,,,distance,3.518531796076312
,,receptorAtoms
,,,atomIndex,587
,,,atomName,CG
,,,chain,X
,,,resID,286
,,,resName,GLU
,hydrophobicContacts.23
,,ligandAtoms
,,,atomIndex,13
,,,atomName,C10
,,,chain,X
,,,resID,1
,,,resName,UNL
,,metrics
,,,distance,3.8078311412141157
,,receptorAtoms
,,,atomIndex,588
,,,atomName,CD
,,,chain,X
,,,resID,286
,,,resName,GLU
,hydrophobicContacts.24
,,ligandAtoms
,,,atomIndex,13
,,,atomName,C10
,,,chain,X
,,,resID,1
,,,resName,UNL
,,metrics
,,,distance,3.4786300464406965
,,receptorAtoms
,,,atomIndex,617
,,,atomName,CG
,,,chain,X
,,,resID,290
,,,resName,MET
,hydrophobicContacts.25
,,ligandAtoms
,,,atomIndex,14
,,,atomName,C11
,,,chain,X
,,,resID,1
,,,resName,UNL
,,metrics
,,,distance,3.9882619021323067
,,receptorAtoms
,,,atomIndex,617
,,,atomName,CG
,,,chain,X
,,,resID,290
,,,resName,MET
,hydrophobicContacts.26
,,ligandAtoms
,,,atomIndex,17
,,,atomName,C14
,,,chain,X
,,,resID,1
,,,resName,UNL
,,metrics
,,,distance,3.990657715214374
,,receptorAtoms
,,,atomIndex,617
,,,atomName,CG
,,,chain,X
,,,resID,290
,,,resName,MET
,hydrophobicContacts.27
,,ligandAtoms
,,,atomIndex,17
,,,atomName,C14
,,,chain,X
,,,resID,1
,,,resName,UNL
,,metrics
,,,distance,3.2317588090697598
,,receptorAtoms
,,,atomIndex,711
,,,atomName,CG2
,,,chain,X
,,,resID,299
,,,resName,VAL
,hydrophobicContacts.28
,,ligandAtoms
,,,atomIndex,18
,,,atomName,C22
,,,chain,X
,,,resID,1
,,,resName,UNL
,,metrics
,,,distance,3.9016896339919187
,,receptorAtoms
,,,atomIndex,587
,,,atomName,CG
,,,chain,X
,,,resID,286
,,,resName,GLU
,hydrophobicContacts.29
,,ligandAtoms
,,,atomIndex,18
,,,atomName,C22
,,,chain,X
,,,resID,1
,,,resName,UNL
,,metrics
,,,distance,3.9890221859498354
,,receptorAtoms
,,,atomIndex,608
,,,atomName,CB
,,,chain,X
,,,resID,289
,,,resName,VAL
,hydrophobicContacts.30
,,ligandAtoms
,,,atomIndex,18
,,,atomName,C22
,,,chain,X
,,,resID,1
,,,resName,UNL
,,metrics
,,,distance,3.7188430996749515
,,receptorAtoms
,,,atomIndex,609
,,,atomName,CG1
,,,chain,X
,,,resID,289
,,,resName,VAL
,hydrophobicContacts.31
,,ligandAtoms
,,,atomIndex,22
,,,atomName,C15
,,,chain,X
,,,resID,1
,,,resName,UNL
,,metrics
,,,distance,3.4895790577088235
,,receptorAtoms
,,,atomIndex,609
,,,atomName,CG1
,,,chain,X
,,,resID,289
,,,resName,VAL
,hydrophobicContacts.32
,,ligandAtoms
,,,atomIndex,22
,,,atomName,C15
,,,chain,X
,,,resID,1
,,,resName,UNL
,,metrics
,,,distance,3.547131376196828
,,receptorAtoms
,,,atomIndex,651
,,,atomName,CD1
,,,chain,X
,,,resID,293
,,,resName,ILE
,hydrophobicContacts.33
,,ligandAtoms
,,,atomIndex,24
,,,atomName,C16
,,,chain,X
,,,resID,1
,,,resName,UNL
,,metrics
,,,distance,3.725647057894776
,,receptorAtoms
,,,atomIndex,1320
,,,atomName,CA
,,,chain,X
,,,resID,361
,,,resName,HIE
,hydrophobicContacts.34
,,ligandAtoms
,,,atomIndex,25
,,,atomName,C17
,,,chain,X
,,,resID,1
,,,resName,UNL
,,metrics
,,,distance,3.734189871980266
,,receptorAtoms
,,,atomIndex,1312
,,,atomName,C
,,,chain,X
,,,resID,360
,,,resName,ILE
,hydrophobicContacts.35
,,ligandAtoms
,,,atomIndex,25
,,,atomName,C17
,,,chain,X
,,,resID,1
,,,resName,UNL
,,metrics
,,,distance,3.60591375382163
,,receptorAtoms
,,,atomIndex,1320
,,,atomName,CA
,,,chain,X
,,,resID,361
,,,resName,HIE
,hydrophobicContacts.36
,,ligandAtoms
,,,atomIndex,27
,,,atomName,C18
,,,chain,X
,,,resID,1
,,,resName,UNL
,,metrics
,,,distance,3.751408935320168
,,receptorAtoms
,,,atomIndex,1320
,,,atomName,CA
,,,chain,X
,,,resID,361
,,,resName,HIE
,hydrophobicContacts.37
,,ligandAtoms
,,,atomIndex,27
,,,atomName,C18
,,,chain,X
,,,resID,1
,,,resName,UNL
,,metrics
,,,distance,3.7423596834083166
,,receptorAtoms
,,,atomIndex,1321
,,,atomName,C
,,,chain,X
,,,resID,361
,,,resName,HIE
,hydrophobicContacts.38
,,ligandAtoms
,,,atomIndex,27
,,,atomName,C18
,,,chain,X
,,,resID,1
,,,resName,UNL
,,metrics
,,,distance,3.9635098082381477
,,receptorAtoms
,,,atomIndex,1324
,,,atomName,CG
,,,chain,X
,,,resID,361
,,,resName,HIE
,hydrophobicContacts.39
,,ligandAtoms
,,,atomIndex,27
,,,atomName,C18
,,,chain,X
,,,resID,1
,,,resName,UNL
,,metrics
,,,distance,3.9874325072657983
,,receptorAtoms
,,,atomIndex,1327
,,,atomName,CE1
,,,chain,X
,,,resID,361
,,,resName,HIE
,hydrophobicContacts.40
,,ligandAtoms
,,,atomIndex,27
,,,atomName,C18
,,,chain,X
,,,resID,1
,,,resName,UNL
,,metrics
,,,distance,3.6438980501655105
,,receptorAtoms
,,,atomIndex,1518
,,,atomName,CB
,,,chain,X
,,,resID,381
,,,resName,ASP
,hydrophobicContacts.41
,,ligandAtoms
,,,atomIndex,27
,,,atomName,C18
,,,chain,X
,,,resID,1
,,,resName,UNL
,,metrics
,,,distance,3.6694193001073083
,,receptorAtoms
,,,atomIndex,1519
,,,atomName,CG
,,,chain,X
,,,resID,381
,,,resName,ASP
,hydrophobicContacts.42
,,ligandAtoms
,,,atomIndex,28
,,,atomName,C19
,,,chain,X
,,,resID,1
,,,resName,UNL
,,metrics
,,,distance,3.809944619020071
,,receptorAtoms
,,,atomIndex,1325
,,,atomName,CD2
,,,chain,X
,,,resID,361
,,,resName,HIE
,hydrophobicContacts.43
,,ligandAtoms
,,,atomIndex,28
,,,atomName,C19
,,,chain,X
,,,resID,1
,,,resName,UNL
,,metrics
,,,distance,3.386144267452289
,,receptorAtoms
,,,atomIndex,1518
,,,atomName,CB
,,,chain,X
,,,resID,381
,,,resName,ASP
,hydrophobicContacts.44
,,ligandAtoms
,,,atomIndex,29
,,,atomName,C20
,,,chain,X
,,,resID,1
,,,resName,UNL
,,metrics
,,,distance,3.7097486437762868
,,receptorAtoms
,,,atomIndex,1321
,,,atomName,C
,,,chain,X
,,,resID,361
,,,resName,HIE
,hydrophobicContacts.45
,,ligandAtoms
,,,atomIndex,33
,,,atomName,C23
,,,chain,X
,,,resID,1
,,,resName,UNL
,,metrics
,,,distance,3.8830063095493412
,,receptorAtoms
,,,atomIndex,863
,,,atomName,CG1
,,,chain,X
,,,resID,315
,,,resName,ILE
,hydrophobicContacts.46
,,ligandAtoms
,,,atomIndex,33
,,,atomName,C23
,,,chain,X
,,,resID,1
,,,resName,UNL
,,metrics
,,,distance,3.49797841617126
,,receptorAtoms
,,,atomIndex,865
,,,atomName,CD1
,,,chain,X
,,,resID,315
,,,resName,ILE
,hydrophobicContacts.47
,,ligandAtoms
,,,atomIndex,33
,,,atomName,C23
,,,chain,X
,,,resID,1
,,,resName,UNL
,,metrics
,,,distance,3.2737518232144605
,,receptorAtoms
,,,atomIndex,1532
,,,atomName,CE2
,,,chain,X
,,,resID,382
,,,resName,PHE
,hydrophobicContacts.48
,,ligandAtoms
,,,atomIndex,33
,,,atomName,C23
,,,chain,X
,,,resID,1
,,,resName,UNL
,,metrics
,,,distance,3.5518706339054646
,,receptorAtoms
,,,atomIndex,1533
,,,atomName,CZ
,,,chain,X
,,,resID,382
,,,resName,PHE
,hydrophobicContacts.49
,,ligandAtoms
,,,atomIndex,34
,,,atomName,C24
,,,chain,X
,,,resID,1
,,,resName,UNL
,,metrics
,,,distance,3.674878773510767
,,receptorAtoms
,,,atomIndex,419
,,,atomName,CB
,,,chain,X
,,,resID,269
,,,resName,ALA
,hydrophobicContacts.50
,,ligandAtoms
,,,atomIndex,34
,,,atomName,C24
,,,chain,X
,,,resID,1
,,,resName,UNL
,,metrics
,,,distance,3.9435863119754333
,,receptorAtoms
,,,atomIndex,865
,,,atomName,CD1
,,,chain,X
,,,resID,315
,,,resName,ILE
,hydrophobicContacts.51
,,ligandAtoms
,,,atomIndex,34
,,,atomName,C24
,,,chain,X
,,,resID,1
,,,resName,UNL
,,metrics
,,,distance,3.3574068862739876
,,receptorAtoms
,,,atomIndex,1532
,,,atomName,CE2
,,,chain,X
,,,resID,382
,,,resName,PHE
,hydrophobicContacts.52
,,ligandAtoms
,,,atomIndex,34
,,,atomName,C24
,,,chain,X
,,,resID,1
,,,resName,UNL
,,metrics
,,,distance,3.3984462626323815
,,receptorAtoms
,,,atomIndex,1533
,,,atomName,CZ
,,,chain,X
,,,resID,382
,,,resName,PHE
,hydrophobicContacts.53
,,ligandAtoms
,,,atomIndex,35
,,,atomName,C25
,,,chain,X
,,,resID,1
,,,resName,UNL
,,metrics
,,,distance,3.7511256977072907
,,receptorAtoms
,,,atomIndex,419
,,,atomName,CB
,,,chain,X
,,,resID,269
,,,resName,ALA
,hydrophobicContacts.54
,,ligandAtoms
,,,atomIndex,35
,,,atomName,C25
,,,chain,X
,,,resID,1
,,,resName,UNL
,,metrics
,,,distance,3.8630243333429832
,,receptorAtoms
,,,atomIndex,1421
,,,atomName,CD2
,,,chain,X
,,,resID,370
,,,resName,LEU
,hydrophobicContacts.55
,,ligandAtoms
,,,atomIndex,35
,,,atomName,C25
,,,chain,X
,,,resID,1
,,,resName,UNL
,,metrics
,,,distance,3.954981289462692
,,receptorAtoms
,,,atomIndex,1532
,,,atomName,CE2
,,,chain,X
,,,resID,382
,,,resName,PHE
,hydrophobicContacts.56
,,ligandAtoms
,,,atomIndex,35
,,,atomName,C25
,,,chain,X
,,,resID,1
,,,resName,UNL
,,metrics
,,,distance,3.741896177073863
,,receptorAtoms
,,,atomIndex,1533
,,,atomName,CZ
,,,chain,X
,,,resID,382
,,,resName,PHE
,hydrophobicContacts.57
,,ligandAtoms
,,,atomIndex,36
,,,atomName,C26
,,,chain,X
,,,resID,1
,,,resName,UNL
,,metrics
,,,distance,3.5442220585059294
,,receptorAtoms
,,,atomIndex,419
,,,atomName,CB
,,,chain,X
,,,resID,269
,,,resName,ALA
,hydrophobicContacts.58
,,ligandAtoms
,,,atomIndex,38
,,,atomName,C27
,,,chain,X
,,,resID,1
,,,resName,UNL
,,metrics
,,,distance,3.6246489485190145
,,receptorAtoms
,,,atomIndex,1421
,,,atomName,CD2
,,,chain,X
,,,resID,370
,,,resName,LEU
,hydrophobicContacts.59
,,ligandAtoms
,,,atomIndex,39
,,,atomName,C32
,,,chain,X
,,,resID,1
,,,resName,UNL
,,metrics
,,,distance,3.6830154764811946
,,receptorAtoms
,,,atomIndex,883
,,,atomName,CD1
,,,chain,X
,,,resID,317
,,,resName,PHE
,hydrophobicContacts.60
,,ligandAtoms
,,,atomIndex,39
,,,atomName,C32
,,,chain,X
,,,resID,1
,,,resName,UNL
,,metrics
,,,distance,3.531734134954103
,,receptorAtoms
,,,atomIndex,885
,,,atomName,CE1
,,,chain,X
,,,resID,317
,,,resName,PHE
,hydrophobicContacts.61
,,ligandAtoms
,,,atomIndex,39
,,,atomName,C32
,,,chain,X
,,,resID,1
,,,resName,UNL
,,metrics
,,,distance,3.785279117845871
,,receptorAtoms
,,,atomIndex,887
,,,atomName,CZ
,,,chain,X
,,,resID,317
,,,resName,PHE
,hydrophobicContacts.62
,,ligandAtoms
,,,atomIndex,39
,,,atomName,C32
,,,chain,X
,,,resID,1
,,,resName,UNL
,,metrics
,,,distance,3.7574311703609418
,,receptorAtoms
,,,atomIndex,891
,,,atomName,C
,,,chain,X
,,,resID,318
,,,resName,MET
,hydrophobicContacts.63
,,ligandAtoms
,,,atomIndex,40
,,,atomName,C28
,,,chain,X
,,,resID,1
,,,resName,UNL
,,metrics
,,,distance,3.996338824474222
,,receptorAtoms
,,,atomIndex,922
,,,atomName,CA
,,,chain,X
,,,resID,321
,,,resName,GLY
,hydrophobicContacts.64
,,ligandAtoms
,,,atomIndex,44
,,,atomName,C29
,,,chain,X
,,,resID,1
,,,resName,UNL
,,metrics
,,,distance,3.4724404962504405
,,receptorAtoms
,,,atomIndex,922
,,,atomName,CA
,,,chain,X
,,,resID,321
,,,resName,GLY
,hydrophobicContacts.65
,,ligandAtoms
,,,atomIndex,49
,,,atomName,C31
,,,chain,X
,,,resID,1
,,,resName,UNL
,,metrics
,,,distance,3.6358463938951
,,receptorAtoms
,,,atomIndex,225
,,,atomName,CA
,,,chain,X
,,,resID,249
,,,resName,GLY
,hydrophobicContacts.66
,,ligandAtoms
,,,atomIndex,49
,,,atomName,C31
,,,chain,X
,,,resID,1
,,,resName,UNL
,,metrics
,,,distance,3.789949076175036
,,receptorAtoms
,,,atomIndex,257
,,,atomName,CD1
,,,chain,X
,,,resID,253
,,,resName,TYR
,hydrophobicContacts.67
,,ligandAtoms
,,,atomIndex,49
,,,atomName,C31
,,,chain,X
,,,resID,1
,,,resName,UNL
,,metrics
,,,distance,3.9240445970962154
,,receptorAtoms
,,,atomIndex,259
,,,atomName,CE1
,,,chain,X
,,,resID,253
,,,resName,TYR
ligandAtomTypes
,C,32
,F,6
,HH,5
,N,7
,OO,2
metalCoordinations,none
piPiStackingInteractions,none
saltBridges
,ligandAtoms
,,ligandAtoms.1
,,,atomIndex,26
,,,atomName,N3
,,,chain,X
,,,resID,1
,,,resName,UNL
,,ligandAtoms.2
,,,atomIndex,25
,,,atomName,C17
,,,chain,X
,,,resID,1
,,,resName,UNL
,,ligandAtoms.3
,,,atomIndex,27
,,,atomName,C18
,,,chain,X
,,,resID,1
,,,resName,UNL
,,ligandAtoms.4
,,,atomIndex,29
,,,atomName,C20
,,,chain,X
,,,resID,1
,,,resName,UNL
,metrics
,,distance,4.851382792565434
,receptorAtoms
,,receptorAtoms.1
,,,atomIndex,1519
,,,atomName,CG
,,,chain,X
,,,resID,381
,,,resName,ASP
,,receptorAtoms.2
,,,atomIndex,1520
,,,atomName,OD1
,,,chain,X
,,,resID,381
,,,resName,ASP
,,receptorAtoms.3
,,,atomIndex,1521
,,,atomName,OD2
,,,chain,X
,,,resID,381
,,,resName,ASP
tStackingInteractions
,tStackingInteractions.1
,,ligandAtoms
,,,ligandAtoms.1
,,,,atomIndex,40
,,,,atomName,C28
,,,,chain,X
,,,,resID,1
,,,,resName,UNL
,,,ligandAtoms.2
,,,,atomIndex,42
,,,,atomName,N6
,,,,chain,X
,,,,resID,1
,,,,resName,UNL
,,,ligandAtoms.3
,,,,atomIndex,44
,,,,atomName,C29
,,,,chain,X
,,,,resID,1
,,,,resName,UNL
,,,ligandAtoms.4
,,,,atomIndex,46
,,,,atomName,C30
,,,,chain,X
,,,,resID,1
,,,,resName,UNL
,,,ligandAtoms.5
,,,,atomIndex,43
,,,,atomName,N7
,,,,chain,X
,,,,resID,1
,,,,resName,UNL
,,metrics
,,,angle,81.72404234891503
,,,distance,4.464178087845512
,,receptorAtoms
,,,receptorAtoms.1
,,,,atomIndex,256
,,,,atomName,CG
,,,,chain,X
,,,,resID,253
,,,,resName,TYR
,,,receptorAtoms.2
,,,,atomIndex,257
,,,,atomName,CD1
,,,,chain,X
,,,,resID,253
,,,,resName,TYR
,,,receptorAtoms.3
,,,,atomIndex,259
,,,,atomName,CE1
,,,,chain,X
,,,,resID,253
,,,,resName,TYR
,,,receptorAtoms.4
,,,,atomIndex,261
,,,,atomName,CZ
,,,,chain,X
,,,,resID,253
,,,,resName,TYR
,,,receptorAtoms.5
,,,,atomIndex,260
,,,,atomName,CE2
,,,,chain,X
,,,,resID,253
,,,,resName,TYR
,,,receptorAtoms.6
,,,,atomIndex,258
,,,,atomName,CD2
,,,,chain,X
,,,,resID,253
,,,,resName,TYR
,tStackingInteractions.2
,,ligandAtoms
,,,ligandAtoms.1
,,,,atomIndex,42
,,,,atomName,N6
,,,,chain,X
,,,,resID,1
,,,,resName,UNL
,,,ligandAtoms.2
,,,,atomIndex,40
,,,,atomName,C28
,,,,chain,X
,,,,resID,1
,,,,resName,UNL
,,,ligandAtoms.3
,,,,atomIndex,43
,,,,atomName,N7
,,,,chain,X
,,,,resID,1
,,,,resName,UNL
,,,ligandAtoms.4
,,,,atomIndex,46
,,,,atomName,C30
,,,,chain,X
,,,,resID,1
,,,,resName,UNL
,,,ligandAtoms.5
,,,,atomIndex,44
,,,,atomName,C29
,,,,chain,X
,,,,resID,1
,,,,resName,UNL
,,metrics
,,,angle,81.75218837522196
,,,distance,6.2098078875276
,,receptorAtoms
,,,receptorAtoms.1
,,,,atomIndex,256
,,,,atomName,CG
,,,,chain,X
,,,,resID,253
,,,,resName,TYR
,,,receptorAtoms.2
,,,,atomIndex,257
,,,,atomName,CD1
,,,,chain,X
,,,,resID,253
,,,,resName,TYR
,,,receptorAtoms.3
,,,,atomIndex,259
,,,,atomName,CE1
,,,,chain,X
,,,,resID,253
,,,,resName,TYR
,,,receptorAtoms.4
,,,,atomIndex,261
,,,,atomName,CZ
,,,,chain,X
,,,,resID,253
,,,,resName,TYR
,,,receptorAtoms.5
,,,,atomIndex,260
,,,,atomName,CE2
,,,,chain,X
,,,,resID,253
,,,,resName,TYR
,,,receptorAtoms.6
,,,,atomIndex,258
,,,,atomName,CD2
,,,,chain,X
,,,,resID,253
,,,,resName,TYR
,tStackingInteractions.3
,,ligandAtoms
,,,ligandAtoms.1
,,,,atomIndex,43
,,,,atomName,N7
,,,,chain,X
,,,,resID,1
,,,,resName,UNL
,,,ligandAtoms.2
,,,,atomIndex,40
,,,,atomName,C28
,,,,chain,X
,,,,resID,1
,,,,resName,UNL
,,,ligandAtoms.3
,,,,atomIndex,42
,,,,atomName,N6
,,,,chain,X
,,,,resID,1
,,,,resName,UNL
,,,ligandAtoms.4
,,,,atomIndex,44
,,,,atomName,C29
,,,,chain,X
,,,,resID,1
,,,,resName,UNL
,,,ligandAtoms.5
,,,,atomIndex,46
,,,,atomName,C30
,,,,chain,X
,,,,resID,1
,,,,resName,UNL
,,metrics
,,,angle,81.74978502938403
,,,distance,4.879386231894335
,,receptorAtoms
,,,receptorAtoms.1
,,,,atomIndex,256
,,,,atomName,CG
,,,,chain,X
,,,,resID,253
,,,,resName,TYR
,,,receptorAtoms.2
,,,,atomIndex,257
,,,,atomName,CD1
,,,,chain,X
,,,,resID,253
,,,,resName,TYR
,,,receptorAtoms.3
,,,,atomIndex,259
,,,,atomName,CE1
,,,,chain,X
,,,,resID,253
,,,,resName,TYR
,,,receptorAtoms.4
,,,,atomIndex,261
,,,,atomName,CZ
,,,,chain,X
,,,,resID,253
,,,,resName,TYR
,,,receptorAtoms.5
,,,,atomIndex,260
,,,,atomName,CE2
,,,,chain,X
,,,,resID,253
,,,,resName,TYR
,,,receptorAtoms.6
,,,,atomIndex,258
,,,,atomName,CD2
,,,,chain,X
,,,,resID,253
,,,,resName,TYR
,tStackingInteractions.4
,,ligandAtoms
,,,ligandAtoms.1
,,,,atomIndex,44
,,,,atomName,C29
,,,,chain,X
,,,,resID,1
,,,,resName,UNL
,,,ligandAtoms.2
,,,,atomIndex,42
,,,,atomName,N6
,,,,chain,X
,,,,resID,1
,,,,resName,UNL
,,,ligandAtoms.3
,,,,atomIndex,40
,,,,atomName,C28
,,,,chain,X
,,,,resID,1
,,,,resName,UNL
,,,ligandAtoms.4
,,,,atomIndex,43
,,,,atomName,N7
,,,,chain,X
,,,,resID,1
,,,,resName,UNL
,,,ligandAtoms.5
,,,,atomIndex,46
,,,,atomName,C30
,,,,chain,X
,,,,resID,1
,,,,resName,UNL
,,metrics
,,,angle,81.69358489429638
,,,distance,4.879386231894335
,,receptorAtoms
,,,receptorAtoms.1
,,,,atomIndex,256
,,,,atomName,CG
,,,,chain,X
,,,,resID,253
,,,,resName,TYR
,,,receptorAtoms.2
,,,,atomIndex,257
,,,,atomName,CD1
,,,,chain,X
,,,,resID,253
,,,,resName,TYR
,,,receptorAtoms.3
,,,,atomIndex,259
,,,,atomName,CE1
,,,,chain,X
,,,,resID,253
,,,,resName,TYR
,,,receptorAtoms.4
,,,,atomIndex,261
,,,,atomName,CZ
,,,,chain,X
,,,,resID,253
,,,,resName,TYR
,,,receptorAtoms.5
,,,,atomIndex,260
,,,,atomName,CE2
,,,,chain,X
,,,,resID,253
,,,,resName,TYR
,,,receptorAtoms.6
,,,,atomIndex,258
,,,,atomName,CD2
,,,,chain,X
,,,,resID,253
,,,,resName,TYR
,tStackingInteractions.5
,,ligandAtoms
,,,ligandAtoms.1
,,,,atomIndex,46
,,,,atomName,C30
,,,,chain,X
,,,,resID,1
,,,,resName,UNL
,,,ligandAtoms.2
,,,,atomIndex,43
,,,,atomName,N7
,,,,chain,X
,,,,resID,1
,,,,resName,UNL
,,,ligandAtoms.3
,,,,atomIndex,40
,,,,atomName,C28
,,,,chain,X
,,,,resID,1
,,,,resName,UNL
,,,ligandAtoms.4
,,,,atomIndex,42
,,,,atomName,N6
,,,,chain,X
,,,,resID,1
,,,,resName,UNL
,,,ligandAtoms.5
,,,,atomIndex,44
,,,,atomName,C29
,,,,chain,X
,,,,resID,1
,,,,resName,UNL
,,metrics
,,,angle,81.69358489429638
,,,distance,6.2098078875276
,,receptorAtoms
,,,receptorAtoms.1
,,,,atomIndex,256
,,,,atomName,CG
,,,,chain,X
,,,,resID,253
,,,,resName,TYR
,,,receptorAtoms.2
,,,,atomIndex,257
,,,,atomName,CD1
,,,,chain,X
,,,,resID,253
,,,,resName,TYR
,,,receptorAtoms.3
,,,,atomIndex,259
,,,,atomName,CE1
,,,,chain,X
,,,,resID,253
,,,,resName,TYR
,,,receptorAtoms.4
,,,,atomIndex,261
,,,,atomName,CZ
,,,,chain,X
,,,,resID,253
,,,,resName,TYR
,,,receptorAtoms.5
,,,,atomIndex,260
,,,,atomName,CE2
,,,,chain,X
,,,,resID,253
,,,,resName,TYR
,,,receptorAtoms.6
,,,,atomIndex,258
,,,,atomName,CD2
,,,,chain,X
,,,,resID,253
,,,,resName,TYR
