activeSiteFlexibility
,BACKBONE_BETA,32
,BACKBONE_OTHER,32
,SIDECHAIN_ALPHA,25
,SIDECHAIN_BETA,49
,SIDECHAIN_OTHER,54
cationPiInteractions
,ligandAtoms
,,ligandAtoms.1
,,,atomIndex,25
,,,atomName,N5
,,,chain,X
,,,resID,1
,,,resName,UNL
,,ligandAtoms.2
,,,atomIndex,17
,,,atomName,C28
,,,chain,X
,,,resID,1
,,,resName,UNL
,,ligandAtoms.3
,,,atomIndex,26
,,,atomName,H29
,,,chain,X
,,,resID,1
,,,resName,UNL
,,ligandAtoms.4
,,,atomIndex,27
,,,atomName,H30
,,,chain,X
,,,resID,1
,,,resName,UNL
,metrics
,,distance,3.916848506417145
,receptorAtoms
,,receptorAtoms.1
,,,atomIndex,882
,,,atomName,CG
,,,chain,X
,,,resID,317
,,,resName,PHE
,,receptorAtoms.2
,,,atomIndex,883
,,,atomName,CD1
,,,chain,X
,,,resID,317
,,,resName,PHE
,,receptorAtoms.3
,,,atomIndex,885
,,,atomName,CE1
,,,chain,X
,,,resID,317
,,,resName,PHE
,,receptorAtoms.4
,,,atomIndex,887
,,,atomName,CZ
,,,chain,X
,,,resID,317
,,,resName,PHE
,,receptorAtoms.5
,,,atomIndex,886
,,,atomName,CE2
,,,chain,X
,,,resID,317
,,,resName,PHE
,,receptorAtoms.6
,,,atomIndex,884
,,,atomName,CD2
,,,chain,X
,,,resID,317
,,,resName,PHE
closeContacts
,closeContacts.1
,,ligandAtoms
,,,atomIndex,1
,,,atomName,C8
,,,chain,X
,,,resID,1
,,,resName,UNL
,,metrics
,,,distance,3.9264715712710823
,,receptorAtoms
,,,atomIndex,590
,,,atomName,OE2
,,,chain,X
,,,resID,286
,,,resName,GLU
,closeContacts.2
,,ligandAtoms
,,,atomIndex,1
,,,atomName,C8
,,,chain,X
,,,resID,1
,,,resName,UNL
,,metrics
,,,distance,3.662933523830319
,,receptorAtoms
,,,atomIndex,711
,,,atomName,CG2
,,,chain,X
,,,resID,299
,,,resName,VAL
,closeContacts.3
,,ligandAtoms
,,,atomIndex,1
,,,atomName,C8
,,,chain,X
,,,resID,1
,,,resName,UNL
,,metrics
,,,distance,3.751629246074297
,,receptorAtoms
,,,atomIndex,1514
,,,atomName,N
,,,chain,X
,,,resID,381
,,,resName,ASP
,closeContacts.4
,,ligandAtoms
,,,atomIndex,1
,,,atomName,C8
,,,chain,X
,,,resID,1
,,,resName,UNL
,,metrics
,,,distance,3.383529074797496
,,receptorAtoms
,,,atomIndex,1517
,,,atomName,O
,,,chain,X
,,,resID,381
,,,resName,ASP
,closeContacts.5
,,ligandAtoms
,,,atomIndex,1
,,,atomName,C8
,,,chain,X
,,,resID,1
,,,resName,UNL
,,metrics
,,,distance,2.830402444883059
,,receptorAtoms
,,,atomIndex,1522
,,,atomName,H
,,,chain,X
,,,resID,381
,,,resName,ASP
,closeContacts.6
,,ligandAtoms
,,,atomIndex,2
,,,atomName,O1
,,,chain,X
,,,resID,1
,,,resName,UNL
,,metrics
,,,distance,3.7994227193088155
,,receptorAtoms
,,,atomIndex,709
,,,atomName,CB
,,,chain,X
,,,resID,299
,,,resName,VAL
,closeContacts.7
,,ligandAtoms
,,,atomIndex,2
,,,atomName,O1
,,,chain,X
,,,resID,1
,,,resName,UNL
,,metrics
,,,distance,3.606549181697096
,,receptorAtoms
,,,atomIndex,710
,,,atomName,CG1
,,,chain,X
,,,resID,299
,,,resName,VAL
,closeContacts.8
,,ligandAtoms
,,,atomIndex,2
,,,atomName,O1
,,,chain,X
,,,resID,1
,,,resName,UNL
,,metrics
,,,distance,3.0001459964475057
,,receptorAtoms
,,,atomIndex,711
,,,atomName,CG2
,,,chain,X
,,,resID,299
,,,resName,VAL
,closeContacts.9
,,ligandAtoms
,,,atomIndex,2
,,,atomName,O1
,,,chain,X
,,,resID,1
,,,resName,UNL
,,metrics
,,,distance,3.3568870996802964
,,receptorAtoms
,,,atomIndex,1509
,,,atomName,CA
,,,chain,X
,,,resID,380
,,,resName,ALA
,closeContacts.10
,,ligandAtoms
,,,atomIndex,2
,,,atomName,O1
,,,chain,X
,,,resID,1
,,,resName,UNL
,,metrics
,,,distance,3.6859720563238128
,,receptorAtoms
,,,atomIndex,1510
,,,atomName,C
,,,chain,X
,,,resID,380
,,,resName,ALA
,closeContacts.11
,,ligandAtoms
,,,atomIndex,2
,,,atomName,O1
,,,chain,X
,,,resID,1
,,,resName,UNL
,,metrics
,,,distance,3.257635645679238
,,receptorAtoms
,,,atomIndex,1512
,,,atomName,CB
,,,chain,X
,,,resID,380
,,,resName,ALA
,closeContacts.12
,,ligandAtoms
,,,atomIndex,2
,,,atomName,O1
,,,chain,X
,,,resID,1
,,,resName,UNL
,,metrics
,,,distance,3.1431996436752154
,,receptorAtoms
,,,atomIndex,1514
,,,atomName,N
,,,chain,X
,,,resID,381
,,,resName,ASP
,closeContacts.13
,,ligandAtoms
,,,atomIndex,2
,,,atomName,O1
,,,chain,X
,,,resID,1
,,,resName,UNL
,,metrics
,,,distance,3.7207500587919102
,,receptorAtoms
,,,atomIndex,1517
,,,atomName,O
,,,chain,X
,,,resID,381
,,,resName,ASP
,closeContacts.14
,,ligandAtoms
,,,atomIndex,2
,,,atomName,O1
,,,chain,X
,,,resID,1
,,,resName,UNL
,,metrics
,,,distance,2.2906850503724865
,,receptorAtoms
,,,atomIndex,1522
,,,atomName,H
,,,chain,X
,,,resID,381
,,,resName,ASP
,closeContacts.15
,,ligandAtoms
,,,atomIndex,3
,,,atomName,N1
,,,chain,X
,,,resID,1
,,,resName,UNL
,,metrics
,,,distance,3.910679097036728
,,receptorAtoms
,,,atomIndex,588
,,,atomName,CD
,,,chain,X
,,,resID,286
,,,resName,GLU
,closeContacts.16
,,ligandAtoms
,,,atomIndex,3
,,,atomName,N1
,,,chain,X
,,,resID,1
,,,resName,UNL
,,metrics
,,,distance,2.8162920658198787
,,receptorAtoms
,,,atomIndex,590
,,,atomName,OE2
,,,chain,X
,,,resID,286
,,,resName,GLU
,closeContacts.17
,,ligandAtoms
,,,atomIndex,3
,,,atomName,N1
,,,chain,X
,,,resID,1
,,,resName,UNL
,,metrics
,,,distance,3.7469953295941005
,,receptorAtoms
,,,atomIndex,618
,,,atomName,SD
,,,chain,X
,,,resID,290
,,,resName,MET
,closeContacts.18
,,ligandAtoms
,,,atomIndex,3
,,,atomName,N1
,,,chain,X
,,,resID,1
,,,resName,UNL
,,metrics
,,,distance,3.0693968462875567
,,receptorAtoms
,,,atomIndex,1517
,,,atomName,O
,,,chain,X
,,,resID,381
,,,resName,ASP
,closeContacts.19
,,ligandAtoms
,,,atomIndex,3
,,,atomName,N1
,,,chain,X
,,,resID,1
,,,resName,UNL
,,metrics
,,,distance,3.2944137566492766
,,receptorAtoms
,,,atomIndex,1522
,,,atomName,H
,,,chain,X
,,,resID,381
,,,resName,ASP
,closeContacts.20
,,ligandAtoms
,,,atomIndex,4
,,,atomName,H28
,,,chain,X
,,,resID,1
,,,resName,UNL
,,metrics
,,,distance,3.735524862720096
,,receptorAtoms
,,,atomIndex,587
,,,atomName,CG
,,,chain,X
,,,resID,286
,,,resName,GLU
,closeContacts.21
,,ligandAtoms
,,,atomIndex,4
,,,atomName,H28
,,,chain,X
,,,resID,1
,,,resName,UNL
,,metrics
,,,distance,3.0631983285448556
,,receptorAtoms
,,,atomIndex,588
,,,atomName,CD
,,,chain,X
,,,resID,286
,,,resName,GLU
,closeContacts.22
,,ligandAtoms
,,,atomIndex,4
,,,atomName,H28
,,,chain,X
,,,resID,1
,,,resName,UNL
,,metrics
,,,distance,1.8866292693584499
,,receptorAtoms
,,,atomIndex,590
,,,atomName,OE2
,,,chain,X
,,,resID,286
,,,resName,GLU
,closeContacts.23
,,ligandAtoms
,,,atomIndex,4
,,,atomName,H28
,,,chain,X
,,,resID,1
,,,resName,UNL
,,metrics
,,,distance,3.5470479275025313
,,receptorAtoms
,,,atomIndex,618
,,,atomName,SD
,,,chain,X
,,,resID,290
,,,resName,MET
,closeContacts.24
,,ligandAtoms
,,,atomIndex,4
,,,atomName,H28
,,,chain,X
,,,resID,1
,,,resName,UNL
,,metrics
,,,distance,3.2663744427116743
,,receptorAtoms
,,,atomIndex,1517
,,,atomName,O
,,,chain,X
,,,resID,381
,,,resName,ASP
,closeContacts.25
,,ligandAtoms
,,,atomIndex,5
,,,atomName,C5
,,,chain,X
,,,resID,1
,,,resName,UNL
,,metrics
,,,distance,3.88405934558163
,,receptorAtoms
,,,atomIndex,619
,,,atomName,CE
,,,chain,X
,,,resID,290
,,,resName,MET
,closeContacts.26
,,ligandAtoms
,,,atomIndex,5
,,,atomName,C5
,,,chain,X
,,,resID,1
,,,resName,UNL
,,metrics
,,,distance,3.851713514787931
,,receptorAtoms
,,,atomIndex,1522
,,,atomName,H
,,,chain,X
,,,resID,381
,,,resName,ASP
,closeContacts.27
,,ligandAtoms
,,,atomIndex,6
,,,atomName,C4
,,,chain,X
,,,resID,1
,,,resName,UNL
,,metrics
,,,distance,3.699198291522097
,,receptorAtoms
,,,atomIndex,865
,,,atomName,CD1
,,,chain,X
,,,resID,315
,,,resName,ILE
,closeContacts.28
,,ligandAtoms
,,,atomIndex,6
,,,atomName,C4
,,,chain,X
,,,resID,1
,,,resName,UNL
,,metrics
,,,distance,3.748401525984111
,,receptorAtoms
,,,atomIndex,1532
,,,atomName,CE2
,,,chain,X
,,,resID,382
,,,resName,PHE
,closeContacts.29
,,ligandAtoms
,,,atomIndex,6
,,,atomName,C4
,,,chain,X
,,,resID,1
,,,resName,UNL
,,metrics
,,,distance,3.9532740861215294
,,receptorAtoms
,,,atomIndex,1533
,,,atomName,CZ
,,,chain,X
,,,resID,382
,,,resName,PHE
,closeContacts.30
,,ligandAtoms
,,,atomIndex,7
,,,atomName,C3
,,,chain,X
,,,resID,1
,,,resName,UNL
,,metrics
,,,distance,3.747688754419182
,,receptorAtoms
,,,atomIndex,863
,,,atomName,CG1
,,,chain,X
,,,resID,315
,,,resName,ILE
,closeContacts.31
,,ligandAtoms
,,,atomIndex,7
,,,atomName,C3
,,,chain,X
,,,resID,1
,,,resName,UNL
,,metrics
,,,distance,3.3380086878257225
,,receptorAtoms
,,,atomIndex,865
,,,atomName,CD1
,,,chain,X
,,,resID,315
,,,resName,ILE
,closeContacts.32
,,ligandAtoms
,,,atomIndex,7
,,,atomName,C3
,,,chain,X
,,,resID,1
,,,resName,UNL
,,metrics
,,,distance,3.723052242448393
,,receptorAtoms
,,,atomIndex,1532
,,,atomName,CE2
,,,chain,X
,,,resID,382
,,,resName,PHE
,closeContacts.33
,,ligandAtoms
,,,atomIndex,8
,,,atomName,C2
,,,chain,X
,,,resID,1
,,,resName,UNL
,,metrics
,,,distance,3.7060380462159324
,,receptorAtoms
,,,atomIndex,863
,,,atomName,CG1
,,,chain,X
,,,resID,315
,,,resName,ILE
,closeContacts.34
,,ligandAtoms
,,,atomIndex,8
,,,atomName,C2
,,,chain,X
,,,resID,1
,,,resName,UNL
,,metrics
,,,distance,3.845176068790609
,,receptorAtoms
,,,atomIndex,865
,,,atomName,CD1
,,,chain,X
,,,resID,315
,,,resName,ILE
,closeContacts.35
,,ligandAtoms
,,,atomIndex,9
,,,atomName,C1
,,,chain,X
,,,resID,1
,,,resName,UNL
,,metrics
,,,distance,3.6977255171253596
,,receptorAtoms
,,,atomIndex,417
,,,atomName,C
,,,chain,X
,,,resID,269
,,,resName,ALA
,closeContacts.36
,,ligandAtoms
,,,atomIndex,9
,,,atomName,C1
,,,chain,X
,,,resID,1
,,,resName,UNL
,,metrics
,,,distance,3.475402998214739
,,receptorAtoms
,,,atomIndex,418
,,,atomName,O
,,,chain,X
,,,resID,269
,,,resName,ALA
,closeContacts.37
,,ligandAtoms
,,,atomIndex,9
,,,atomName,C1
,,,chain,X
,,,resID,1
,,,resName,UNL
,,metrics
,,,distance,3.759894014463704
,,receptorAtoms
,,,atomIndex,419
,,,atomName,CB
,,,chain,X
,,,resID,269
,,,resName,ALA
,closeContacts.38
,,ligandAtoms
,,,atomIndex,9
,,,atomName,C1
,,,chain,X
,,,resID,1
,,,resName,UNL
,,metrics
,,,distance,3.9248227985477255
,,receptorAtoms
,,,atomIndex,429
,,,atomName,N
,,,chain,X
,,,resID,271
,,,resName,LYS
,closeContacts.39
,,ligandAtoms
,,,atomIndex,9
,,,atomName,C1
,,,chain,X
,,,resID,1
,,,resName,UNL
,,metrics
,,,distance,3.6085716010632236
,,receptorAtoms
,,,atomIndex,438
,,,atomName,H
,,,chain,X
,,,resID,271
,,,resName,LYS
,closeContacts.40
,,ligandAtoms
,,,atomIndex,9
,,,atomName,C1
,,,chain,X
,,,resID,1
,,,resName,UNL
,,metrics
,,,distance,3.918081928699296
,,receptorAtoms
,,,atomIndex,843
,,,atomName,O
,,,chain,X
,,,resID,313
,,,resName,ILE
,closeContacts.41
,,ligandAtoms
,,,atomIndex,9
,,,atomName,C1
,,,chain,X
,,,resID,1
,,,resName,UNL
,,metrics
,,,distance,3.701130232780251
,,receptorAtoms
,,,atomIndex,863
,,,atomName,CG1
,,,chain,X
,,,resID,315
,,,resName,ILE
,closeContacts.42
,,ligandAtoms
,,,atomIndex,9
,,,atomName,C1
,,,chain,X
,,,resID,1
,,,resName,UNL
,,metrics
,,,distance,3.618911576703691
,,receptorAtoms
,,,atomIndex,866
,,,atomName,H
,,,chain,X
,,,resID,315
,,,resName,ILE
,closeContacts.43
,,ligandAtoms
,,,atomIndex,10
,,,atomName,C7
,,,chain,X
,,,resID,1
,,,resName,UNL
,,metrics
,,,distance,3.939114240536824
,,receptorAtoms
,,,atomIndex,619
,,,atomName,CE
,,,chain,X
,,,resID,290
,,,resName,MET
,closeContacts.44
,,ligandAtoms
,,,atomIndex,10
,,,atomName,C7
,,,chain,X
,,,resID,1
,,,resName,UNL
,,metrics
,,,distance,3.722752476327158
,,receptorAtoms
,,,atomIndex,846
,,,atomName,CG2
,,,chain,X
,,,resID,313
,,,resName,ILE
,closeContacts.45
,,ligandAtoms
,,,atomIndex,10
,,,atomName,C7
,,,chain,X
,,,resID,1
,,,resName,UNL
,,metrics
,,,distance,3.898028347767626
,,receptorAtoms
,,,atomIndex,864
,,,atomName,CG2
,,,chain,X
,,,resID,315
,,,resName,ILE
,closeContacts.46
,,ligandAtoms
,,,atomIndex,11
,,,atomName,C6
,,,chain,X
,,,resID,1
,,,resName,UNL
,,metrics
,,,distance,3.5051055618911118
,,receptorAtoms
,,,atomIndex,590
,,,atomName,OE2
,,,chain,X
,,,resID,286
,,,resName,GLU
,closeContacts.47
,,ligandAtoms
,,,atomIndex,11
,,,atomName,C6
,,,chain,X
,,,resID,1
,,,resName,UNL
,,metrics
,,,distance,3.595607041933254
,,receptorAtoms
,,,atomIndex,618
,,,atomName,SD
,,,chain,X
,,,resID,290
,,,resName,MET
,closeContacts.48
,,ligandAtoms
,,,atomIndex,11
,,,atomName,C6
,,,chain,X
,,,resID,1
,,,resName,UNL
,,metrics
,,,distance,3.26717676289484
,,receptorAtoms
,,,atomIndex,619
,,,atomName,CE
,,,chain,X
,,,resID,290
,,,resName,MET
,closeContacts.49
,,ligandAtoms
,,,atomIndex,12
,,,atomName,C23
,,,chain,X
,,,resID,1
,,,resName,UNL
,,metrics
,,,distance,3.779555264842677
,,receptorAtoms
,,,atomIndex,863
,,,atomName,CG1
,,,chain,X
,,,resID,315
,,,resName,ILE
,closeContacts.50
,,ligandAtoms
,,,atomIndex,12
,,,atomName,C23
,,,chain,X
,,,resID,1
,,,resName,UNL
,,metrics
,,,distance,3.3107478007241804
,,receptorAtoms
,,,atomIndex,865
,,,atomName,CD1
,,,chain,X
,,,resID,315
,,,resName,ILE
,closeContacts.51
,,ligandAtoms
,,,atomIndex,12
,,,atomName,C23
,,,chain,X
,,,resID,1
,,,resName,UNL
,,metrics
,,,distance,3.3213143482663603
,,receptorAtoms
,,,atomIndex,1532
,,,atomName,CE2
,,,chain,X
,,,resID,382
,,,resName,PHE
,closeContacts.52
,,ligandAtoms
,,,atomIndex,12
,,,atomName,C23
,,,chain,X
,,,resID,1
,,,resName,UNL
,,metrics
,,,distance,3.5248992893414703
,,receptorAtoms
,,,atomIndex,1533
,,,atomName,CZ
,,,chain,X
,,,resID,382
,,,resName,PHE
,closeContacts.53
,,ligandAtoms
,,,atomIndex,13
,,,atomName,C24
,,,chain,X
,,,resID,1
,,,resName,UNL
,,metrics
,,,distance,3.737915060565181
,,receptorAtoms
,,,atomIndex,419
,,,atomName,CB
,,,chain,X
,,,resID,269
,,,resName,ALA
,closeContacts.54
,,ligandAtoms
,,,atomIndex,13
,,,atomName,C24
,,,chain,X
,,,resID,1
,,,resName,UNL
,,metrics
,,,distance,3.7382217697723608
,,receptorAtoms
,,,atomIndex,865
,,,atomName,CD1
,,,chain,X
,,,resID,315
,,,resName,ILE
,closeContacts.55
,,ligandAtoms
,,,atomIndex,13
,,,atomName,C24
,,,chain,X
,,,resID,1
,,,resName,UNL
,,metrics
,,,distance,3.8313926971794476
,,receptorAtoms
,,,atomIndex,1420
,,,atomName,CD1
,,,chain,X
,,,resID,370
,,,resName,LEU
,closeContacts.56
,,ligandAtoms
,,,atomIndex,13
,,,atomName,C24
,,,chain,X
,,,resID,1
,,,resName,UNL
,,metrics
,,,distance,3.438815202944176
,,receptorAtoms
,,,atomIndex,1532
,,,atomName,CE2
,,,chain,X
,,,resID,382
,,,resName,PHE
,closeContacts.57
,,ligandAtoms
,,,atomIndex,13
,,,atomName,C24
,,,chain,X
,,,resID,1
,,,resName,UNL
,,metrics
,,,distance,3.4205721743591386
,,receptorAtoms
,,,atomIndex,1533
,,,atomName,CZ
,,,chain,X
,,,resID,382
,,,resName,PHE
,closeContacts.58
,,ligandAtoms
,,,atomIndex,14
,,,atomName,C25
,,,chain,X
,,,resID,1
,,,resName,UNL
,,metrics
,,,distance,3.705471360029652
,,receptorAtoms
,,,atomIndex,419
,,,atomName,CB
,,,chain,X
,,,resID,269
,,,resName,ALA
,closeContacts.59
,,ligandAtoms
,,,atomIndex,14
,,,atomName,C25
,,,chain,X
,,,resID,1
,,,resName,UNL
,,metrics
,,,distance,3.8626686370953442
,,receptorAtoms
,,,atomIndex,1420
,,,atomName,CD1
,,,chain,X
,,,resID,370
,,,resName,LEU
,closeContacts.60
,,ligandAtoms
,,,atomIndex,14
,,,atomName,C25
,,,chain,X
,,,resID,1
,,,resName,UNL
,,metrics
,,,distance,3.8308068340755588
,,receptorAtoms
,,,atomIndex,1421
,,,atomName,CD2
,,,chain,X
,,,resID,370
,,,resName,LEU
,closeContacts.61
,,ligandAtoms
,,,atomIndex,14
,,,atomName,C25
,,,chain,X
,,,resID,1
,,,resName,UNL
,,metrics
,,,distance,3.816212913347472
,,receptorAtoms
,,,atomIndex,1533
,,,atomName,CZ
,,,chain,X
,,,resID,382
,,,resName,PHE
,closeContacts.62
,,ligandAtoms
,,,atomIndex,15
,,,atomName,C26
,,,chain,X
,,,resID,1
,,,resName,UNL
,,metrics
,,,distance,3.5562703777975044
,,receptorAtoms
,,,atomIndex,1421
,,,atomName,CD2
,,,chain,X
,,,resID,370
,,,resName,LEU
,closeContacts.63
,,ligandAtoms
,,,atomIndex,15
,,,atomName,C26
,,,chain,X
,,,resID,1
,,,resName,UNL
,,metrics
,,,distance,3.748205570669784
,,receptorAtoms
,,,atomIndex,1532
,,,atomName,CE2
,,,chain,X
,,,resID,382
,,,resName,PHE
,closeContacts.64
,,ligandAtoms
,,,atomIndex,15
,,,atomName,C26
,,,chain,X
,,,resID,1
,,,resName,UNL
,,metrics
,,,distance,3.4681062555809916
,,receptorAtoms
,,,atomIndex,1533
,,,atomName,CZ
,,,chain,X
,,,resID,382
,,,resName,PHE
,closeContacts.65
,,ligandAtoms
,,,atomIndex,16
,,,atomName,C27
,,,chain,X
,,,resID,1
,,,resName,UNL
,,metrics
,,,distance,3.6499754793696906
,,receptorAtoms
,,,atomIndex,1421
,,,atomName,CD2
,,,chain,X
,,,resID,370
,,,resName,LEU
,closeContacts.66
,,ligandAtoms
,,,atomIndex,17
,,,atomName,C28
,,,chain,X
,,,resID,1
,,,resName,UNL
,,metrics
,,,distance,3.7948287181373552
,,receptorAtoms
,,,atomIndex,892
,,,atomName,O
,,,chain,X
,,,resID,318
,,,resName,MET
,closeContacts.67
,,ligandAtoms
,,,atomIndex,17
,,,atomName,C28
,,,chain,X
,,,resID,1
,,,resName,UNL
,,metrics
,,,distance,3.299898634806833
,,receptorAtoms
,,,atomIndex,897
,,,atomName,H
,,,chain,X
,,,resID,318
,,,resName,MET
,closeContacts.68
,,ligandAtoms
,,,atomIndex,18
,,,atomName,N4
,,,chain,X
,,,resID,1
,,,resName,UNL
,,metrics
,,,distance,3.898787760317302
,,receptorAtoms
,,,atomIndex,883
,,,atomName,CD1
,,,chain,X
,,,resID,317
,,,resName,PHE
,closeContacts.69
,,ligandAtoms
,,,atomIndex,18
,,,atomName,N4
,,,chain,X
,,,resID,1
,,,resName,UNL
,,metrics
,,,distance,3.2318200754373683
,,receptorAtoms
,,,atomIndex,889
,,,atomName,N
,,,chain,X
,,,resID,318
,,,resName,MET
,closeContacts.70
,,ligandAtoms
,,,atomIndex,18
,,,atomName,N4
,,,chain,X
,,,resID,1
,,,resName,UNL
,,metrics
,,,distance,3.7097506654760504
,,receptorAtoms
,,,atomIndex,892
,,,atomName,O
,,,chain,X
,,,resID,318
,,,resName,MET
,closeContacts.71
,,ligandAtoms
,,,atomIndex,18
,,,atomName,N4
,,,chain,X
,,,resID,1
,,,resName,UNL
,,metrics
,,,distance,2.227230118330838
,,receptorAtoms
,,,atomIndex,897
,,,atomName,H
,,,chain,X
,,,resID,318
,,,resName,MET
,closeContacts.72
,,ligandAtoms
,,,atomIndex,19
,,,atomName,C29
,,,chain,X
,,,resID,1
,,,resName,UNL
,,metrics
,,,distance,3.418922783567948
,,receptorAtoms
,,,atomIndex,419
,,,atomName,CB
,,,chain,X
,,,resID,269
,,,resName,ALA
,closeContacts.73
,,ligandAtoms
,,,atomIndex,19
,,,atomName,C29
,,,chain,X
,,,resID,1
,,,resName,UNL
,,metrics
,,,distance,3.838945949085504
,,receptorAtoms
,,,atomIndex,889
,,,atomName,N
,,,chain,X
,,,resID,318
,,,resName,MET
,closeContacts.74
,,ligandAtoms
,,,atomIndex,19
,,,atomName,C29
,,,chain,X
,,,resID,1
,,,resName,UNL
,,metrics
,,,distance,2.898899273862409
,,receptorAtoms
,,,atomIndex,897
,,,atomName,H
,,,chain,X
,,,resID,318
,,,resName,MET
,closeContacts.75
,,ligandAtoms
,,,atomIndex,20
,,,atomName,H4
,,,chain,X
,,,resID,1
,,,resName,UNL
,,metrics
,,,distance,3.274012981037187
,,receptorAtoms
,,,atomIndex,878
,,,atomName,CA
,,,chain,X
,,,resID,317
,,,resName,PHE
,closeContacts.76
,,ligandAtoms
,,,atomIndex,20
,,,atomName,H4
,,,chain,X
,,,resID,1
,,,resName,UNL
,,metrics
,,,distance,3.2076765734718338
,,receptorAtoms
,,,atomIndex,879
,,,atomName,C
,,,chain,X
,,,resID,317
,,,resName,PHE
,closeContacts.77
,,ligandAtoms
,,,atomIndex,20
,,,atomName,H4
,,,chain,X
,,,resID,1
,,,resName,UNL
,,metrics
,,,distance,3.898029630467168
,,receptorAtoms
,,,atomIndex,881
,,,atomName,CB
,,,chain,X
,,,resID,317
,,,resName,PHE
,closeContacts.78
,,ligandAtoms
,,,atomIndex,20
,,,atomName,H4
,,,chain,X
,,,resID,1
,,,resName,UNL
,,metrics
,,,distance,3.4252313790458024
,,receptorAtoms
,,,atomIndex,882
,,,atomName,CG
,,,chain,X
,,,resID,317
,,,resName,PHE
,closeContacts.79
,,ligandAtoms
,,,atomIndex,20
,,,atomName,H4
,,,chain,X
,,,resID,1
,,,resName,UNL
,,metrics
,,,distance,3.3298079524200808
,,receptorAtoms
,,,atomIndex,883
,,,atomName,CD1
,,,chain,X
,,,resID,317
,,,resName,PHE
,closeContacts.80
,,ligandAtoms
,,,atomIndex,20
,,,atomName,H4
,,,chain,X
,,,resID,1
,,,resName,UNL
,,metrics
,,,distance,3.900947833539948
,,receptorAtoms
,,,atomIndex,884
,,,atomName,CD2
,,,chain,X
,,,resID,317
,,,resName,PHE
,closeContacts.81
,,ligandAtoms
,,,atomIndex,20
,,,atomName,H4
,,,chain,X
,,,resID,1
,,,resName,UNL
,,metrics
,,,distance,3.7532063625652157
,,receptorAtoms
,,,atomIndex,885
,,,atomName,CE1
,,,chain,X
,,,resID,317
,,,resName,PHE
,closeContacts.82
,,ligandAtoms
,,,atomIndex,20
,,,atomName,H4
,,,chain,X
,,,resID,1
,,,resName,UNL
,,metrics
,,,distance,2.3297695164972865
,,receptorAtoms
,,,atomIndex,889
,,,atomName,N
,,,chain,X
,,,resID,318
,,,resName,MET
,closeContacts.83
,,ligandAtoms
,,,atomIndex,20
,,,atomName,H4
,,,chain,X
,,,resID,1
,,,resName,UNL
,,metrics
,,,distance,3.2977175439991826
,,receptorAtoms
,,,atomIndex,890
,,,atomName,CA
,,,chain,X
,,,resID,318
,,,resName,MET
,closeContacts.84
,,ligandAtoms
,,,atomIndex,20
,,,atomName,H4
,,,chain,X
,,,resID,1
,,,resName,UNL
,,metrics
,,,distance,3.5508797501464335
,,receptorAtoms
,,,atomIndex,891
,,,atomName,C
,,,chain,X
,,,resID,318
,,,resName,MET
,closeContacts.85
,,ligandAtoms
,,,atomIndex,20
,,,atomName,H4
,,,chain,X
,,,resID,1
,,,resName,UNL
,,metrics
,,,distance,3.087206018392684
,,receptorAtoms
,,,atomIndex,892
,,,atomName,O
,,,chain,X
,,,resID,318
,,,resName,MET
,closeContacts.86
,,ligandAtoms
,,,atomIndex,20
,,,atomName,H4
,,,chain,X
,,,resID,1
,,,resName,UNL
,,metrics
,,,distance,3.6199012417467964
,,receptorAtoms
,,,atomIndex,893
,,,atomName,CB
,,,chain,X
,,,resID,318
,,,resName,MET
,closeContacts.87
,,ligandAtoms
,,,atomIndex,20
,,,atomName,H4
,,,chain,X
,,,resID,1
,,,resName,UNL
,,metrics
,,,distance,1.3432665409366826
,,receptorAtoms
,,,atomIndex,897
,,,atomName,H
,,,chain,X
,,,resID,318
,,,resName,MET
,closeContacts.88
,,ligandAtoms
,,,atomIndex,22
,,,atomName,N6
,,,chain,X
,,,resID,1
,,,resName,UNL
,,metrics
,,,distance,3.85053775465194
,,receptorAtoms
,,,atomIndex,922
,,,atomName,CA
,,,chain,X
,,,resID,321
,,,resName,GLY
,closeContacts.89
,,ligandAtoms
,,,atomIndex,22
,,,atomName,N6
,,,chain,X
,,,resID,1
,,,resName,UNL
,,metrics
,,,distance,3.997121339163974
,,receptorAtoms
,,,atomIndex,934
,,,atomName,H
,,,chain,X
,,,resID,322
,,,resName,ASN
,closeContacts.90
,,ligandAtoms
,,,atomIndex,23
,,,atomName,H31
,,,chain,X
,,,resID,1
,,,resName,UNL
,,metrics
,,,distance,3.6876171167842244
,,receptorAtoms
,,,atomIndex,934
,,,atomName,H
,,,chain,X
,,,resID,322
,,,resName,ASN
,closeContacts.91
,,ligandAtoms
,,,atomIndex,23
,,,atomName,H31
,,,chain,X
,,,resID,1
,,,resName,UNL
,,metrics
,,,distance,3.7806371156195353
,,receptorAtoms
,,,atomIndex,9351
,,,atomName,1HD2
,,,chain,X
,,,resID,322
,,,resName,ASN
,closeContacts.92
,,ligandAtoms
,,,atomIndex,24
,,,atomName,H6
,,,chain,X
,,,resID,1
,,,resName,UNL
,,metrics
,,,distance,3.7303820179708143
,,receptorAtoms
,,,atomIndex,922
,,,atomName,CA
,,,chain,X
,,,resID,321
,,,resName,GLY
,closeContacts.93
,,ligandAtoms
,,,atomIndex,25
,,,atomName,N5
,,,chain,X
,,,resID,1
,,,resName,UNL
,,metrics
,,,distance,3.564703353716827
,,receptorAtoms
,,,atomIndex,885
,,,atomName,CE1
,,,chain,X
,,,resID,317
,,,resName,PHE
,closeContacts.94
,,ligandAtoms
,,,atomIndex,25
,,,atomName,N5
,,,chain,X
,,,resID,1
,,,resName,UNL
,,metrics
,,,distance,3.637791362901396
,,receptorAtoms
,,,atomIndex,887
,,,atomName,CZ
,,,chain,X
,,,resID,317
,,,resName,PHE
,closeContacts.95
,,ligandAtoms
,,,atomIndex,25
,,,atomName,N5
,,,chain,X
,,,resID,1
,,,resName,UNL
,,metrics
,,,distance,3.085476138296973
,,receptorAtoms
,,,atomIndex,892
,,,atomName,O
,,,chain,X
,,,resID,318
,,,resName,MET
,closeContacts.96
,,ligandAtoms
,,,atomIndex,25
,,,atomName,N5
,,,chain,X
,,,resID,1
,,,resName,UNL
,,metrics
,,,distance,3.5728410264102157
,,receptorAtoms
,,,atomIndex,897
,,,atomName,H
,,,chain,X
,,,resID,318
,,,resName,MET
,closeContacts.97
,,ligandAtoms
,,,atomIndex,25
,,,atomName,N5
,,,chain,X
,,,resID,1
,,,resName,UNL
,,metrics
,,,distance,3.9390814919216885
,,receptorAtoms
,,,atomIndex,921
,,,atomName,N
,,,chain,X
,,,resID,321
,,,resName,GLY
,closeContacts.98
,,ligandAtoms
,,,atomIndex,25
,,,atomName,N5
,,,chain,X
,,,resID,1
,,,resName,UNL
,,metrics
,,,distance,3.63595874564055
,,receptorAtoms
,,,atomIndex,922
,,,atomName,CA
,,,chain,X
,,,resID,321
,,,resName,GLY
,closeContacts.99
,,ligandAtoms
,,,atomIndex,25
,,,atomName,N5
,,,chain,X
,,,resID,1
,,,resName,UNL
,,metrics
,,,distance,3.507934720031147
,,receptorAtoms
,,,atomIndex,925
,,,atomName,H
,,,chain,X
,,,resID,321
,,,resName,GLY
,closeContacts.100
,,ligandAtoms
,,,atomIndex,26
,,,atomName,H29
,,,chain,X
,,,resID,1
,,,resName,UNL
,,metrics
,,,distance,3.801397243119955
,,receptorAtoms
,,,atomIndex,882
,,,atomName,CG
,,,chain,X
,,,resID,317
,,,resName,PHE
,closeContacts.101
,,ligandAtoms
,,,atomIndex,26
,,,atomName,H29
,,,chain,X
,,,resID,1
,,,resName,UNL
,,metrics
,,,distance,3.154984627537826
,,receptorAtoms
,,,atomIndex,883
,,,atomName,CD1
,,,chain,X
,,,resID,317
,,,resName,PHE
,closeContacts.102
,,ligandAtoms
,,,atomIndex,26
,,,atomName,H29
,,,chain,X
,,,resID,1
,,,resName,UNL
,,metrics
,,,distance,3.901739740167199
,,receptorAtoms
,,,atomIndex,884
,,,atomName,CD2
,,,chain,X
,,,resID,317
,,,resName,PHE
,closeContacts.103
,,ligandAtoms
,,,atomIndex,26
,,,atomName,H29
,,,chain,X
,,,resID,1
,,,resName,UNL
,,metrics
,,,distance,2.539905706911184
,,receptorAtoms
,,,atomIndex,885
,,,atomName,CE1
,,,chain,X
,,,resID,317
,,,resName,PHE
,closeContacts.104
,,ligandAtoms
,,,atomIndex,26
,,,atomName,H29
,,,chain,X
,,,resID,1
,,,resName,UNL
,,metrics
,,,distance,3.418395822604515
,,receptorAtoms
,,,atomIndex,886
,,,atomName,CE2
,,,chain,X
,,,resID,317
,,,resName,PHE
,closeContacts.105
,,ligandAtoms
,,,atomIndex,26
,,,atomName,H29
,,,chain,X
,,,resID,1
,,,resName,UNL
,,metrics
,,,distance,2.7120267329065926
,,receptorAtoms
,,,atomIndex,887
,,,atomName,CZ
,,,chain,X
,,,resID,317
,,,resName,PHE
,closeContacts.106
,,ligandAtoms
,,,atomIndex,26
,,,atomName,H29
,,,chain,X
,,,resID,1
,,,resName,UNL
,,metrics
,,,distance,3.245439569611489
,,receptorAtoms
,,,atomIndex,892
,,,atomName,O
,,,chain,X
,,,resID,318
,,,resName,MET
,closeContacts.107
,,ligandAtoms
,,,atomIndex,26
,,,atomName,H29
,,,chain,X
,,,resID,1
,,,resName,UNL
,,metrics
,,,distance,3.5049370893070253
,,receptorAtoms
,,,atomIndex,897
,,,atomName,H
,,,chain,X
,,,resID,318
,,,resName,MET
,closeContacts.108
,,ligandAtoms
,,,atomIndex,27
,,,atomName,H30
,,,chain,X
,,,resID,1
,,,resName,UNL
,,metrics
,,,distance,3.9078866411399398
,,receptorAtoms
,,,atomIndex,885
,,,atomName,CE1
,,,chain,X
,,,resID,317
,,,resName,PHE
,closeContacts.109
,,ligandAtoms
,,,atomIndex,27
,,,atomName,H30
,,,chain,X
,,,resID,1
,,,resName,UNL
,,metrics
,,,distance,3.966009203216755
,,receptorAtoms
,,,atomIndex,886
,,,atomName,CE2
,,,chain,X
,,,resID,317
,,,resName,PHE
,closeContacts.110
,,ligandAtoms
,,,atomIndex,27
,,,atomName,H30
,,,chain,X
,,,resID,1
,,,resName,UNL
,,metrics
,,,distance,3.7252154300120695
,,receptorAtoms
,,,atomIndex,887
,,,atomName,CZ
,,,chain,X
,,,resID,317
,,,resName,PHE
,closeContacts.111
,,ligandAtoms
,,,atomIndex,27
,,,atomName,H30
,,,chain,X
,,,resID,1
,,,resName,UNL
,,metrics
,,,distance,3.780559482404688
,,receptorAtoms
,,,atomIndex,889
,,,atomName,N
,,,chain,X
,,,resID,318
,,,resName,MET
,closeContacts.112
,,ligandAtoms
,,,atomIndex,27
,,,atomName,H30
,,,chain,X
,,,resID,1
,,,resName,UNL
,,metrics
,,,distance,3.9177487157805317
,,receptorAtoms
,,,atomIndex,890
,,,atomName,CA
,,,chain,X
,,,resID,318
,,,resName,MET
,closeContacts.113
,,ligandAtoms
,,,atomIndex,27
,,,atomName,H30
,,,chain,X
,,,resID,1
,,,resName,UNL
,,metrics
,,,distance,3.2600443248520405
,,receptorAtoms
,,,atomIndex,891
,,,atomName,C
,,,chain,X
,,,resID,318
,,,resName,MET
,closeContacts.114
,,ligandAtoms
,,,atomIndex,27
,,,atomName,H30
,,,chain,X
,,,resID,1
,,,resName,UNL
,,metrics
,,,distance,2.1097343434660214
,,receptorAtoms
,,,atomIndex,892
,,,atomName,O
,,,chain,X
,,,resID,318
,,,resName,MET
,closeContacts.115
,,ligandAtoms
,,,atomIndex,27
,,,atomName,H30
,,,chain,X
,,,resID,1
,,,resName,UNL
,,metrics
,,,distance,3.141675508387204
,,receptorAtoms
,,,atomIndex,897
,,,atomName,H
,,,chain,X
,,,resID,318
,,,resName,MET
,closeContacts.116
,,ligandAtoms
,,,atomIndex,27
,,,atomName,H30
,,,chain,X
,,,resID,1
,,,resName,UNL
,,metrics
,,,distance,3.2488488730625815
,,receptorAtoms
,,,atomIndex,921
,,,atomName,N
,,,chain,X
,,,resID,321
,,,resName,GLY
,closeContacts.117
,,ligandAtoms
,,,atomIndex,27
,,,atomName,H30
,,,chain,X
,,,resID,1
,,,resName,UNL
,,metrics
,,,distance,3.254345402688536
,,receptorAtoms
,,,atomIndex,922
,,,atomName,CA
,,,chain,X
,,,resID,321
,,,resName,GLY
,closeContacts.118
,,ligandAtoms
,,,atomIndex,27
,,,atomName,H30
,,,chain,X
,,,resID,1
,,,resName,UNL
,,metrics
,,,distance,2.6491375955204757
,,receptorAtoms
,,,atomIndex,925
,,,atomName,H
,,,chain,X
,,,resID,321
,,,resName,GLY
,closeContacts.119
,,ligandAtoms
,,,atomIndex,28
,,,atomName,C9
,,,chain,X
,,,resID,1
,,,resName,UNL
,,metrics
,,,distance,3.300725526304785
,,receptorAtoms
,,,atomIndex,590
,,,atomName,OE2
,,,chain,X
,,,resID,286
,,,resName,GLU
,closeContacts.120
,,ligandAtoms
,,,atomIndex,28
,,,atomName,C9
,,,chain,X
,,,resID,1
,,,resName,UNL
,,metrics
,,,distance,3.8720196280494235
,,receptorAtoms
,,,atomIndex,1514
,,,atomName,N
,,,chain,X
,,,resID,381
,,,resName,ASP
,closeContacts.121
,,ligandAtoms
,,,atomIndex,28
,,,atomName,C9
,,,chain,X
,,,resID,1
,,,resName,UNL
,,metrics
,,,distance,3.2320539908856722
,,receptorAtoms
,,,atomIndex,1517
,,,atomName,O
,,,chain,X
,,,resID,381
,,,resName,ASP
,closeContacts.122
,,ligandAtoms
,,,atomIndex,28
,,,atomName,C9
,,,chain,X
,,,resID,1
,,,resName,UNL
,,metrics
,,,distance,3.7739372013853116
,,receptorAtoms
,,,atomIndex,1518
,,,atomName,CB
,,,chain,X
,,,resID,381
,,,resName,ASP
,closeContacts.123
,,ligandAtoms
,,,atomIndex,28
,,,atomName,C9
,,,chain,X
,,,resID,1
,,,resName,UNL
,,metrics
,,,distance,3.4330986003900326
,,receptorAtoms
,,,atomIndex,1522
,,,atomName,H
,,,chain,X
,,,resID,381
,,,resName,ASP
,closeContacts.124
,,ligandAtoms
,,,atomIndex,29
,,,atomName,C10
,,,chain,X
,,,resID,1
,,,resName,UNL
,,metrics
,,,distance,3.8664085402347212
,,receptorAtoms
,,,atomIndex,1510
,,,atomName,C
,,,chain,X
,,,resID,380
,,,resName,ALA
,closeContacts.125
,,ligandAtoms
,,,atomIndex,29
,,,atomName,C10
,,,chain,X
,,,resID,1
,,,resName,UNL
,,metrics
,,,distance,3.2764384627213734
,,receptorAtoms
,,,atomIndex,1514
,,,atomName,N
,,,chain,X
,,,resID,381
,,,resName,ASP
,closeContacts.126
,,ligandAtoms
,,,atomIndex,29
,,,atomName,C10
,,,chain,X
,,,resID,1
,,,resName,UNL
,,metrics
,,,distance,3.8023211332027174
,,receptorAtoms
,,,atomIndex,1515
,,,atomName,CA
,,,chain,X
,,,resID,381
,,,resName,ASP
,closeContacts.127
,,ligandAtoms
,,,atomIndex,29
,,,atomName,C10
,,,chain,X
,,,resID,1
,,,resName,UNL
,,metrics
,,,distance,3.708572232005196
,,receptorAtoms
,,,atomIndex,1517
,,,atomName,O
,,,chain,X
,,,resID,381
,,,resName,ASP
,closeContacts.128
,,ligandAtoms
,,,atomIndex,29
,,,atomName,C10
,,,chain,X
,,,resID,1
,,,resName,UNL
,,metrics
,,,distance,3.3452032823133484
,,receptorAtoms
,,,atomIndex,1518
,,,atomName,CB
,,,chain,X
,,,resID,381
,,,resName,ASP
,closeContacts.129
,,ligandAtoms
,,,atomIndex,29
,,,atomName,C10
,,,chain,X
,,,resID,1
,,,resName,UNL
,,metrics
,,,distance,3.0591167025793573
,,receptorAtoms
,,,atomIndex,1522
,,,atomName,H
,,,chain,X
,,,resID,381
,,,resName,ASP
,closeContacts.130
,,ligandAtoms
,,,atomIndex,30
,,,atomName,C11
,,,chain,X
,,,resID,1
,,,resName,UNL
,,metrics
,,,distance,3.856285648133446
,,receptorAtoms
,,,atomIndex,1514
,,,atomName,N
,,,chain,X
,,,resID,381
,,,resName,ASP
,closeContacts.131
,,ligandAtoms
,,,atomIndex,30
,,,atomName,C11
,,,chain,X
,,,resID,1
,,,resName,UNL
,,metrics
,,,distance,3.1892113445176378
,,receptorAtoms
,,,atomIndex,1518
,,,atomName,CB
,,,chain,X
,,,resID,381
,,,resName,ASP
,closeContacts.132
,,ligandAtoms
,,,atomIndex,30
,,,atomName,C11
,,,chain,X
,,,resID,1
,,,resName,UNL
,,metrics
,,,distance,3.980162433871261
,,receptorAtoms
,,,atomIndex,1522
,,,atomName,H
,,,chain,X
,,,resID,381
,,,resName,ASP
,closeContacts.133
,,ligandAtoms
,,,atomIndex,31
,,,atomName,C12
,,,chain,X
,,,resID,1
,,,resName,UNL
,,metrics
,,,distance,3.4596395766033203
,,receptorAtoms
,,,atomIndex,1518
,,,atomName,CB
,,,chain,X
,,,resID,381
,,,resName,ASP
,closeContacts.134
,,ligandAtoms
,,,atomIndex,31
,,,atomName,C12
,,,chain,X
,,,resID,1
,,,resName,UNL
,,metrics
,,,distance,3.692316616976394
,,receptorAtoms
,,,atomIndex,1521
,,,atomName,OD2
,,,chain,X
,,,resID,381
,,,resName,ASP
,closeContacts.135
,,ligandAtoms
,,,atomIndex,32
,,,atomName,C13
,,,chain,X
,,,resID,1
,,,resName,UNL
,,metrics
,,,distance,3.857884135118627
,,receptorAtoms
,,,atomIndex,1518
,,,atomName,CB
,,,chain,X
,,,resID,381
,,,resName,ASP
,closeContacts.136
,,ligandAtoms
,,,atomIndex,32
,,,atomName,C13
,,,chain,X
,,,resID,1
,,,resName,UNL
,,metrics
,,,distance,3.7446353627556315
,,receptorAtoms
,,,atomIndex,1521
,,,atomName,OD2
,,,chain,X
,,,resID,381
,,,resName,ASP
,closeContacts.137
,,ligandAtoms
,,,atomIndex,33
,,,atomName,C14
,,,chain,X
,,,resID,1
,,,resName,UNL
,,metrics
,,,distance,3.400562600511862
,,receptorAtoms
,,,atomIndex,587
,,,atomName,CG
,,,chain,X
,,,resID,286
,,,resName,GLU
,closeContacts.138
,,ligandAtoms
,,,atomIndex,33
,,,atomName,C14
,,,chain,X
,,,resID,1
,,,resName,UNL
,,metrics
,,,distance,3.414190094297621
,,receptorAtoms
,,,atomIndex,588
,,,atomName,CD
,,,chain,X
,,,resID,286
,,,resName,GLU
,closeContacts.139
,,ligandAtoms
,,,atomIndex,33
,,,atomName,C14
,,,chain,X
,,,resID,1
,,,resName,UNL
,,metrics
,,,distance,3.020778045471067
,,receptorAtoms
,,,atomIndex,590
,,,atomName,OE2
,,,chain,X
,,,resID,286
,,,resName,GLU
,closeContacts.140
,,ligandAtoms
,,,atomIndex,33
,,,atomName,C14
,,,chain,X
,,,resID,1
,,,resName,UNL
,,metrics
,,,distance,3.742542184130996
,,receptorAtoms
,,,atomIndex,1517
,,,atomName,O
,,,chain,X
,,,resID,381
,,,resName,ASP
,closeContacts.141
,,ligandAtoms
,,,atomIndex,34
,,,atomName,C22
,,,chain,X
,,,resID,1
,,,resName,UNL
,,metrics
,,,distance,3.9964964656558877
,,receptorAtoms
,,,atomIndex,1328
,,,atomName,NE2
,,,chain,X
,,,resID,361
,,,resName,HIE
,closeContacts.142
,,ligandAtoms
,,,atomIndex,34
,,,atomName,C22
,,,chain,X
,,,resID,1
,,,resName,UNL
,,metrics
,,,distance,3.7518897904922524
,,receptorAtoms
,,,atomIndex,1330
,,,atomName,HE2
,,,chain,X
,,,resID,361
,,,resName,HIE
,closeContacts.143
,,ligandAtoms
,,,atomIndex,34
,,,atomName,C22
,,,chain,X
,,,resID,1
,,,resName,UNL
,,metrics
,,,distance,3.906481025168303
,,receptorAtoms
,,,atomIndex,1510
,,,atomName,C
,,,chain,X
,,,resID,380
,,,resName,ALA
,closeContacts.144
,,ligandAtoms
,,,atomIndex,34
,,,atomName,C22
,,,chain,X
,,,resID,1
,,,resName,UNL
,,metrics
,,,distance,3.6713242842331435
,,receptorAtoms
,,,atomIndex,1518
,,,atomName,CB
,,,chain,X
,,,resID,381
,,,resName,ASP
,closeContacts.145
,,ligandAtoms
,,,atomIndex,35
,,,atomName,F1
,,,chain,X
,,,resID,1
,,,resName,UNL
,,metrics
,,,distance,3.777380044422324
,,receptorAtoms
,,,atomIndex,651
,,,atomName,CD1
,,,chain,X
,,,resID,293
,,,resName,ILE
,closeContacts.146
,,ligandAtoms
,,,atomIndex,36
,,,atomName,F2
,,,chain,X
,,,resID,1
,,,resName,UNL
,,metrics
,,,distance,3.901802916601503
,,receptorAtoms
,,,atomIndex,1328
,,,atomName,NE2
,,,chain,X
,,,resID,361
,,,resName,HIE
,closeContacts.147
,,ligandAtoms
,,,atomIndex,36
,,,atomName,F2
,,,chain,X
,,,resID,1
,,,resName,UNL
,,metrics
,,,distance,3.3549335313832964
,,receptorAtoms
,,,atomIndex,1330
,,,atomName,HE2
,,,chain,X
,,,resID,361
,,,resName,HIE
,closeContacts.148
,,ligandAtoms
,,,atomIndex,36
,,,atomName,F2
,,,chain,X
,,,resID,1
,,,resName,UNL
,,metrics
,,,distance,3.9368450566411677
,,receptorAtoms
,,,atomIndex,1502
,,,atomName,C
,,,chain,X
,,,resID,379
,,,resName,VAL
,closeContacts.149
,,ligandAtoms
,,,atomIndex,36
,,,atomName,F2
,,,chain,X
,,,resID,1
,,,resName,UNL
,,metrics
,,,distance,3.751616718162986
,,receptorAtoms
,,,atomIndex,1503
,,,atomName,O
,,,chain,X
,,,resID,379
,,,resName,VAL
,closeContacts.150
,,ligandAtoms
,,,atomIndex,36
,,,atomName,F2
,,,chain,X
,,,resID,1
,,,resName,UNL
,,metrics
,,,distance,3.944251640045295
,,receptorAtoms
,,,atomIndex,1505
,,,atomName,CG1
,,,chain,X
,,,resID,379
,,,resName,VAL
,closeContacts.151
,,ligandAtoms
,,,atomIndex,36
,,,atomName,F2
,,,chain,X
,,,resID,1
,,,resName,UNL
,,metrics
,,,distance,3.746472474208238
,,receptorAtoms
,,,atomIndex,1508
,,,atomName,N
,,,chain,X
,,,resID,380
,,,resName,ALA
,closeContacts.152
,,ligandAtoms
,,,atomIndex,36
,,,atomName,F2
,,,chain,X
,,,resID,1
,,,resName,UNL
,,metrics
,,,distance,3.207521940688791
,,receptorAtoms
,,,atomIndex,1509
,,,atomName,CA
,,,chain,X
,,,resID,380
,,,resName,ALA
,closeContacts.153
,,ligandAtoms
,,,atomIndex,36
,,,atomName,F2
,,,chain,X
,,,resID,1
,,,resName,UNL
,,metrics
,,,distance,3.034604751858138
,,receptorAtoms
,,,atomIndex,1510
,,,atomName,C
,,,chain,X
,,,resID,380
,,,resName,ALA
,closeContacts.154
,,ligandAtoms
,,,atomIndex,36
,,,atomName,F2
,,,chain,X
,,,resID,1
,,,resName,UNL
,,metrics
,,,distance,3.274440562905364
,,receptorAtoms
,,,atomIndex,1511
,,,atomName,O
,,,chain,X
,,,resID,380
,,,resName,ALA
,closeContacts.155
,,ligandAtoms
,,,atomIndex,36
,,,atomName,F2
,,,chain,X
,,,resID,1
,,,resName,UNL
,,metrics
,,,distance,3.4900151862133773
,,receptorAtoms
,,,atomIndex,1514
,,,atomName,N
,,,chain,X
,,,resID,381
,,,resName,ASP
,closeContacts.156
,,ligandAtoms
,,,atomIndex,36
,,,atomName,F2
,,,chain,X
,,,resID,1
,,,resName,UNL
,,metrics
,,,distance,3.94515855194693
,,receptorAtoms
,,,atomIndex,1518
,,,atomName,CB
,,,chain,X
,,,resID,381
,,,resName,ASP
,closeContacts.157
,,ligandAtoms
,,,atomIndex,36
,,,atomName,F2
,,,chain,X
,,,resID,1
,,,resName,UNL
,,metrics
,,,distance,3.800593900958112
,,receptorAtoms
,,,atomIndex,1522
,,,atomName,H
,,,chain,X
,,,resID,381
,,,resName,ASP
,closeContacts.158
,,ligandAtoms
,,,atomIndex,37
,,,atomName,F3
,,,chain,X
,,,resID,1
,,,resName,UNL
,,metrics
,,,distance,3.599934999413184
,,receptorAtoms
,,,atomIndex,1324
,,,atomName,CG
,,,chain,X
,,,resID,361
,,,resName,HIE
,closeContacts.159
,,ligandAtoms
,,,atomIndex,37
,,,atomName,F3
,,,chain,X
,,,resID,1
,,,resName,UNL
,,metrics
,,,distance,2.9162150126491015
,,receptorAtoms
,,,atomIndex,1325
,,,atomName,CD2
,,,chain,X
,,,resID,361
,,,resName,HIE
,closeContacts.160
,,ligandAtoms
,,,atomIndex,37
,,,atomName,F3
,,,chain,X
,,,resID,1
,,,resName,UNL
,,metrics
,,,distance,3.9231417257091286
,,receptorAtoms
,,,atomIndex,1326
,,,atomName,ND1
,,,chain,X
,,,resID,361
,,,resName,HIE
,closeContacts.161
,,ligandAtoms
,,,atomIndex,37
,,,atomName,F3
,,,chain,X
,,,resID,1
,,,resName,UNL
,,metrics
,,,distance,3.5386570899141954
,,receptorAtoms
,,,atomIndex,1327
,,,atomName,CE1
,,,chain,X
,,,resID,361
,,,resName,HIE
,closeContacts.162
,,ligandAtoms
,,,atomIndex,37
,,,atomName,F3
,,,chain,X
,,,resID,1
,,,resName,UNL
,,metrics
,,,distance,2.874942260289761
,,receptorAtoms
,,,atomIndex,1328
,,,atomName,NE2
,,,chain,X
,,,resID,361
,,,resName,HIE
,closeContacts.163
,,ligandAtoms
,,,atomIndex,37
,,,atomName,F3
,,,chain,X
,,,resID,1
,,,resName,UNL
,,metrics
,,,distance,2.910281773299623
,,receptorAtoms
,,,atomIndex,1330
,,,atomName,HE2
,,,chain,X
,,,resID,361
,,,resName,HIE
,closeContacts.164
,,ligandAtoms
,,,atomIndex,37
,,,atomName,F3
,,,chain,X
,,,resID,1
,,,resName,UNL
,,metrics
,,,distance,3.97880145269904
,,receptorAtoms
,,,atomIndex,1510
,,,atomName,C
,,,chain,X
,,,resID,380
,,,resName,ALA
,closeContacts.165
,,ligandAtoms
,,,atomIndex,37
,,,atomName,F3
,,,chain,X
,,,resID,1
,,,resName,UNL
,,metrics
,,,distance,3.661041655048465
,,receptorAtoms
,,,atomIndex,1511
,,,atomName,O
,,,chain,X
,,,resID,380
,,,resName,ALA
,closeContacts.166
,,ligandAtoms
,,,atomIndex,37
,,,atomName,F3
,,,chain,X
,,,resID,1
,,,resName,UNL
,,metrics
,,,distance,3.354592523690471
,,receptorAtoms
,,,atomIndex,1518
,,,atomName,CB
,,,chain,X
,,,resID,381
,,,resName,ASP
,closeContacts.167
,,ligandAtoms
,,,atomIndex,38
,,,atomName,C15
,,,chain,X
,,,resID,1
,,,resName,UNL
,,metrics
,,,distance,3.8132507129744297
,,receptorAtoms
,,,atomIndex,1521
,,,atomName,OD2
,,,chain,X
,,,resID,381
,,,resName,ASP
,closeContacts.168
,,ligandAtoms
,,,atomIndex,39
,,,atomName,N2
,,,chain,X
,,,resID,1
,,,resName,UNL
,,metrics
,,,distance,3.2754353909060696
,,receptorAtoms
,,,atomIndex,609
,,,atomName,CG1
,,,chain,X
,,,resID,289
,,,resName,VAL
,closeContacts.169
,,ligandAtoms
,,,atomIndex,40
,,,atomName,C16
,,,chain,X
,,,resID,1
,,,resName,UNL
,,metrics
,,,distance,3.6933098976392436
,,receptorAtoms
,,,atomIndex,609
,,,atomName,CG1
,,,chain,X
,,,resID,289
,,,resName,VAL
,closeContacts.170
,,ligandAtoms
,,,atomIndex,40
,,,atomName,C16
,,,chain,X
,,,resID,1
,,,resName,UNL
,,metrics
,,,distance,3.8559279038903207
,,receptorAtoms
,,,atomIndex,1313
,,,atomName,O
,,,chain,X
,,,resID,360
,,,resName,ILE
,closeContacts.171
,,ligandAtoms
,,,atomIndex,41
,,,atomName,C17
,,,chain,X
,,,resID,1
,,,resName,UNL
,,metrics
,,,distance,3.790761796789664
,,receptorAtoms
,,,atomIndex,1312
,,,atomName,C
,,,chain,X
,,,resID,360
,,,resName,ILE
,closeContacts.172
,,ligandAtoms
,,,atomIndex,41
,,,atomName,C17
,,,chain,X
,,,resID,1
,,,resName,UNL
,,metrics
,,,distance,2.7241306870265976
,,receptorAtoms
,,,atomIndex,1313
,,,atomName,O
,,,chain,X
,,,resID,360
,,,resName,ILE
,closeContacts.173
,,ligandAtoms
,,,atomIndex,41
,,,atomName,C17
,,,chain,X
,,,resID,1
,,,resName,UNL
,,metrics
,,,distance,3.6471649263503285
,,receptorAtoms
,,,atomIndex,1318
,,,atomName,H
,,,chain,X
,,,resID,360
,,,resName,ILE
,closeContacts.174
,,ligandAtoms
,,,atomIndex,42
,,,atomName,N3
,,,chain,X
,,,resID,1
,,,resName,UNL
,,metrics
,,,distance,3.6558918200625143
,,receptorAtoms
,,,atomIndex,1313
,,,atomName,O
,,,chain,X
,,,resID,360
,,,resName,ILE
,closeContacts.175
,,ligandAtoms
,,,atomIndex,43
,,,atomName,C18
,,,chain,X
,,,resID,1
,,,resName,UNL
,,metrics
,,,distance,3.774471618650748
,,receptorAtoms
,,,atomIndex,608
,,,atomName,CB
,,,chain,X
,,,resID,289
,,,resName,VAL
,closeContacts.176
,,ligandAtoms
,,,atomIndex,43
,,,atomName,C18
,,,chain,X
,,,resID,1
,,,resName,UNL
,,metrics
,,,distance,3.5476471075911706
,,receptorAtoms
,,,atomIndex,609
,,,atomName,CG1
,,,chain,X
,,,resID,289
,,,resName,VAL
,closeContacts.177
,,ligandAtoms
,,,atomIndex,43
,,,atomName,C18
,,,chain,X
,,,resID,1
,,,resName,UNL
,,metrics
,,,distance,3.093436600287777
,,receptorAtoms
,,,atomIndex,610
,,,atomName,CG2
,,,chain,X
,,,resID,289
,,,resName,VAL
,closeContacts.178
,,ligandAtoms
,,,atomIndex,44
,,,atomName,C19
,,,chain,X
,,,resID,1
,,,resName,UNL
,,metrics
,,,distance,3.5619601345326704
,,receptorAtoms
,,,atomIndex,608
,,,atomName,CB
,,,chain,X
,,,resID,289
,,,resName,VAL
,closeContacts.179
,,ligandAtoms
,,,atomIndex,44
,,,atomName,C19
,,,chain,X
,,,resID,1
,,,resName,UNL
,,metrics
,,,distance,3.1286872646527004
,,receptorAtoms
,,,atomIndex,609
,,,atomName,CG1
,,,chain,X
,,,resID,289
,,,resName,VAL
,closeContacts.180
,,ligandAtoms
,,,atomIndex,44
,,,atomName,C19
,,,chain,X
,,,resID,1
,,,resName,UNL
,,metrics
,,,distance,3.484155851852784
,,receptorAtoms
,,,atomIndex,610
,,,atomName,CG2
,,,chain,X
,,,resID,289
,,,resName,VAL
,closeContacts.181
,,ligandAtoms
,,,atomIndex,45
,,,atomName,C20
,,,chain,X
,,,resID,1
,,,resName,UNL
,,metrics
,,,distance,3.799105947456586
,,receptorAtoms
,,,atomIndex,1313
,,,atomName,O
,,,chain,X
,,,resID,360
,,,resName,ILE
,closeContacts.182
,,ligandAtoms
,,,atomIndex,46
,,,atomName,C21
,,,chain,X
,,,resID,1
,,,resName,UNL
,,metrics
,,,distance,3.161696063823973
,,receptorAtoms
,,,atomIndex,1313
,,,atomName,O
,,,chain,X
,,,resID,360
,,,resName,ILE
,closeContacts.183
,,ligandAtoms
,,,atomIndex,46
,,,atomName,C21
,,,chain,X
,,,resID,1
,,,resName,UNL
,,metrics
,,,distance,3.713845177171499
,,receptorAtoms
,,,atomIndex,1321
,,,atomName,C
,,,chain,X
,,,resID,361
,,,resName,HIE
,closeContacts.184
,,ligandAtoms
,,,atomIndex,46
,,,atomName,C21
,,,chain,X
,,,resID,1
,,,resName,UNL
,,metrics
,,,distance,2.83359806606371
,,receptorAtoms
,,,atomIndex,1322
,,,atomName,O
,,,chain,X
,,,resID,361
,,,resName,HIE
,closeContacts.185
,,ligandAtoms
,,,atomIndex,47
,,,atomName,O2
,,,chain,X
,,,resID,1
,,,resName,UNL
,,metrics
,,,distance,3.9340768929953573
,,receptorAtoms
,,,atomIndex,1321
,,,atomName,C
,,,chain,X
,,,resID,361
,,,resName,HIE
,closeContacts.186
,,ligandAtoms
,,,atomIndex,47
,,,atomName,O2
,,,chain,X
,,,resID,1
,,,resName,UNL
,,metrics
,,,distance,2.802731703178169
,,receptorAtoms
,,,atomIndex,1322
,,,atomName,O
,,,chain,X
,,,resID,361
,,,resName,HIE
,closeContacts.187
,,ligandAtoms
,,,atomIndex,47
,,,atomName,O2
,,,chain,X
,,,resID,1
,,,resName,UNL
,,metrics
,,,distance,3.144438264618977
,,receptorAtoms
,,,atomIndex,1521
,,,atomName,OD2
,,,chain,X
,,,resID,381
,,,resName,ASP
,closeContacts.188
,,ligandAtoms
,,,atomIndex,48
,,,atomName,H27
,,,chain,X
,,,resID,1
,,,resName,UNL
,,metrics
,,,distance,3.3027977534205757
,,receptorAtoms
,,,atomIndex,1321
,,,atomName,C
,,,chain,X
,,,resID,361
,,,resName,HIE
,closeContacts.189
,,ligandAtoms
,,,atomIndex,48
,,,atomName,H27
,,,chain,X
,,,resID,1
,,,resName,UNL
,,metrics
,,,distance,2.08482924960295
,,receptorAtoms
,,,atomIndex,1322
,,,atomName,O
,,,chain,X
,,,resID,361
,,,resName,HIE
,closeContacts.190
,,ligandAtoms
,,,atomIndex,48
,,,atomName,H27
,,,chain,X
,,,resID,1
,,,resName,UNL
,,metrics
,,,distance,3.989902881023547
,,receptorAtoms
,,,atomIndex,1335
,,,atomName,CB
,,,chain,X
,,,resID,362
,,,resName,ARG
,closeContacts.191
,,ligandAtoms
,,,atomIndex,48
,,,atomName,H27
,,,chain,X
,,,resID,1
,,,resName,UNL
,,metrics
,,,distance,3.805887150192449
,,receptorAtoms
,,,atomIndex,1519
,,,atomName,CG
,,,chain,X
,,,resID,381
,,,resName,ASP
,closeContacts.192
,,ligandAtoms
,,,atomIndex,48
,,,atomName,H27
,,,chain,X
,,,resID,1
,,,resName,UNL
,,metrics
,,,distance,2.827149801478514
,,receptorAtoms
,,,atomIndex,1521
,,,atomName,OD2
,,,chain,X
,,,resID,381
,,,resName,ASP
closestContacts
,closestContacts.1
,,ligandAtoms
,,,atomIndex,2
,,,atomName,O1
,,,chain,X
,,,resID,1
,,,resName,UNL
,,metrics
,,,distance,2.2906850503724865
,,receptorAtoms
,,,atomIndex,1522
,,,atomName,H
,,,chain,X
,,,resID,381
,,,resName,ASP
,closestContacts.2
,,ligandAtoms
,,,atomIndex,4
,,,atomName,H28
,,,chain,X
,,,resID,1
,,,resName,UNL
,,metrics
,,,distance,1.8866292693584499
,,receptorAtoms
,,,atomIndex,590
,,,atomName,OE2
,,,chain,X
,,,resID,286
,,,resName,GLU
,closestContacts.3
,,ligandAtoms
,,,atomIndex,18
,,,atomName,N4
,,,chain,X
,,,resID,1
,,,resName,UNL
,,metrics
,,,distance,2.227230118330838
,,receptorAtoms
,,,atomIndex,897
,,,atomName,H
,,,chain,X
,,,resID,318
,,,resName,MET
,closestContacts.4
,,ligandAtoms
,,,atomIndex,20
,,,atomName,H4
,,,chain,X
,,,resID,1
,,,resName,UNL
,,metrics
,,,distance,2.3297695164972865
,,receptorAtoms
,,,atomIndex,889
,,,atomName,N
,,,chain,X
,,,resID,318
,,,resName,MET
,closestContacts.5
,,ligandAtoms
,,,atomIndex,20
,,,atomName,H4
,,,chain,X
,,,resID,1
,,,resName,UNL
,,metrics
,,,distance,1.3432665409366826
,,receptorAtoms
,,,atomIndex,897
,,,atomName,H
,,,chain,X
,,,resID,318
,,,resName,MET
,closestContacts.6
,,ligandAtoms
,,,atomIndex,27
,,,atomName,H30
,,,chain,X
,,,resID,1
,,,resName,UNL
,,metrics
,,,distance,2.1097343434660214
,,receptorAtoms
,,,atomIndex,892
,,,atomName,O
,,,chain,X
,,,resID,318
,,,resName,MET
,closestContacts.7
,,ligandAtoms
,,,atomIndex,48
,,,atomName,H27
,,,chain,X
,,,resID,1
,,,resName,UNL
,,metrics
,,,distance,2.08482924960295
,,receptorAtoms
,,,atomIndex,1322
,,,atomName,O
,,,chain,X
,,,resID,361
,,,resName,HIE
electrostaticEnergies
,C_C,0
,C_F,0
,C_HH,0
,C_N,0
,C_NN,0
,C_OO,0
,C_SS,0
,F_HH,0
,F_N,0
,F_NN,0
,F_OO,0
,HH_HH,0
,HH_N,0
,HH_NN,0
,HH_OO,0
,HH_SS,0
,NN_OO,0
,N_N,0
,N_NN,0
,N_OO,0
,N_SS,0
,OO_OO,0
halogenBonds
,halogenBonds.1
,,ligandAtoms
,,,ligandAtoms.1
,,,,atomIndex,34
,,,,atomName,C22
,,,,chain,X
,,,,resID,1
,,,,resName,UNL
,,,ligandAtoms.2
,,,,atomIndex,37
,,,,atomName,F3
,,,,chain,X
,,,,resID,1
,,,,resName,UNL
,,metrics
,,,angle,11.408293227241074
,,,distance,5.272926511909682
,,receptorAtoms
,,,atomIndex,1326
,,,atomName,ND1
,,,chain,X
,,,resID,361
,,,resName,HIE
,halogenBonds.2
,,ligandAtoms
,,,ligandAtoms.1
,,,,atomIndex,34
,,,,atomName,C22
,,,,chain,X
,,,,resID,1
,,,,resName,UNL
,,,ligandAtoms.2
,,,,atomIndex,36
,,,,atomName,F2
,,,,chain,X
,,,,resID,1
,,,,resName,UNL
,,metrics
,,,angle,12.21603632190542
,,,distance,5.091618406754381
,,receptorAtoms
,,,atomIndex,1503
,,,atomName,O
,,,chain,X
,,,resID,379
,,,resName,VAL
,halogenBonds.3
,,ligandAtoms
,,,ligandAtoms.1
,,,,atomIndex,34
,,,,atomName,C22
,,,,chain,X
,,,,resID,1
,,,,resName,UNL
,,,ligandAtoms.2
,,,,atomIndex,36
,,,,atomName,F2
,,,,chain,X
,,,,resID,1
,,,,resName,UNL
,,metrics
,,,angle,23.841159606789716
,,,distance,5.023169716424083
,,receptorAtoms
,,,atomIndex,1508
,,,atomName,N
,,,chain,X
,,,resID,380
,,,resName,ALA
hydrogenBonds
,hydrogenBonds.1
,,ligandAtoms
,,,atomIndex,2
,,,atomName,O1
,,,chain,X
,,,resID,1
,,,resName,UNL
,,metrics
,,,angle,38.603888131542504
,,,distance,3.1431996436752154
,,receptorAtoms
,,,receptorAtoms.1
,,,,atomIndex,1514
,,,,atomName,N
,,,,chain,X
,,,,resID,381
,,,,resName,ASP
,,,receptorAtoms.2
,,,,atomIndex,1522
,,,,atomName,H
,,,,chain,X
,,,,resID,381
,,,,resName,ASP
,hydrogenBonds.2
,,ligandAtoms
,,,ligandAtoms.1
,,,,atomIndex,3
,,,,atomName,N1
,,,,chain,X
,,,,resID,1
,,,,resName,UNL
,,,ligandAtoms.2
,,,,atomIndex,4
,,,,atomName,H28
,,,,chain,X
,,,,resID,1
,,,,resName,UNL
,,metrics
,,,angle,28.56854216960201
,,,distance,2.8162920658198787
,,receptorAtoms
,,,atomIndex,590
,,,atomName,OE2
,,,chain,X
,,,resID,286
,,,resName,GLU
,hydrogenBonds.3
,,ligandAtoms
,,,atomIndex,18
,,,atomName,N4
,,,chain,X
,,,resID,1
,,,resName,UNL
,,metrics
,,,angle,6.496759653504114
,,,distance,3.2318200754373683
,,receptorAtoms
,,,receptorAtoms.1
,,,,atomIndex,889
,,,,atomName,N
,,,,chain,X
,,,,resID,318
,,,,resName,MET
,,,receptorAtoms.2
,,,,atomIndex,897
,,,,atomName,H
,,,,chain,X
,,,,resID,318
,,,,resName,MET
,hydrogenBonds.4
,,ligandAtoms
,,,ligandAtoms.1
,,,,atomIndex,25
,,,,atomName,N5
,,,,chain,X
,,,,resID,1
,,,,resName,UNL
,,,ligandAtoms.2
,,,,atomIndex,27
,,,,atomName,H30
,,,,chain,X
,,,,resID,1
,,,,resName,UNL
,,metrics
,,,angle,19.9312698088861
,,,distance,3.085476138296973
,,receptorAtoms
,,,atomIndex,892
,,,atomName,O
,,,chain,X
,,,resID,318
,,,resName,MET
hydrophobicContacts
,hydrophobicContacts.1
,,ligandAtoms
,,,atomIndex,1
,,,atomName,C8
,,,chain,X
,,,resID,1
,,,resName,UNL
,,metrics
,,,distance,3.662933523830319
,,receptorAtoms
,,,atomIndex,711
,,,atomName,CG2
,,,chain,X
,,,resID,299
,,,resName,VAL
,hydrophobicContacts.2
,,ligandAtoms
,,,atomIndex,5
,,,atomName,C5
,,,chain,X
,,,resID,1
,,,resName,UNL
,,metrics
,,,distance,3.88405934558163
,,receptorAtoms
,,,atomIndex,619
,,,atomName,CE
,,,chain,X
,,,resID,290
,,,resName,MET
,hydrophobicContacts.3
,,ligandAtoms
,,,atomIndex,6
,,,atomName,C4
,,,chain,X
,,,resID,1
,,,resName,UNL
,,metrics
,,,distance,3.699198291522097
,,receptorAtoms
,,,atomIndex,865
,,,atomName,CD1
,,,chain,X
,,,resID,315
,,,resName,ILE
,hydrophobicContacts.4
,,ligandAtoms
,,,atomIndex,6
,,,atomName,C4
,,,chain,X
,,,resID,1
,,,resName,UNL
,,metrics
,,,distance,3.748401525984111
,,receptorAtoms
,,,atomIndex,1532
,,,atomName,CE2
,,,chain,X
,,,resID,382
,,,resName,PHE
,hydrophobicContacts.5
,,ligandAtoms
,,,atomIndex,6
,,,atomName,C4
,,,chain,X
,,,resID,1
,,,resName,UNL
,,metrics
,,,distance,3.9532740861215294
,,receptorAtoms
,,,atomIndex,1533
,,,atomName,CZ
,,,chain,X
,,,resID,382
,,,resName,PHE
,hydrophobicContacts.6
,,ligandAtoms
,,,atomIndex,7
,,,atomName,C3
,,,chain,X
,,,resID,1
,,,resName,UNL
,,metrics
,,,distance,3.747688754419182
,,receptorAtoms
,,,atomIndex,863
,,,atomName,CG1
,,,chain,X
,,,resID,315
,,,resName,ILE
,hydrophobicContacts.7
,,ligandAtoms
,,,atomIndex,7
,,,atomName,C3
,,,chain,X
,,,resID,1
,,,resName,UNL
,,metrics
,,,distance,3.3380086878257225
,,receptorAtoms
,,,atomIndex,865
,,,atomName,CD1
,,,chain,X
,,,resID,315
,,,resName,ILE
,hydrophobicContacts.8
,,ligandAtoms
,,,atomIndex,7
,,,atomName,C3
,,,chain,X
,,,resID,1
,,,resName,UNL
,,metrics
,,,distance,3.723052242448393
,,receptorAtoms
,,,atomIndex,1532
,,,atomName,CE2
,,,chain,X
,,,resID,382
,,,resName,PHE
,hydrophobicContacts.9
,,ligandAtoms
,,,atomIndex,8
,,,atomName,C2
,,,chain,X
,,,resID,1
,,,resName,UNL
,,metrics
,,,distance,3.7060380462159324
,,receptorAtoms
,,,atomIndex,863
,,,atomName,CG1
,,,chain,X
,,,resID,315
,,,resName,ILE
,hydrophobicContacts.10
,,ligandAtoms
,,,atomIndex,8
,,,atomName,C2
,,,chain,X
,,,resID,1
,,,resName,UNL
,,metrics
,,,distance,3.845176068790609
,,receptorAtoms
,,,atomIndex,865
,,,atomName,CD1
,,,chain,X
,,,resID,315
,,,resName,ILE
,hydrophobicContacts.11
,,ligandAtoms
,,,atomIndex,9
,,,atomName,C1
,,,chain,X
,,,resID,1
,,,resName,UNL
,,metrics
,,,distance,3.6977255171253596
,,receptorAtoms
,,,atomIndex,417
,,,atomName,C
,,,chain,X
,,,resID,269
,,,resName,ALA
,hydrophobicContacts.12
,,ligandAtoms
,,,atomIndex,9
,,,atomName,C1
,,,chain,X
,,,resID,1
,,,resName,UNL
,,metrics
,,,distance,3.759894014463704
,,receptorAtoms
,,,atomIndex,419
,,,atomName,CB
,,,chain,X
,,,resID,269
,,,resName,ALA
,hydrophobicContacts.13
,,ligandAtoms
,,,atomIndex,9
,,,atomName,C1
,,,chain,X
,,,resID,1
,,,resName,UNL
,,metrics
,,,distance,3.701130232780251
,,receptorAtoms
,,,atomIndex,863
,,,atomName,CG1
,,,chain,X
,,,resID,315
,,,resName,ILE
,hydrophobicContacts.14
,,ligandAtoms
,,,atomIndex,10
,,,atomName,C7
,,,chain,X
,,,resID,1
,,,resName,UNL
,,metrics
,,,distance,3.939114240536824
,,receptorAtoms
,,,atomIndex,619
,,,atomName,CE
,,,chain,X
,,,resID,290
,,,resName,MET
,hydrophobicContacts.15
,,ligandAtoms
,,,atomIndex,10
,,,atomName,C7
,,,chain,X
,,,resID,1
,,,resName,UNL
,,metrics
,,,distance,3.722752476327158
,,receptorAtoms
,,,atomIndex,846
,,,atomName,CG2
,,,chain,X
,,,resID,313
,,,resName,ILE
,hydrophobicContacts.16
,,ligandAtoms
,,,atomIndex,10
,,,atomName,C7
,,,chain,X
,,,resID,1
,,,resName,UNL
,,metrics
,,,distance,3.898028347767626
,,receptorAtoms
,,,atomIndex,864
,,,atomName,CG2
,,,chain,X
,,,resID,315
,,,resName,ILE
,hydrophobicContacts.17
,,ligandAtoms
,,,atomIndex,11
,,,atomName,C6
,,,chain,X
,,,resID,1
,,,resName,UNL
,,metrics
,,,distance,3.26717676289484
,,receptorAtoms
,,,atomIndex,619
,,,atomName,CE
,,,chain,X
,,,resID,290
,,,resName,MET
,hydrophobicContacts.18
,,ligandAtoms
,,,atomIndex,12
,,,atomName,C23
,,,chain,X
,,,resID,1
,,,resName,UNL
,,metrics
,,,distance,3.779555264842677
,,receptorAtoms
,,,atomIndex,863
,,,atomName,CG1
,,,chain,X
,,,resID,315
,,,resName,ILE
,hydrophobicContacts.19
,,ligandAtoms
,,,atomIndex,12
,,,atomName,C23
,,,chain,X
,,,resID,1
,,,resName,UNL
,,metrics
,,,distance,3.3107478007241804
,,receptorAtoms
,,,atomIndex,865
,,,atomName,CD1
,,,chain,X
,,,resID,315
,,,resName,ILE
,hydrophobicContacts.20
,,ligandAtoms
,,,atomIndex,12
,,,atomName,C23
,,,chain,X
,,,resID,1
,,,resName,UNL
,,metrics
,,,distance,3.3213143482663603
,,receptorAtoms
,,,atomIndex,1532
,,,atomName,CE2
,,,chain,X
,,,resID,382
,,,resName,PHE
,hydrophobicContacts.21
,,ligandAtoms
,,,atomIndex,12
,,,atomName,C23
,,,chain,X
,,,resID,1
,,,resName,UNL
,,metrics
,,,distance,3.5248992893414703
,,receptorAtoms
,,,atomIndex,1533
,,,atomName,CZ
,,,chain,X
,,,resID,382
,,,resName,PHE
,hydrophobicContacts.22
,,ligandAtoms
,,,atomIndex,13
,,,atomName,C24
,,,chain,X
,,,resID,1
,,,resName,UNL
,,metrics
,,,distance,3.737915060565181
,,receptorAtoms
,,,atomIndex,419
,,,atomName,CB
,,,chain,X
,,,resID,269
,,,resName,ALA
,hydrophobicContacts.23
,,ligandAtoms
,,,atomIndex,13
,,,atomName,C24
,,,chain,X
,,,resID,1
,,,resName,UNL
,,metrics
,,,distance,3.7382217697723608
,,receptorAtoms
,,,atomIndex,865
,,,atomName,CD1
,,,chain,X
,,,resID,315
,,,resName,ILE
,hydrophobicContacts.24
,,ligandAtoms
,,,atomIndex,13
,,,atomName,C24
,,,chain,X
,,,resID,1
,,,resName,UNL
,,metrics
,,,distance,3.8313926971794476
,,receptorAtoms
,,,atomIndex,1420
,,,atomName,CD1
,,,chain,X
,,,resID,370
,,,resName,LEU
,hydrophobicContacts.25
,,ligandAtoms
,,,atomIndex,13
,,,atomName,C24
,,,chain,X
,,,resID,1
,,,resName,UNL
,,metrics
,,,distance,3.438815202944176
,,receptorAtoms
,,,atomIndex,1532
,,,atomName,CE2
,,,chain,X
,,,resID,382
,,,resName,PHE
,hydrophobicContacts.26
,,ligandAtoms
,,,atomIndex,13
,,,atomName,C24
,,,chain,X
,,,resID,1
,,,resName,UNL
,,metrics
,,,distance,3.4205721743591386
,,receptorAtoms
,,,atomIndex,1533
,,,atomName,CZ
,,,chain,X
,,,resID,382
,,,resName,PHE
,hydrophobicContacts.27
,,ligandAtoms
,,,atomIndex,14
,,,atomName,C25
,,,chain,X
,,,resID,1
,,,resName,UNL
,,metrics
,,,distance,3.705471360029652
,,receptorAtoms
,,,atomIndex,419
,,,atomName,CB
,,,chain,X
,,,resID,269
,,,resName,ALA
,hydrophobicContacts.28
,,ligandAtoms
,,,atomIndex,14
,,,atomName,C25
,,,chain,X
,,,resID,1
,,,resName,UNL
,,metrics
,,,distance,3.8626686370953442
,,receptorAtoms
,,,atomIndex,1420
,,,atomName,CD1
,,,chain,X
,,,resID,370
,,,resName,LEU
,hydrophobicContacts.29
,,ligandAtoms
,,,atomIndex,14
,,,atomName,C25
,,,chain,X
,,,resID,1
,,,resName,UNL
,,metrics
,,,distance,3.8308068340755588
,,receptorAtoms
,,,atomIndex,1421
,,,atomName,CD2
,,,chain,X
,,,resID,370
,,,resName,LEU
,hydrophobicContacts.30
,,ligandAtoms
,,,atomIndex,14
,,,atomName,C25
,,,chain,X
,,,resID,1
,,,resName,UNL
,,metrics
,,,distance,3.816212913347472
,,receptorAtoms
,,,atomIndex,1533
,,,atomName,CZ
,,,chain,X
,,,resID,382
,,,resName,PHE
,hydrophobicContacts.31
,,ligandAtoms
,,,atomIndex,15
,,,atomName,C26
,,,chain,X
,,,resID,1
,,,resName,UNL
,,metrics
,,,distance,3.5562703777975044
,,receptorAtoms
,,,atomIndex,1421
,,,atomName,CD2
,,,chain,X
,,,resID,370
,,,resName,LEU
,hydrophobicContacts.32
,,ligandAtoms
,,,atomIndex,15
,,,atomName,C26
,,,chain,X
,,,resID,1
,,,resName,UNL
,,metrics
,,,distance,3.748205570669784
,,receptorAtoms
,,,atomIndex,1532
,,,atomName,CE2
,,,chain,X
,,,resID,382
,,,resName,PHE
,hydrophobicContacts.33
,,ligandAtoms
,,,atomIndex,15
,,,atomName,C26
,,,chain,X
,,,resID,1
,,,resName,UNL
,,metrics
,,,distance,3.4681062555809916
,,receptorAtoms
,,,atomIndex,1533
,,,atomName,CZ
,,,chain,X
,,,resID,382
,,,resName,PHE
,hydrophobicContacts.34
,,ligandAtoms
,,,atomIndex,16
,,,atomName,C27
,,,chain,X
,,,resID,1
,,,resName,UNL
,,metrics
,,,distance,3.6499754793696906
,,receptorAtoms
,,,atomIndex,1421
,,,atomName,CD2
,,,chain,X
,,,resID,370
,,,resName,LEU
,hydrophobicContacts.35
,,ligandAtoms
,,,atomIndex,19
,,,atomName,C29
,,,chain,X
,,,resID,1
,,,resName,UNL
,,metrics
,,,distance,3.418922783567948
,,receptorAtoms
,,,atomIndex,419
,,,atomName,CB
,,,chain,X
,,,resID,269
,,,resName,ALA
,hydrophobicContacts.36
,,ligandAtoms
,,,atomIndex,28
,,,atomName,C9
,,,chain,X
,,,resID,1
,,,resName,UNL
,,metrics
,,,distance,3.7739372013853116
,,receptorAtoms
,,,atomIndex,1518
,,,atomName,CB
,,,chain,X
,,,resID,381
,,,resName,ASP
,hydrophobicContacts.37
,,ligandAtoms
,,,atomIndex,29
,,,atomName,C10
,,,chain,X
,,,resID,1
,,,resName,UNL
,,metrics
,,,distance,3.8664085402347212
,,receptorAtoms
,,,atomIndex,1510
,,,atomName,C
,,,chain,X
,,,resID,380
,,,resName,ALA
,hydrophobicContacts.38
,,ligandAtoms
,,,atomIndex,29
,,,atomName,C10
,,,chain,X
,,,resID,1
,,,resName,UNL
,,metrics
,,,distance,3.8023211332027174
,,receptorAtoms
,,,atomIndex,1515
,,,atomName,CA
,,,chain,X
,,,resID,381
,,,resName,ASP
,hydrophobicContacts.39
,,ligandAtoms
,,,atomIndex,29
,,,atomName,C10
,,,chain,X
,,,resID,1
,,,resName,UNL
,,metrics
,,,distance,3.3452032823133484
,,receptorAtoms
,,,atomIndex,1518
,,,atomName,CB
,,,chain,X
,,,resID,381
,,,resName,ASP
,hydrophobicContacts.40
,,ligandAtoms
,,,atomIndex,30
,,,atomName,C11
,,,chain,X
,,,resID,1
,,,resName,UNL
,,metrics
,,,distance,3.1892113445176378
,,receptorAtoms
,,,atomIndex,1518
,,,atomName,CB
,,,chain,X
,,,resID,381
,,,resName,ASP
,hydrophobicContacts.41
,,ligandAtoms
,,,atomIndex,31
,,,atomName,C12
,,,chain,X
,,,resID,1
,,,resName,UNL
,,metrics
,,,distance,3.4596395766033203
,,receptorAtoms
,,,atomIndex,1518
,,,atomName,CB
,,,chain,X
,,,resID,381
,,,resName,ASP
,hydrophobicContacts.42
,,ligandAtoms
,,,atomIndex,32
,,,atomName,C13
,,,chain,X
,,,resID,1
,,,resName,UNL
,,metrics
,,,distance,3.857884135118627
,,receptorAtoms
,,,atomIndex,1518
,,,atomName,CB
,,,chain,X
,,,resID,381
,,,resName,ASP
,hydrophobicContacts.43
,,ligandAtoms
,,,atomIndex,33
,,,atomName,C14
,,,chain,X
,,,resID,1
,,,resName,UNL
,,metrics
,,,distance,3.400562600511862
,,receptorAtoms
,,,atomIndex,587
,,,atomName,CG
,,,chain,X
,,,resID,286
,,,resName,GLU
,hydrophobicContacts.44
,,ligandAtoms
,,,atomIndex,33
,,,atomName,C14
,,,chain,X
,,,resID,1
,,,resName,UNL
,,metrics
,,,distance,3.414190094297621
,,receptorAtoms
,,,atomIndex,588
,,,atomName,CD
,,,chain,X
,,,resID,286
,,,resName,GLU
,hydrophobicContacts.45
,,ligandAtoms
,,,atomIndex,34
,,,atomName,C22
,,,chain,X
,,,resID,1
,,,resName,UNL
,,metrics
,,,distance,3.906481025168303
,,receptorAtoms
,,,atomIndex,1510
,,,atomName,C
,,,chain,X
,,,resID,380
,,,resName,ALA
,hydrophobicContacts.46
,,ligandAtoms
,,,atomIndex,34
,,,atomName,C22
,,,chain,X
,,,resID,1
,,,resName,UNL
,,metrics
,,,distance,3.6713242842331435
,,receptorAtoms
,,,atomIndex,1518
,,,atomName,CB
,,,chain,X
,,,resID,381
,,,resName,ASP
,hydrophobicContacts.47
,,ligandAtoms
,,,atomIndex,40
,,,atomName,C16
,,,chain,X
,,,resID,1
,,,resName,UNL
,,metrics
,,,distance,3.6933098976392436
,,receptorAtoms
,,,atomIndex,609
,,,atomName,CG1
,,,chain,X
,,,resID,289
,,,resName,VAL
,hydrophobicContacts.48
,,ligandAtoms
,,,atomIndex,41
,,,atomName,C17
,,,chain,X
,,,resID,1
,,,resName,UNL
,,metrics
,,,distance,3.790761796789664
,,receptorAtoms
,,,atomIndex,1312
,,,atomName,C
,,,chain,X
,,,resID,360
,,,resName,ILE
,hydrophobicContacts.49
,,ligandAtoms
,,,atomIndex,43
,,,atomName,C18
,,,chain,X
,,,resID,1
,,,resName,UNL
,,metrics
,,,distance,3.774471618650748
,,receptorAtoms
,,,atomIndex,608
,,,atomName,CB
,,,chain,X
,,,resID,289
,,,resName,VAL
,hydrophobicContacts.50
,,ligandAtoms
,,,atomIndex,43
,,,atomName,C18
,,,chain,X
,,,resID,1
,,,resName,UNL
,,metrics
,,,distance,3.5476471075911706
,,receptorAtoms
,,,atomIndex,609
,,,atomName,CG1
,,,chain,X
,,,resID,289
,,,resName,VAL
,hydrophobicContacts.51
,,ligandAtoms
,,,atomIndex,43
,,,atomName,C18
,,,chain,X
,,,resID,1
,,,resName,UNL
,,metrics
,,,distance,3.093436600287777
,,receptorAtoms
,,,atomIndex,610
,,,atomName,CG2
,,,chain,X
,,,resID,289
,,,resName,VAL
,hydrophobicContacts.52
,,ligandAtoms
,,,atomIndex,44
,,,atomName,C19
,,,chain,X
,,,resID,1
,,,resName,UNL
,,metrics
,,,distance,3.5619601345326704
,,receptorAtoms
,,,atomIndex,608
,,,atomName,CB
,,,chain,X
,,,resID,289
,,,resName,VAL
,hydrophobicContacts.53
,,ligandAtoms
,,,atomIndex,44
,,,atomName,C19
,,,chain,X
,,,resID,1
,,,resName,UNL
,,metrics
,,,distance,3.1286872646527004
,,receptorAtoms
,,,atomIndex,609
,,,atomName,CG1
,,,chain,X
,,,resID,289
,,,resName,VAL
,hydrophobicContacts.54
,,ligandAtoms
,,,atomIndex,44
,,,atomName,C19
,,,chain,X
,,,resID,1
,,,resName,UNL
,,metrics
,,,distance,3.484155851852784
,,receptorAtoms
,,,atomIndex,610
,,,atomName,CG2
,,,chain,X
,,,resID,289
,,,resName,VAL
,hydrophobicContacts.55
,,ligandAtoms
,,,atomIndex,46
,,,atomName,C21
,,,chain,X
,,,resID,1
,,,resName,UNL
,,metrics
,,,distance,3.713845177171499
,,receptorAtoms
,,,atomIndex,1321
,,,atomName,C
,,,chain,X
,,,resID,361
,,,resName,HIE
ligandAtomTypes
,C,30
,F,3
,HH,7
,N,5
,NN,1
,OO,2
metalCoordinations,none
piPiStackingInteractions,none
saltBridges,none
tStackingInteractions,none
