activeSiteFlexibility
,BACKBONE_BETA,35
,BACKBONE_OTHER,36
,SIDECHAIN_ALPHA,18
,SIDECHAIN_BETA,51
,SIDECHAIN_OTHER,48
cationPiInteractions
,ligandAtoms
,,ligandAtoms.1
,,,atomIndex,33
,,,atomName,N2
,,,chain,X
,,,resID,1
,,,resName,UNL
,,ligandAtoms.2
,,,atomIndex,32
,,,atomName,C11
,,,chain,X
,,,resID,1
,,,resName,UNL
,,ligandAtoms.3
,,,atomIndex,34
,,,atomName,C12
,,,chain,X
,,,resID,1
,,,resName,UNL
,,ligandAtoms.4
,,,atomIndex,38
,,,atomName,C17
,,,chain,X
,,,resID,1
,,,resName,UNL
,metrics
,,distance,4.972843403928983
,receptorAtoms
,,receptorAtoms.1
,,,atomIndex,1324
,,,atomName,CG
,,,chain,X
,,,resID,361
,,,resName,HIE
,,receptorAtoms.2
,,,atomIndex,1326
,,,atomName,ND1
,,,chain,X
,,,resID,361
,,,resName,HIE
,,receptorAtoms.3
,,,atomIndex,1327
,,,atomName,CE1
,,,chain,X
,,,resID,361
,,,resName,HIE
,,receptorAtoms.4
,,,atomIndex,1328
,,,atomName,NE2
,,,chain,X
,,,resID,361
,,,resName,HIE
,,receptorAtoms.5
,,,atomIndex,1325
,,,atomName,CD2
,,,chain,X
,,,resID,361
,,,resName,HIE
closeContacts
,closeContacts.1
,,ligandAtoms
,,,atomIndex,1
,,,atomName,C6
,,,chain,X
,,,resID,1
,,,resName,UNL
,,metrics
,,,distance,3.867840999834404
,,receptorAtoms
,,,atomIndex,619
,,,atomName,CE
,,,chain,X
,,,resID,290
,,,resName,MET
,closeContacts.2
,,ligandAtoms
,,,atomIndex,1
,,,atomName,C6
,,,chain,X
,,,resID,1
,,,resName,UNL
,,metrics
,,,distance,3.537133867978423
,,receptorAtoms
,,,atomIndex,711
,,,atomName,CG2
,,,chain,X
,,,resID,299
,,,resName,VAL
,closeContacts.3
,,ligandAtoms
,,,atomIndex,1
,,,atomName,C6
,,,chain,X
,,,resID,1
,,,resName,UNL
,,metrics
,,,distance,3.763829565748162
,,receptorAtoms
,,,atomIndex,1517
,,,atomName,O
,,,chain,X
,,,resID,381
,,,resName,ASP
,closeContacts.4
,,ligandAtoms
,,,atomIndex,1
,,,atomName,C6
,,,chain,X
,,,resID,1
,,,resName,UNL
,,metrics
,,,distance,3.1425247811274297
,,receptorAtoms
,,,atomIndex,1522
,,,atomName,H
,,,chain,X
,,,resID,381
,,,resName,ASP
,closeContacts.5
,,ligandAtoms
,,,atomIndex,2
,,,atomName,O1
,,,chain,X
,,,resID,1
,,,resName,UNL
,,metrics
,,,distance,3.216885761104985
,,receptorAtoms
,,,atomIndex,709
,,,atomName,CB
,,,chain,X
,,,resID,299
,,,resName,VAL
,closeContacts.6
,,ligandAtoms
,,,atomIndex,2
,,,atomName,O1
,,,chain,X
,,,resID,1
,,,resName,UNL
,,metrics
,,,distance,3.0686573611271757
,,receptorAtoms
,,,atomIndex,710
,,,atomName,CG1
,,,chain,X
,,,resID,299
,,,resName,VAL
,closeContacts.7
,,ligandAtoms
,,,atomIndex,2
,,,atomName,O1
,,,chain,X
,,,resID,1
,,,resName,UNL
,,metrics
,,,distance,2.6130275543897357
,,receptorAtoms
,,,atomIndex,711
,,,atomName,CG2
,,,chain,X
,,,resID,299
,,,resName,VAL
,closeContacts.8
,,ligandAtoms
,,,atomIndex,2
,,,atomName,O1
,,,chain,X
,,,resID,1
,,,resName,UNL
,,metrics
,,,distance,3.7456697665437617
,,receptorAtoms
,,,atomIndex,1509
,,,atomName,CA
,,,chain,X
,,,resID,380
,,,resName,ALA
,closeContacts.9
,,ligandAtoms
,,,atomIndex,2
,,,atomName,O1
,,,chain,X
,,,resID,1
,,,resName,UNL
,,metrics
,,,distance,3.4216576392152382
,,receptorAtoms
,,,atomIndex,1512
,,,atomName,CB
,,,chain,X
,,,resID,380
,,,resName,ALA
,closeContacts.10
,,ligandAtoms
,,,atomIndex,2
,,,atomName,O1
,,,chain,X
,,,resID,1
,,,resName,UNL
,,metrics
,,,distance,3.8426372454344424
,,receptorAtoms
,,,atomIndex,1514
,,,atomName,N
,,,chain,X
,,,resID,381
,,,resName,ASP
,closeContacts.11
,,ligandAtoms
,,,atomIndex,2
,,,atomName,O1
,,,chain,X
,,,resID,1
,,,resName,UNL
,,metrics
,,,distance,2.958726922174468
,,receptorAtoms
,,,atomIndex,1522
,,,atomName,H
,,,chain,X
,,,resID,381
,,,resName,ASP
,closeContacts.12
,,ligandAtoms
,,,atomIndex,3
,,,atomName,N1
,,,chain,X
,,,resID,1
,,,resName,UNL
,,metrics
,,,distance,3.034841017252799
,,receptorAtoms
,,,atomIndex,590
,,,atomName,OE2
,,,chain,X
,,,resID,286
,,,resName,GLU
,closeContacts.13
,,ligandAtoms
,,,atomIndex,3
,,,atomName,N1
,,,chain,X
,,,resID,1
,,,resName,UNL
,,metrics
,,,distance,3.6515589821335226
,,receptorAtoms
,,,atomIndex,618
,,,atomName,SD
,,,chain,X
,,,resID,290
,,,resName,MET
,closeContacts.14
,,ligandAtoms
,,,atomIndex,3
,,,atomName,N1
,,,chain,X
,,,resID,1
,,,resName,UNL
,,metrics
,,,distance,3.7975130019527255
,,receptorAtoms
,,,atomIndex,619
,,,atomName,CE
,,,chain,X
,,,resID,290
,,,resName,MET
,closeContacts.15
,,ligandAtoms
,,,atomIndex,3
,,,atomName,N1
,,,chain,X
,,,resID,1
,,,resName,UNL
,,metrics
,,,distance,3.3043574261874267
,,receptorAtoms
,,,atomIndex,1517
,,,atomName,O
,,,chain,X
,,,resID,381
,,,resName,ASP
,closeContacts.16
,,ligandAtoms
,,,atomIndex,3
,,,atomName,N1
,,,chain,X
,,,resID,1
,,,resName,UNL
,,metrics
,,,distance,3.3316123724106914
,,receptorAtoms
,,,atomIndex,1522
,,,atomName,H
,,,chain,X
,,,resID,381
,,,resName,ASP
,closeContacts.17
,,ligandAtoms
,,,atomIndex,4
,,,atomName,H29
,,,chain,X
,,,resID,1
,,,resName,UNL
,,metrics
,,,distance,3.368217481101836
,,receptorAtoms
,,,atomIndex,588
,,,atomName,CD
,,,chain,X
,,,resID,286
,,,resName,GLU
,closeContacts.18
,,ligandAtoms
,,,atomIndex,4
,,,atomName,H29
,,,chain,X
,,,resID,1
,,,resName,UNL
,,metrics
,,,distance,2.1511664277781946
,,receptorAtoms
,,,atomIndex,590
,,,atomName,OE2
,,,chain,X
,,,resID,286
,,,resName,GLU
,closeContacts.19
,,ligandAtoms
,,,atomIndex,4
,,,atomName,H29
,,,chain,X
,,,resID,1
,,,resName,UNL
,,metrics
,,,distance,3.679810592951762
,,receptorAtoms
,,,atomIndex,618
,,,atomName,SD
,,,chain,X
,,,resID,290
,,,resName,MET
,closeContacts.20
,,ligandAtoms
,,,atomIndex,4
,,,atomName,H29
,,,chain,X
,,,resID,1
,,,resName,UNL
,,metrics
,,,distance,3.2112556734087683
,,receptorAtoms
,,,atomIndex,1517
,,,atomName,O
,,,chain,X
,,,resID,381
,,,resName,ASP
,closeContacts.21
,,ligandAtoms
,,,atomIndex,4
,,,atomName,H29
,,,chain,X
,,,resID,1
,,,resName,UNL
,,metrics
,,,distance,3.889633915936049
,,receptorAtoms
,,,atomIndex,1522
,,,atomName,H
,,,chain,X
,,,resID,381
,,,resName,ASP
,closeContacts.22
,,ligandAtoms
,,,atomIndex,6
,,,atomName,C4
,,,chain,X
,,,resID,1
,,,resName,UNL
,,metrics
,,,distance,3.59447590060081
,,receptorAtoms
,,,atomIndex,590
,,,atomName,OE2
,,,chain,X
,,,resID,286
,,,resName,GLU
,closeContacts.23
,,ligandAtoms
,,,atomIndex,7
,,,atomName,C3
,,,chain,X
,,,resID,1
,,,resName,UNL
,,metrics
,,,distance,3.7809366564384543
,,receptorAtoms
,,,atomIndex,433
,,,atomName,CB
,,,chain,X
,,,resID,271
,,,resName,LYS
,closeContacts.24
,,ligandAtoms
,,,atomIndex,8
,,,atomName,C2
,,,chain,X
,,,resID,1
,,,resName,UNL
,,metrics
,,,distance,3.8452802238588535
,,receptorAtoms
,,,atomIndex,1532
,,,atomName,CE2
,,,chain,X
,,,resID,382
,,,resName,PHE
,closeContacts.25
,,ligandAtoms
,,,atomIndex,9
,,,atomName,C1
,,,chain,X
,,,resID,1
,,,resName,UNL
,,metrics
,,,distance,3.719015192224952
,,receptorAtoms
,,,atomIndex,284
,,,atomName,CB
,,,chain,X
,,,resID,256
,,,resName,VAL
,closeContacts.26
,,ligandAtoms
,,,atomIndex,9
,,,atomName,C1
,,,chain,X
,,,resID,1
,,,resName,UNL
,,metrics
,,,distance,3.4721955590087377
,,receptorAtoms
,,,atomIndex,285
,,,atomName,CG1
,,,chain,X
,,,resID,256
,,,resName,VAL
,closeContacts.27
,,ligandAtoms
,,,atomIndex,9
,,,atomName,C1
,,,chain,X
,,,resID,1
,,,resName,UNL
,,metrics
,,,distance,3.7666816961352056
,,receptorAtoms
,,,atomIndex,419
,,,atomName,CB
,,,chain,X
,,,resID,269
,,,resName,ALA
,closeContacts.28
,,ligandAtoms
,,,atomIndex,9
,,,atomName,C1
,,,chain,X
,,,resID,1
,,,resName,UNL
,,metrics
,,,distance,3.9954815729771544
,,receptorAtoms
,,,atomIndex,421
,,,atomName,N
,,,chain,X
,,,resID,270
,,,resName,VAL
,closeContacts.29
,,ligandAtoms
,,,atomIndex,9
,,,atomName,C1
,,,chain,X
,,,resID,1
,,,resName,UNL
,,metrics
,,,distance,3.9598366127909888
,,receptorAtoms
,,,atomIndex,423
,,,atomName,C
,,,chain,X
,,,resID,270
,,,resName,VAL
,closeContacts.30
,,ligandAtoms
,,,atomIndex,9
,,,atomName,C1
,,,chain,X
,,,resID,1
,,,resName,UNL
,,metrics
,,,distance,3.8025557195128656
,,receptorAtoms
,,,atomIndex,429
,,,atomName,N
,,,chain,X
,,,resID,271
,,,resName,LYS
,closeContacts.31
,,ligandAtoms
,,,atomIndex,9
,,,atomName,C1
,,,chain,X
,,,resID,1
,,,resName,UNL
,,metrics
,,,distance,3.894917842522485
,,receptorAtoms
,,,atomIndex,438
,,,atomName,H
,,,chain,X
,,,resID,271
,,,resName,LYS
,closeContacts.32
,,ligandAtoms
,,,atomIndex,10
,,,atomName,C22
,,,chain,X
,,,resID,1
,,,resName,UNL
,,metrics
,,,distance,3.999637733595382
,,receptorAtoms
,,,atomIndex,863
,,,atomName,CG1
,,,chain,X
,,,resID,315
,,,resName,ILE
,closeContacts.33
,,ligandAtoms
,,,atomIndex,10
,,,atomName,C22
,,,chain,X
,,,resID,1
,,,resName,UNL
,,metrics
,,,distance,3.6140803809544693
,,receptorAtoms
,,,atomIndex,865
,,,atomName,CD1
,,,chain,X
,,,resID,315
,,,resName,ILE
,closeContacts.34
,,ligandAtoms
,,,atomIndex,10
,,,atomName,C22
,,,chain,X
,,,resID,1
,,,resName,UNL
,,metrics
,,,distance,3.2579240322634897
,,receptorAtoms
,,,atomIndex,1532
,,,atomName,CE2
,,,chain,X
,,,resID,382
,,,resName,PHE
,closeContacts.35
,,ligandAtoms
,,,atomIndex,10
,,,atomName,C22
,,,chain,X
,,,resID,1
,,,resName,UNL
,,metrics
,,,distance,3.7135343003667005
,,receptorAtoms
,,,atomIndex,1533
,,,atomName,CZ
,,,chain,X
,,,resID,382
,,,resName,PHE
,closeContacts.36
,,ligandAtoms
,,,atomIndex,11
,,,atomName,C21
,,,chain,X
,,,resID,1
,,,resName,UNL
,,metrics
,,,distance,3.4540128835891726
,,receptorAtoms
,,,atomIndex,865
,,,atomName,CD1
,,,chain,X
,,,resID,315
,,,resName,ILE
,closeContacts.37
,,ligandAtoms
,,,atomIndex,11
,,,atomName,C21
,,,chain,X
,,,resID,1
,,,resName,UNL
,,metrics
,,,distance,3.5284961385836886
,,receptorAtoms
,,,atomIndex,1532
,,,atomName,CE2
,,,chain,X
,,,resID,382
,,,resName,PHE
,closeContacts.38
,,ligandAtoms
,,,atomIndex,11
,,,atomName,C21
,,,chain,X
,,,resID,1
,,,resName,UNL
,,metrics
,,,distance,3.71499084790259
,,receptorAtoms
,,,atomIndex,1533
,,,atomName,CZ
,,,chain,X
,,,resID,382
,,,resName,PHE
,closeContacts.39
,,ligandAtoms
,,,atomIndex,12
,,,atomName,C23
,,,chain,X
,,,resID,1
,,,resName,UNL
,,metrics
,,,distance,3.9162503750398816
,,receptorAtoms
,,,atomIndex,419
,,,atomName,CB
,,,chain,X
,,,resID,269
,,,resName,ALA
,closeContacts.40
,,ligandAtoms
,,,atomIndex,12
,,,atomName,C23
,,,chain,X
,,,resID,1
,,,resName,UNL
,,metrics
,,,distance,3.5886707845663413
,,receptorAtoms
,,,atomIndex,865
,,,atomName,CD1
,,,chain,X
,,,resID,315
,,,resName,ILE
,closeContacts.41
,,ligandAtoms
,,,atomIndex,12
,,,atomName,C23
,,,chain,X
,,,resID,1
,,,resName,UNL
,,metrics
,,,distance,3.237120016310793
,,receptorAtoms
,,,atomIndex,1532
,,,atomName,CE2
,,,chain,X
,,,resID,382
,,,resName,PHE
,closeContacts.42
,,ligandAtoms
,,,atomIndex,12
,,,atomName,C23
,,,chain,X
,,,resID,1
,,,resName,UNL
,,metrics
,,,distance,3.3891110928973682
,,receptorAtoms
,,,atomIndex,1533
,,,atomName,CZ
,,,chain,X
,,,resID,382
,,,resName,PHE
,closeContacts.43
,,ligandAtoms
,,,atomIndex,13
,,,atomName,C24
,,,chain,X
,,,resID,1
,,,resName,UNL
,,metrics
,,,distance,3.6147395480172566
,,receptorAtoms
,,,atomIndex,419
,,,atomName,CB
,,,chain,X
,,,resID,269
,,,resName,ALA
,closeContacts.44
,,ligandAtoms
,,,atomIndex,13
,,,atomName,C24
,,,chain,X
,,,resID,1
,,,resName,UNL
,,metrics
,,,distance,3.9844192801461036
,,receptorAtoms
,,,atomIndex,865
,,,atomName,CD1
,,,chain,X
,,,resID,315
,,,resName,ILE
,closeContacts.45
,,ligandAtoms
,,,atomIndex,13
,,,atomName,C24
,,,chain,X
,,,resID,1
,,,resName,UNL
,,metrics
,,,distance,3.7839478061939498
,,receptorAtoms
,,,atomIndex,1420
,,,atomName,CD1
,,,chain,X
,,,resID,370
,,,resName,LEU
,closeContacts.46
,,ligandAtoms
,,,atomIndex,13
,,,atomName,C24
,,,chain,X
,,,resID,1
,,,resName,UNL
,,metrics
,,,distance,3.6782214452096262
,,receptorAtoms
,,,atomIndex,1532
,,,atomName,CE2
,,,chain,X
,,,resID,382
,,,resName,PHE
,closeContacts.47
,,ligandAtoms
,,,atomIndex,13
,,,atomName,C24
,,,chain,X
,,,resID,1
,,,resName,UNL
,,metrics
,,,distance,3.5654448530302636
,,receptorAtoms
,,,atomIndex,1533
,,,atomName,CZ
,,,chain,X
,,,resID,382
,,,resName,PHE
,closeContacts.48
,,ligandAtoms
,,,atomIndex,14
,,,atomName,C25
,,,chain,X
,,,resID,1
,,,resName,UNL
,,metrics
,,,distance,3.7576398177579518
,,receptorAtoms
,,,atomIndex,419
,,,atomName,CB
,,,chain,X
,,,resID,269
,,,resName,ALA
,closeContacts.49
,,ligandAtoms
,,,atomIndex,14
,,,atomName,C25
,,,chain,X
,,,resID,1
,,,resName,UNL
,,metrics
,,,distance,3.729873590351287
,,receptorAtoms
,,,atomIndex,897
,,,atomName,H
,,,chain,X
,,,resID,318
,,,resName,MET
,closeContacts.50
,,ligandAtoms
,,,atomIndex,14
,,,atomName,C25
,,,chain,X
,,,resID,1
,,,resName,UNL
,,metrics
,,,distance,3.8849664091211897
,,receptorAtoms
,,,atomIndex,1420
,,,atomName,CD1
,,,chain,X
,,,resID,370
,,,resName,LEU
,closeContacts.51
,,ligandAtoms
,,,atomIndex,14
,,,atomName,C25
,,,chain,X
,,,resID,1
,,,resName,UNL
,,metrics
,,,distance,3.7093058649833655
,,receptorAtoms
,,,atomIndex,1421
,,,atomName,CD2
,,,chain,X
,,,resID,370
,,,resName,LEU
,closeContacts.52
,,ligandAtoms
,,,atomIndex,15
,,,atomName,C26
,,,chain,X
,,,resID,1
,,,resName,UNL
,,metrics
,,,distance,3.37229906740194
,,receptorAtoms
,,,atomIndex,889
,,,atomName,N
,,,chain,X
,,,resID,318
,,,resName,MET
,closeContacts.53
,,ligandAtoms
,,,atomIndex,15
,,,atomName,C26
,,,chain,X
,,,resID,1
,,,resName,UNL
,,metrics
,,,distance,3.794603009538679
,,receptorAtoms
,,,atomIndex,893
,,,atomName,CB
,,,chain,X
,,,resID,318
,,,resName,MET
,closeContacts.54
,,ligandAtoms
,,,atomIndex,15
,,,atomName,C26
,,,chain,X
,,,resID,1
,,,resName,UNL
,,metrics
,,,distance,2.455510130298793
,,receptorAtoms
,,,atomIndex,897
,,,atomName,H
,,,chain,X
,,,resID,318
,,,resName,MET
,closeContacts.55
,,ligandAtoms
,,,atomIndex,15
,,,atomName,C26
,,,chain,X
,,,resID,1
,,,resName,UNL
,,metrics
,,,distance,3.6819816675263333
,,receptorAtoms
,,,atomIndex,1420
,,,atomName,CD1
,,,chain,X
,,,resID,370
,,,resName,LEU
,closeContacts.56
,,ligandAtoms
,,,atomIndex,15
,,,atomName,C26
,,,chain,X
,,,resID,1
,,,resName,UNL
,,metrics
,,,distance,3.6378272361397257
,,receptorAtoms
,,,atomIndex,1421
,,,atomName,CD2
,,,chain,X
,,,resID,370
,,,resName,LEU
,closeContacts.57
,,ligandAtoms
,,,atomIndex,16
,,,atomName,N4
,,,chain,X
,,,resID,1
,,,resName,UNL
,,metrics
,,,distance,3.1054967396537387
,,receptorAtoms
,,,atomIndex,889
,,,atomName,N
,,,chain,X
,,,resID,318
,,,resName,MET
,closeContacts.58
,,ligandAtoms
,,,atomIndex,16
,,,atomName,N4
,,,chain,X
,,,resID,1
,,,resName,UNL
,,metrics
,,,distance,3.7014693028579884
,,receptorAtoms
,,,atomIndex,890
,,,atomName,CA
,,,chain,X
,,,resID,318
,,,resName,MET
,closeContacts.59
,,ligandAtoms
,,,atomIndex,16
,,,atomName,N4
,,,chain,X
,,,resID,1
,,,resName,UNL
,,metrics
,,,distance,3.8335843540999592
,,receptorAtoms
,,,atomIndex,891
,,,atomName,C
,,,chain,X
,,,resID,318
,,,resName,MET
,closeContacts.60
,,ligandAtoms
,,,atomIndex,16
,,,atomName,N4
,,,chain,X
,,,resID,1
,,,resName,UNL
,,metrics
,,,distance,3.1369123354024433
,,receptorAtoms
,,,atomIndex,892
,,,atomName,O
,,,chain,X
,,,resID,318
,,,resName,MET
,closeContacts.61
,,ligandAtoms
,,,atomIndex,16
,,,atomName,N4
,,,chain,X
,,,resID,1
,,,resName,UNL
,,metrics
,,,distance,3.604214616251369
,,receptorAtoms
,,,atomIndex,893
,,,atomName,CB
,,,chain,X
,,,resID,318
,,,resName,MET
,closeContacts.62
,,ligandAtoms
,,,atomIndex,16
,,,atomName,N4
,,,chain,X
,,,resID,1
,,,resName,UNL
,,metrics
,,,distance,2.1662236726617135
,,receptorAtoms
,,,atomIndex,897
,,,atomName,H
,,,chain,X
,,,resID,318
,,,resName,MET
,closeContacts.63
,,ligandAtoms
,,,atomIndex,16
,,,atomName,N4
,,,chain,X
,,,resID,1
,,,resName,UNL
,,metrics
,,,distance,3.88301120266218
,,receptorAtoms
,,,atomIndex,1421
,,,atomName,CD2
,,,chain,X
,,,resID,370
,,,resName,LEU
,closeContacts.64
,,ligandAtoms
,,,atomIndex,17
,,,atomName,C27
,,,chain,X
,,,resID,1
,,,resName,UNL
,,metrics
,,,distance,3.9107459646466443
,,receptorAtoms
,,,atomIndex,892
,,,atomName,O
,,,chain,X
,,,resID,318
,,,resName,MET
,closeContacts.65
,,ligandAtoms
,,,atomIndex,17
,,,atomName,C27
,,,chain,X
,,,resID,1
,,,resName,UNL
,,metrics
,,,distance,3.3777320793692325
,,receptorAtoms
,,,atomIndex,897
,,,atomName,H
,,,chain,X
,,,resID,318
,,,resName,MET
,closeContacts.66
,,ligandAtoms
,,,atomIndex,18
,,,atomName,H4
,,,chain,X
,,,resID,1
,,,resName,UNL
,,metrics
,,,distance,3.647320523343129
,,receptorAtoms
,,,atomIndex,879
,,,atomName,C
,,,chain,X
,,,resID,317
,,,resName,PHE
,closeContacts.67
,,ligandAtoms
,,,atomIndex,18
,,,atomName,H4
,,,chain,X
,,,resID,1
,,,resName,UNL
,,metrics
,,,distance,2.464535250305826
,,receptorAtoms
,,,atomIndex,889
,,,atomName,N
,,,chain,X
,,,resID,318
,,,resName,MET
,closeContacts.68
,,ligandAtoms
,,,atomIndex,18
,,,atomName,H4
,,,chain,X
,,,resID,1
,,,resName,UNL
,,metrics
,,,distance,2.8488866246307523
,,receptorAtoms
,,,atomIndex,890
,,,atomName,CA
,,,chain,X
,,,resID,318
,,,resName,MET
,closeContacts.69
,,ligandAtoms
,,,atomIndex,18
,,,atomName,H4
,,,chain,X
,,,resID,1
,,,resName,UNL
,,metrics
,,,distance,2.820471769048575
,,receptorAtoms
,,,atomIndex,891
,,,atomName,C
,,,chain,X
,,,resID,318
,,,resName,MET
,closeContacts.70
,,ligandAtoms
,,,atomIndex,18
,,,atomName,H4
,,,chain,X
,,,resID,1
,,,resName,UNL
,,metrics
,,,distance,2.148045390581867
,,receptorAtoms
,,,atomIndex,892
,,,atomName,O
,,,chain,X
,,,resID,318
,,,resName,MET
,closeContacts.71
,,ligandAtoms
,,,atomIndex,18
,,,atomName,H4
,,,chain,X
,,,resID,1
,,,resName,UNL
,,metrics
,,,distance,2.9591274051652454
,,receptorAtoms
,,,atomIndex,893
,,,atomName,CB
,,,chain,X
,,,resID,318
,,,resName,MET
,closeContacts.72
,,ligandAtoms
,,,atomIndex,18
,,,atomName,H4
,,,chain,X
,,,resID,1
,,,resName,UNL
,,metrics
,,,distance,3.9576864453870013
,,receptorAtoms
,,,atomIndex,894
,,,atomName,CG
,,,chain,X
,,,resID,318
,,,resName,MET
,closeContacts.73
,,ligandAtoms
,,,atomIndex,18
,,,atomName,H4
,,,chain,X
,,,resID,1
,,,resName,UNL
,,metrics
,,,distance,1.706077665289596
,,receptorAtoms
,,,atomIndex,897
,,,atomName,H
,,,chain,X
,,,resID,318
,,,resName,MET
,closeContacts.74
,,ligandAtoms
,,,atomIndex,18
,,,atomName,H4
,,,chain,X
,,,resID,1
,,,resName,UNL
,,metrics
,,,distance,3.471952476633286
,,receptorAtoms
,,,atomIndex,925
,,,atomName,H
,,,chain,X
,,,resID,321
,,,resName,GLY
,closeContacts.75
,,ligandAtoms
,,,atomIndex,19
,,,atomName,N6
,,,chain,X
,,,resID,1
,,,resName,UNL
,,metrics
,,,distance,3.93412569702596
,,receptorAtoms
,,,atomIndex,221
,,,atomName,CD1
,,,chain,X
,,,resID,248
,,,resName,LEU
,closeContacts.76
,,ligandAtoms
,,,atomIndex,19
,,,atomName,N6
,,,chain,X
,,,resID,1
,,,resName,UNL
,,metrics
,,,distance,3.961092021147704
,,receptorAtoms
,,,atomIndex,1421
,,,atomName,CD2
,,,chain,X
,,,resID,370
,,,resName,LEU
,closeContacts.77
,,ligandAtoms
,,,atomIndex,20
,,,atomName,C29
,,,chain,X
,,,resID,1
,,,resName,UNL
,,metrics
,,,distance,3.484597681225194
,,receptorAtoms
,,,atomIndex,221
,,,atomName,CD1
,,,chain,X
,,,resID,248
,,,resName,LEU
,closeContacts.78
,,ligandAtoms
,,,atomIndex,21
,,,atomName,C28
,,,chain,X
,,,resID,1
,,,resName,UNL
,,metrics
,,,distance,3.7719599679742104
,,receptorAtoms
,,,atomIndex,885
,,,atomName,CE1
,,,chain,X
,,,resID,317
,,,resName,PHE
,closeContacts.79
,,ligandAtoms
,,,atomIndex,21
,,,atomName,C28
,,,chain,X
,,,resID,1
,,,resName,UNL
,,metrics
,,,distance,3.9701178823808263
,,receptorAtoms
,,,atomIndex,887
,,,atomName,CZ
,,,chain,X
,,,resID,317
,,,resName,PHE
,closeContacts.80
,,ligandAtoms
,,,atomIndex,21
,,,atomName,C28
,,,chain,X
,,,resID,1
,,,resName,UNL
,,metrics
,,,distance,3.85748583924815
,,receptorAtoms
,,,atomIndex,892
,,,atomName,O
,,,chain,X
,,,resID,318
,,,resName,MET
,closeContacts.81
,,ligandAtoms
,,,atomIndex,21
,,,atomName,C28
,,,chain,X
,,,resID,1
,,,resName,UNL
,,metrics
,,,distance,3.783427810861469
,,receptorAtoms
,,,atomIndex,922
,,,atomName,CA
,,,chain,X
,,,resID,321
,,,resName,GLY
,closeContacts.82
,,ligandAtoms
,,,atomIndex,22
,,,atomName,O3
,,,chain,X
,,,resID,1
,,,resName,UNL
,,metrics
,,,distance,3.9681135316419556
,,receptorAtoms
,,,atomIndex,219
,,,atomName,CB
,,,chain,X
,,,resID,248
,,,resName,LEU
,closeContacts.83
,,ligandAtoms
,,,atomIndex,22
,,,atomName,O3
,,,chain,X
,,,resID,1
,,,resName,UNL
,,metrics
,,,distance,3.9345152179144
,,receptorAtoms
,,,atomIndex,221
,,,atomName,CD1
,,,chain,X
,,,resID,248
,,,resName,LEU
,closeContacts.84
,,ligandAtoms
,,,atomIndex,22
,,,atomName,O3
,,,chain,X
,,,resID,1
,,,resName,UNL
,,metrics
,,,distance,3.9828917886379998
,,receptorAtoms
,,,atomIndex,222
,,,atomName,CD2
,,,chain,X
,,,resID,248
,,,resName,LEU
,closeContacts.85
,,ligandAtoms
,,,atomIndex,23
,,,atomName,N5
,,,chain,X
,,,resID,1
,,,resName,UNL
,,metrics
,,,distance,3.4268675200538468
,,receptorAtoms
,,,atomIndex,885
,,,atomName,CE1
,,,chain,X
,,,resID,317
,,,resName,PHE
,closeContacts.86
,,ligandAtoms
,,,atomIndex,23
,,,atomName,N5
,,,chain,X
,,,resID,1
,,,resName,UNL
,,metrics
,,,distance,3.7215150140769286
,,receptorAtoms
,,,atomIndex,886
,,,atomName,CE2
,,,chain,X
,,,resID,317
,,,resName,PHE
,closeContacts.87
,,ligandAtoms
,,,atomIndex,23
,,,atomName,N5
,,,chain,X
,,,resID,1
,,,resName,UNL
,,metrics
,,,distance,3.1746172997701643
,,receptorAtoms
,,,atomIndex,887
,,,atomName,CZ
,,,chain,X
,,,resID,317
,,,resName,PHE
,closeContacts.88
,,ligandAtoms
,,,atomIndex,23
,,,atomName,N5
,,,chain,X
,,,resID,1
,,,resName,UNL
,,metrics
,,,distance,2.8257689219042668
,,receptorAtoms
,,,atomIndex,892
,,,atomName,O
,,,chain,X
,,,resID,318
,,,resName,MET
,closeContacts.89
,,ligandAtoms
,,,atomIndex,23
,,,atomName,N5
,,,chain,X
,,,resID,1
,,,resName,UNL
,,metrics
,,,distance,3.944453574324332
,,receptorAtoms
,,,atomIndex,897
,,,atomName,H
,,,chain,X
,,,resID,318
,,,resName,MET
,closeContacts.90
,,ligandAtoms
,,,atomIndex,23
,,,atomName,N5
,,,chain,X
,,,resID,1
,,,resName,UNL
,,metrics
,,,distance,3.5237380719911635
,,receptorAtoms
,,,atomIndex,921
,,,atomName,N
,,,chain,X
,,,resID,321
,,,resName,GLY
,closeContacts.91
,,ligandAtoms
,,,atomIndex,23
,,,atomName,N5
,,,chain,X
,,,resID,1
,,,resName,UNL
,,metrics
,,,distance,3.4335248652077657
,,receptorAtoms
,,,atomIndex,922
,,,atomName,CA
,,,chain,X
,,,resID,321
,,,resName,GLY
,closeContacts.92
,,ligandAtoms
,,,atomIndex,23
,,,atomName,N5
,,,chain,X
,,,resID,1
,,,resName,UNL
,,metrics
,,,distance,3.0984113671363915
,,receptorAtoms
,,,atomIndex,925
,,,atomName,H
,,,chain,X
,,,resID,321
,,,resName,GLY
,closeContacts.93
,,ligandAtoms
,,,atomIndex,24
,,,atomName,H30
,,,chain,X
,,,resID,1
,,,resName,UNL
,,metrics
,,,distance,3.9202771585692755
,,receptorAtoms
,,,atomIndex,883
,,,atomName,CD1
,,,chain,X
,,,resID,317
,,,resName,PHE
,closeContacts.94
,,ligandAtoms
,,,atomIndex,24
,,,atomName,H30
,,,chain,X
,,,resID,1
,,,resName,UNL
,,metrics
,,,distance,3.8144299705198423
,,receptorAtoms
,,,atomIndex,884
,,,atomName,CD2
,,,chain,X
,,,resID,317
,,,resName,PHE
,closeContacts.95
,,ligandAtoms
,,,atomIndex,24
,,,atomName,H30
,,,chain,X
,,,resID,1
,,,resName,UNL
,,metrics
,,,distance,3.46885081835469
,,receptorAtoms
,,,atomIndex,885
,,,atomName,CE1
,,,chain,X
,,,resID,317
,,,resName,PHE
,closeContacts.96
,,ligandAtoms
,,,atomIndex,24
,,,atomName,H30
,,,chain,X
,,,resID,1
,,,resName,UNL
,,metrics
,,,distance,3.3423579999754667
,,receptorAtoms
,,,atomIndex,886
,,,atomName,CE2
,,,chain,X
,,,resID,317
,,,resName,PHE
,closeContacts.97
,,ligandAtoms
,,,atomIndex,24
,,,atomName,H30
,,,chain,X
,,,resID,1
,,,resName,UNL
,,metrics
,,,distance,3.1623386915382747
,,receptorAtoms
,,,atomIndex,887
,,,atomName,CZ
,,,chain,X
,,,resID,317
,,,resName,PHE
,closeContacts.98
,,ligandAtoms
,,,atomIndex,24
,,,atomName,H30
,,,chain,X
,,,resID,1
,,,resName,UNL
,,metrics
,,,distance,3.650188214325393
,,receptorAtoms
,,,atomIndex,889
,,,atomName,N
,,,chain,X
,,,resID,318
,,,resName,MET
,closeContacts.99
,,ligandAtoms
,,,atomIndex,24
,,,atomName,H30
,,,chain,X
,,,resID,1
,,,resName,UNL
,,metrics
,,,distance,3.8222970842151978
,,receptorAtoms
,,,atomIndex,890
,,,atomName,CA
,,,chain,X
,,,resID,318
,,,resName,MET
,closeContacts.100
,,ligandAtoms
,,,atomIndex,24
,,,atomName,H30
,,,chain,X
,,,resID,1
,,,resName,UNL
,,metrics
,,,distance,3.0281269788435226
,,receptorAtoms
,,,atomIndex,891
,,,atomName,C
,,,chain,X
,,,resID,318
,,,resName,MET
,closeContacts.101
,,ligandAtoms
,,,atomIndex,24
,,,atomName,H30
,,,chain,X
,,,resID,1
,,,resName,UNL
,,metrics
,,,distance,1.8866401352669253
,,receptorAtoms
,,,atomIndex,892
,,,atomName,O
,,,chain,X
,,,resID,318
,,,resName,MET
,closeContacts.102
,,ligandAtoms
,,,atomIndex,24
,,,atomName,H30
,,,chain,X
,,,resID,1
,,,resName,UNL
,,metrics
,,,distance,3.0978607134601774
,,receptorAtoms
,,,atomIndex,897
,,,atomName,H
,,,chain,X
,,,resID,318
,,,resName,MET
,closeContacts.103
,,ligandAtoms
,,,atomIndex,24
,,,atomName,H30
,,,chain,X
,,,resID,1
,,,resName,UNL
,,metrics
,,,distance,3.9958294508149383
,,receptorAtoms
,,,atomIndex,900
,,,atomName,C
,,,chain,X
,,,resID,319
,,,resName,THR
,closeContacts.104
,,ligandAtoms
,,,atomIndex,24
,,,atomName,H30
,,,chain,X
,,,resID,1
,,,resName,UNL
,,metrics
,,,distance,3.4279385933823265
,,receptorAtoms
,,,atomIndex,921
,,,atomName,N
,,,chain,X
,,,resID,321
,,,resName,GLY
,closeContacts.105
,,ligandAtoms
,,,atomIndex,24
,,,atomName,H30
,,,chain,X
,,,resID,1
,,,resName,UNL
,,metrics
,,,distance,3.6320440525962794
,,receptorAtoms
,,,atomIndex,922
,,,atomName,CA
,,,chain,X
,,,resID,321
,,,resName,GLY
,closeContacts.106
,,ligandAtoms
,,,atomIndex,24
,,,atomName,H30
,,,chain,X
,,,resID,1
,,,resName,UNL
,,metrics
,,,distance,2.745397239016606
,,receptorAtoms
,,,atomIndex,925
,,,atomName,H
,,,chain,X
,,,resID,321
,,,resName,GLY
,closeContacts.107
,,ligandAtoms
,,,atomIndex,25
,,,atomName,H31
,,,chain,X
,,,resID,1
,,,resName,UNL
,,metrics
,,,distance,3.614130739195802
,,receptorAtoms
,,,atomIndex,885
,,,atomName,CE1
,,,chain,X
,,,resID,317
,,,resName,PHE
,closeContacts.108
,,ligandAtoms
,,,atomIndex,25
,,,atomName,H31
,,,chain,X
,,,resID,1
,,,resName,UNL
,,metrics
,,,distance,3.6998521592085276
,,receptorAtoms
,,,atomIndex,886
,,,atomName,CE2
,,,chain,X
,,,resID,317
,,,resName,PHE
,closeContacts.109
,,ligandAtoms
,,,atomIndex,25
,,,atomName,H31
,,,chain,X
,,,resID,1
,,,resName,UNL
,,metrics
,,,distance,3.0735069546041385
,,receptorAtoms
,,,atomIndex,887
,,,atomName,CZ
,,,chain,X
,,,resID,317
,,,resName,PHE
,closeContacts.110
,,ligandAtoms
,,,atomIndex,25
,,,atomName,H31
,,,chain,X
,,,resID,1
,,,resName,UNL
,,metrics
,,,distance,3.2776595308237857
,,receptorAtoms
,,,atomIndex,892
,,,atomName,O
,,,chain,X
,,,resID,318
,,,resName,MET
,closeContacts.111
,,ligandAtoms
,,,atomIndex,25
,,,atomName,H31
,,,chain,X
,,,resID,1
,,,resName,UNL
,,metrics
,,,distance,3.85061073078025
,,receptorAtoms
,,,atomIndex,901
,,,atomName,O
,,,chain,X
,,,resID,319
,,,resName,THR
,closeContacts.112
,,ligandAtoms
,,,atomIndex,25
,,,atomName,H31
,,,chain,X
,,,resID,1
,,,resName,UNL
,,metrics
,,,distance,3.450817294497059
,,receptorAtoms
,,,atomIndex,921
,,,atomName,N
,,,chain,X
,,,resID,321
,,,resName,GLY
,closeContacts.113
,,ligandAtoms
,,,atomIndex,25
,,,atomName,H31
,,,chain,X
,,,resID,1
,,,resName,UNL
,,metrics
,,,distance,3.4553475946711925
,,receptorAtoms
,,,atomIndex,922
,,,atomName,CA
,,,chain,X
,,,resID,321
,,,resName,GLY
,closeContacts.114
,,ligandAtoms
,,,atomIndex,25
,,,atomName,H31
,,,chain,X
,,,resID,1
,,,resName,UNL
,,metrics
,,,distance,3.1810691598894856
,,receptorAtoms
,,,atomIndex,925
,,,atomName,H
,,,chain,X
,,,resID,321
,,,resName,GLY
,closeContacts.115
,,ligandAtoms
,,,atomIndex,26
,,,atomName,C7
,,,chain,X
,,,resID,1
,,,resName,UNL
,,metrics
,,,distance,3.4118456881869674
,,receptorAtoms
,,,atomIndex,590
,,,atomName,OE2
,,,chain,X
,,,resID,286
,,,resName,GLU
,closeContacts.116
,,ligandAtoms
,,,atomIndex,26
,,,atomName,C7
,,,chain,X
,,,resID,1
,,,resName,UNL
,,metrics
,,,distance,3.6785834230040244
,,receptorAtoms
,,,atomIndex,618
,,,atomName,SD
,,,chain,X
,,,resID,290
,,,resName,MET
,closeContacts.117
,,ligandAtoms
,,,atomIndex,26
,,,atomName,C7
,,,chain,X
,,,resID,1
,,,resName,UNL
,,metrics
,,,distance,3.6011593966388102
,,receptorAtoms
,,,atomIndex,1517
,,,atomName,O
,,,chain,X
,,,resID,381
,,,resName,ASP
,closeContacts.118
,,ligandAtoms
,,,atomIndex,26
,,,atomName,C7
,,,chain,X
,,,resID,1
,,,resName,UNL
,,metrics
,,,distance,3.472262374878949
,,receptorAtoms
,,,atomIndex,1522
,,,atomName,H
,,,chain,X
,,,resID,381
,,,resName,ASP
,closeContacts.119
,,ligandAtoms
,,,atomIndex,27
,,,atomName,C8
,,,chain,X
,,,resID,1
,,,resName,UNL
,,metrics
,,,distance,3.3955809517665747
,,receptorAtoms
,,,atomIndex,587
,,,atomName,CG
,,,chain,X
,,,resID,286
,,,resName,GLU
,closeContacts.120
,,ligandAtoms
,,,atomIndex,27
,,,atomName,C8
,,,chain,X
,,,resID,1
,,,resName,UNL
,,metrics
,,,distance,3.6587503331055533
,,receptorAtoms
,,,atomIndex,588
,,,atomName,CD
,,,chain,X
,,,resID,286
,,,resName,GLU
,closeContacts.121
,,ligandAtoms
,,,atomIndex,27
,,,atomName,C8
,,,chain,X
,,,resID,1
,,,resName,UNL
,,metrics
,,,distance,3.125949135862578
,,receptorAtoms
,,,atomIndex,590
,,,atomName,OE2
,,,chain,X
,,,resID,286
,,,resName,GLU
,closeContacts.122
,,ligandAtoms
,,,atomIndex,27
,,,atomName,C8
,,,chain,X
,,,resID,1
,,,resName,UNL
,,metrics
,,,distance,3.303008779885395
,,receptorAtoms
,,,atomIndex,617
,,,atomName,CG
,,,chain,X
,,,resID,290
,,,resName,MET
,closeContacts.123
,,ligandAtoms
,,,atomIndex,27
,,,atomName,C8
,,,chain,X
,,,resID,1
,,,resName,UNL
,,metrics
,,,distance,3.2524632203915855
,,receptorAtoms
,,,atomIndex,618
,,,atomName,SD
,,,chain,X
,,,resID,290
,,,resName,MET
,closeContacts.124
,,ligandAtoms
,,,atomIndex,28
,,,atomName,C9
,,,chain,X
,,,resID,1
,,,resName,UNL
,,metrics
,,,distance,3.587713477968942
,,receptorAtoms
,,,atomIndex,617
,,,atomName,CG
,,,chain,X
,,,resID,290
,,,resName,MET
,closeContacts.125
,,ligandAtoms
,,,atomIndex,30
,,,atomName,C18
,,,chain,X
,,,resID,1
,,,resName,UNL
,,metrics
,,,distance,3.8093134552042307
,,receptorAtoms
,,,atomIndex,1514
,,,atomName,N
,,,chain,X
,,,resID,381
,,,resName,ASP
,closeContacts.126
,,ligandAtoms
,,,atomIndex,30
,,,atomName,C18
,,,chain,X
,,,resID,1
,,,resName,UNL
,,metrics
,,,distance,3.649576824783937
,,receptorAtoms
,,,atomIndex,1518
,,,atomName,CB
,,,chain,X
,,,resID,381
,,,resName,ASP
,closeContacts.127
,,ligandAtoms
,,,atomIndex,30
,,,atomName,C18
,,,chain,X
,,,resID,1
,,,resName,UNL
,,metrics
,,,distance,3.7968014169824578
,,receptorAtoms
,,,atomIndex,1522
,,,atomName,H
,,,chain,X
,,,resID,381
,,,resName,ASP
,closeContacts.128
,,ligandAtoms
,,,atomIndex,31
,,,atomName,C20
,,,chain,X
,,,resID,1
,,,resName,UNL
,,metrics
,,,distance,3.8987907099509704
,,receptorAtoms
,,,atomIndex,711
,,,atomName,CG2
,,,chain,X
,,,resID,299
,,,resName,VAL
,closeContacts.129
,,ligandAtoms
,,,atomIndex,31
,,,atomName,C20
,,,chain,X
,,,resID,1
,,,resName,UNL
,,metrics
,,,distance,3.752236000040509
,,receptorAtoms
,,,atomIndex,1510
,,,atomName,C
,,,chain,X
,,,resID,380
,,,resName,ALA
,closeContacts.130
,,ligandAtoms
,,,atomIndex,31
,,,atomName,C20
,,,chain,X
,,,resID,1
,,,resName,UNL
,,metrics
,,,distance,3.1923485085435144
,,receptorAtoms
,,,atomIndex,1514
,,,atomName,N
,,,chain,X
,,,resID,381
,,,resName,ASP
,closeContacts.131
,,ligandAtoms
,,,atomIndex,31
,,,atomName,C20
,,,chain,X
,,,resID,1
,,,resName,UNL
,,metrics
,,,distance,3.9142363239845395
,,receptorAtoms
,,,atomIndex,1515
,,,atomName,CA
,,,chain,X
,,,resID,381
,,,resName,ASP
,closeContacts.132
,,ligandAtoms
,,,atomIndex,31
,,,atomName,C20
,,,chain,X
,,,resID,1
,,,resName,UNL
,,metrics
,,,distance,3.7281700604988504
,,receptorAtoms
,,,atomIndex,1517
,,,atomName,O
,,,chain,X
,,,resID,381
,,,resName,ASP
,closeContacts.133
,,ligandAtoms
,,,atomIndex,31
,,,atomName,C20
,,,chain,X
,,,resID,1
,,,resName,UNL
,,metrics
,,,distance,3.672855156414421
,,receptorAtoms
,,,atomIndex,1518
,,,atomName,CB
,,,chain,X
,,,resID,381
,,,resName,ASP
,closeContacts.134
,,ligandAtoms
,,,atomIndex,31
,,,atomName,C20
,,,chain,X
,,,resID,1
,,,resName,UNL
,,metrics
,,,distance,2.8394032823817055
,,receptorAtoms
,,,atomIndex,1522
,,,atomName,H
,,,chain,X
,,,resID,381
,,,resName,ASP
,closeContacts.135
,,ligandAtoms
,,,atomIndex,32
,,,atomName,C11
,,,chain,X
,,,resID,1
,,,resName,UNL
,,metrics
,,,distance,3.5561684437045438
,,receptorAtoms
,,,atomIndex,609
,,,atomName,CG1
,,,chain,X
,,,resID,289
,,,resName,VAL
,closeContacts.136
,,ligandAtoms
,,,atomIndex,32
,,,atomName,C11
,,,chain,X
,,,resID,1
,,,resName,UNL
,,metrics
,,,distance,3.85074291533465
,,receptorAtoms
,,,atomIndex,651
,,,atomName,CD1
,,,chain,X
,,,resID,293
,,,resName,ILE
,closeContacts.137
,,ligandAtoms
,,,atomIndex,34
,,,atomName,C12
,,,chain,X
,,,resID,1
,,,resName,UNL
,,metrics
,,,distance,3.7280323228212495
,,receptorAtoms
,,,atomIndex,1320
,,,atomName,CA
,,,chain,X
,,,resID,361
,,,resName,HIE
,closeContacts.138
,,ligandAtoms
,,,atomIndex,35
,,,atomName,C13
,,,chain,X
,,,resID,1
,,,resName,UNL
,,metrics
,,,distance,3.8522924343824156
,,receptorAtoms
,,,atomIndex,1302
,,,atomName,CB
,,,chain,X
,,,resID,359
,,,resName,PHE
,closeContacts.139
,,ligandAtoms
,,,atomIndex,35
,,,atomName,C13
,,,chain,X
,,,resID,1
,,,resName,UNL
,,metrics
,,,distance,3.5127335509542994
,,receptorAtoms
,,,atomIndex,1313
,,,atomName,O
,,,chain,X
,,,resID,360
,,,resName,ILE
,closeContacts.140
,,ligandAtoms
,,,atomIndex,36
,,,atomName,N3
,,,chain,X
,,,resID,1
,,,resName,UNL
,,metrics
,,,distance,3.855678669183935
,,receptorAtoms
,,,atomIndex,609
,,,atomName,CG1
,,,chain,X
,,,resID,289
,,,resName,VAL
,closeContacts.141
,,ligandAtoms
,,,atomIndex,36
,,,atomName,N3
,,,chain,X
,,,resID,1
,,,resName,UNL
,,metrics
,,,distance,3.533569017296818
,,receptorAtoms
,,,atomIndex,1313
,,,atomName,O
,,,chain,X
,,,resID,360
,,,resName,ILE
,closeContacts.142
,,ligandAtoms
,,,atomIndex,36
,,,atomName,N3
,,,chain,X
,,,resID,1
,,,resName,UNL
,,metrics
,,,distance,3.9597355972337343
,,receptorAtoms
,,,atomIndex,1318
,,,atomName,H
,,,chain,X
,,,resID,360
,,,resName,ILE
,closeContacts.143
,,ligandAtoms
,,,atomIndex,37
,,,atomName,C16
,,,chain,X
,,,resID,1
,,,resName,UNL
,,metrics
,,,distance,3.292254242916243
,,receptorAtoms
,,,atomIndex,1313
,,,atomName,O
,,,chain,X
,,,resID,360
,,,resName,ILE
,closeContacts.144
,,ligandAtoms
,,,atomIndex,39
,,,atomName,C14
,,,chain,X
,,,resID,1
,,,resName,UNL
,,metrics
,,,distance,3.4511030120817896
,,receptorAtoms
,,,atomIndex,1302
,,,atomName,CB
,,,chain,X
,,,resID,359
,,,resName,PHE
,closeContacts.145
,,ligandAtoms
,,,atomIndex,39
,,,atomName,C14
,,,chain,X
,,,resID,1
,,,resName,UNL
,,metrics
,,,distance,3.731657808534968
,,receptorAtoms
,,,atomIndex,1303
,,,atomName,CG
,,,chain,X
,,,resID,359
,,,resName,PHE
,closeContacts.146
,,ligandAtoms
,,,atomIndex,39
,,,atomName,C14
,,,chain,X
,,,resID,1
,,,resName,UNL
,,metrics
,,,distance,3.7312440284709334
,,receptorAtoms
,,,atomIndex,1310
,,,atomName,N
,,,chain,X
,,,resID,360
,,,resName,ILE
,closeContacts.147
,,ligandAtoms
,,,atomIndex,39
,,,atomName,C14
,,,chain,X
,,,resID,1
,,,resName,UNL
,,metrics
,,,distance,3.354093320109027
,,receptorAtoms
,,,atomIndex,1313
,,,atomName,O
,,,chain,X
,,,resID,360
,,,resName,ILE
,closeContacts.148
,,ligandAtoms
,,,atomIndex,39
,,,atomName,C14
,,,chain,X
,,,resID,1
,,,resName,UNL
,,metrics
,,,distance,2.891222924646247
,,receptorAtoms
,,,atomIndex,1318
,,,atomName,H
,,,chain,X
,,,resID,360
,,,resName,ILE
,closeContacts.149
,,ligandAtoms
,,,atomIndex,40
,,,atomName,C15
,,,chain,X
,,,resID,1
,,,resName,UNL
,,metrics
,,,distance,3.9135101890757866
,,receptorAtoms
,,,atomIndex,1310
,,,atomName,N
,,,chain,X
,,,resID,360
,,,resName,ILE
,closeContacts.150
,,ligandAtoms
,,,atomIndex,40
,,,atomName,C15
,,,chain,X
,,,resID,1
,,,resName,UNL
,,metrics
,,,distance,3.1370304429507847
,,receptorAtoms
,,,atomIndex,1313
,,,atomName,O
,,,chain,X
,,,resID,360
,,,resName,ILE
,closeContacts.151
,,ligandAtoms
,,,atomIndex,40
,,,atomName,C15
,,,chain,X
,,,resID,1
,,,resName,UNL
,,metrics
,,,distance,2.9495999728776785
,,receptorAtoms
,,,atomIndex,1318
,,,atomName,H
,,,chain,X
,,,resID,360
,,,resName,ILE
,closeContacts.152
,,ligandAtoms
,,,atomIndex,41
,,,atomName,O2
,,,chain,X
,,,resID,1
,,,resName,UNL
,,metrics
,,,distance,3.068676587716601
,,receptorAtoms
,,,atomIndex,1310
,,,atomName,N
,,,chain,X
,,,resID,360
,,,resName,ILE
,closeContacts.153
,,ligandAtoms
,,,atomIndex,41
,,,atomName,O2
,,,chain,X
,,,resID,1
,,,resName,UNL
,,metrics
,,,distance,3.743357183064422
,,receptorAtoms
,,,atomIndex,1311
,,,atomName,CA
,,,chain,X
,,,resID,360
,,,resName,ILE
,closeContacts.154
,,ligandAtoms
,,,atomIndex,41
,,,atomName,O2
,,,chain,X
,,,resID,1
,,,resName,UNL
,,metrics
,,,distance,3.783791881168942
,,receptorAtoms
,,,atomIndex,1312
,,,atomName,C
,,,chain,X
,,,resID,360
,,,resName,ILE
,closeContacts.155
,,ligandAtoms
,,,atomIndex,41
,,,atomName,O2
,,,chain,X
,,,resID,1
,,,resName,UNL
,,metrics
,,,distance,3.0336061049516627
,,receptorAtoms
,,,atomIndex,1313
,,,atomName,O
,,,chain,X
,,,resID,360
,,,resName,ILE
,closeContacts.156
,,ligandAtoms
,,,atomIndex,41
,,,atomName,O2
,,,chain,X
,,,resID,1
,,,resName,UNL
,,metrics
,,,distance,3.7994004790229736
,,receptorAtoms
,,,atomIndex,1314
,,,atomName,CB
,,,chain,X
,,,resID,360
,,,resName,ILE
,closeContacts.157
,,ligandAtoms
,,,atomIndex,41
,,,atomName,O2
,,,chain,X
,,,resID,1
,,,resName,UNL
,,metrics
,,,distance,2.1051484508224125
,,receptorAtoms
,,,atomIndex,1318
,,,atomName,H
,,,chain,X
,,,resID,360
,,,resName,ILE
,closeContacts.158
,,ligandAtoms
,,,atomIndex,42
,,,atomName,H28
,,,chain,X
,,,resID,1
,,,resName,UNL
,,metrics
,,,distance,3.8614796386877406
,,receptorAtoms
,,,atomIndex,1310
,,,atomName,N
,,,chain,X
,,,resID,360
,,,resName,ILE
,closeContacts.159
,,ligandAtoms
,,,atomIndex,42
,,,atomName,H28
,,,chain,X
,,,resID,1
,,,resName,UNL
,,metrics
,,,distance,3.8037871917340484
,,receptorAtoms
,,,atomIndex,1313
,,,atomName,O
,,,chain,X
,,,resID,360
,,,resName,ILE
,closeContacts.160
,,ligandAtoms
,,,atomIndex,42
,,,atomName,H28
,,,chain,X
,,,resID,1
,,,resName,UNL
,,metrics
,,,distance,2.9464862124231983
,,receptorAtoms
,,,atomIndex,1318
,,,atomName,H
,,,chain,X
,,,resID,360
,,,resName,ILE
,closeContacts.161
,,ligandAtoms
,,,atomIndex,43
,,,atomName,C19
,,,chain,X
,,,resID,1
,,,resName,UNL
,,metrics
,,,distance,3.6856949141240647
,,receptorAtoms
,,,atomIndex,1330
,,,atomName,HE2
,,,chain,X
,,,resID,361
,,,resName,HIE
,closeContacts.162
,,ligandAtoms
,,,atomIndex,43
,,,atomName,C19
,,,chain,X
,,,resID,1
,,,resName,UNL
,,metrics
,,,distance,3.888429631612227
,,receptorAtoms
,,,atomIndex,1509
,,,atomName,CA
,,,chain,X
,,,resID,380
,,,resName,ALA
,closeContacts.163
,,ligandAtoms
,,,atomIndex,43
,,,atomName,C19
,,,chain,X
,,,resID,1
,,,resName,UNL
,,metrics
,,,distance,3.5197695947320184
,,receptorAtoms
,,,atomIndex,1510
,,,atomName,C
,,,chain,X
,,,resID,380
,,,resName,ALA
,closeContacts.164
,,ligandAtoms
,,,atomIndex,43
,,,atomName,C19
,,,chain,X
,,,resID,1
,,,resName,UNL
,,metrics
,,,distance,3.7344987615475254
,,receptorAtoms
,,,atomIndex,1511
,,,atomName,O
,,,chain,X
,,,resID,380
,,,resName,ALA
,closeContacts.165
,,ligandAtoms
,,,atomIndex,43
,,,atomName,C19
,,,chain,X
,,,resID,1
,,,resName,UNL
,,metrics
,,,distance,3.73061147802877
,,receptorAtoms
,,,atomIndex,1514
,,,atomName,N
,,,chain,X
,,,resID,381
,,,resName,ASP
,closeContacts.166
,,ligandAtoms
,,,atomIndex,43
,,,atomName,C19
,,,chain,X
,,,resID,1
,,,resName,UNL
,,metrics
,,,distance,3.7252699231062443
,,receptorAtoms
,,,atomIndex,1518
,,,atomName,CB
,,,chain,X
,,,resID,381
,,,resName,ASP
,closeContacts.167
,,ligandAtoms
,,,atomIndex,45
,,,atomName,F2
,,,chain,X
,,,resID,1
,,,resName,UNL
,,metrics
,,,distance,3.2104027784687705
,,receptorAtoms
,,,atomIndex,1325
,,,atomName,CD2
,,,chain,X
,,,resID,361
,,,resName,HIE
,closeContacts.168
,,ligandAtoms
,,,atomIndex,45
,,,atomName,F2
,,,chain,X
,,,resID,1
,,,resName,UNL
,,metrics
,,,distance,3.583737713616888
,,receptorAtoms
,,,atomIndex,1327
,,,atomName,CE1
,,,chain,X
,,,resID,361
,,,resName,HIE
,closeContacts.169
,,ligandAtoms
,,,atomIndex,45
,,,atomName,F2
,,,chain,X
,,,resID,1
,,,resName,UNL
,,metrics
,,,distance,2.8373151041081073
,,receptorAtoms
,,,atomIndex,1328
,,,atomName,NE2
,,,chain,X
,,,resID,361
,,,resName,HIE
,closeContacts.170
,,ligandAtoms
,,,atomIndex,45
,,,atomName,F2
,,,chain,X
,,,resID,1
,,,resName,UNL
,,metrics
,,,distance,2.57783824162805
,,receptorAtoms
,,,atomIndex,1330
,,,atomName,HE2
,,,chain,X
,,,resID,361
,,,resName,HIE
,closeContacts.171
,,ligandAtoms
,,,atomIndex,45
,,,atomName,F2
,,,chain,X
,,,resID,1
,,,resName,UNL
,,metrics
,,,distance,3.948577718622237
,,receptorAtoms
,,,atomIndex,1509
,,,atomName,CA
,,,chain,X
,,,resID,380
,,,resName,ALA
,closeContacts.172
,,ligandAtoms
,,,atomIndex,45
,,,atomName,F2
,,,chain,X
,,,resID,1
,,,resName,UNL
,,metrics
,,,distance,3.127900733719021
,,receptorAtoms
,,,atomIndex,1510
,,,atomName,C
,,,chain,X
,,,resID,380
,,,resName,ALA
,closeContacts.173
,,ligandAtoms
,,,atomIndex,45
,,,atomName,F2
,,,chain,X
,,,resID,1
,,,resName,UNL
,,metrics
,,,distance,2.9492734698566014
,,receptorAtoms
,,,atomIndex,1511
,,,atomName,O
,,,chain,X
,,,resID,380
,,,resName,ALA
,closeContacts.174
,,ligandAtoms
,,,atomIndex,45
,,,atomName,F2
,,,chain,X
,,,resID,1
,,,resName,UNL
,,metrics
,,,distance,3.4029753158082117
,,receptorAtoms
,,,atomIndex,1514
,,,atomName,N
,,,chain,X
,,,resID,381
,,,resName,ASP
,closeContacts.175
,,ligandAtoms
,,,atomIndex,45
,,,atomName,F2
,,,chain,X
,,,resID,1
,,,resName,UNL
,,metrics
,,,distance,3.6841441339882457
,,receptorAtoms
,,,atomIndex,1515
,,,atomName,CA
,,,chain,X
,,,resID,381
,,,resName,ASP
,closeContacts.176
,,ligandAtoms
,,,atomIndex,45
,,,atomName,F2
,,,chain,X
,,,resID,1
,,,resName,UNL
,,metrics
,,,distance,2.8886171432019165
,,receptorAtoms
,,,atomIndex,1518
,,,atomName,CB
,,,chain,X
,,,resID,381
,,,resName,ASP
,closeContacts.177
,,ligandAtoms
,,,atomIndex,45
,,,atomName,F2
,,,chain,X
,,,resID,1
,,,resName,UNL
,,metrics
,,,distance,3.9977787582606417
,,receptorAtoms
,,,atomIndex,1522
,,,atomName,H
,,,chain,X
,,,resID,381
,,,resName,ASP
,closeContacts.178
,,ligandAtoms
,,,atomIndex,46
,,,atomName,F3
,,,chain,X
,,,resID,1
,,,resName,UNL
,,metrics
,,,distance,3.9158063026661587
,,receptorAtoms
,,,atomIndex,712
,,,atomName,H
,,,chain,X
,,,resID,299
,,,resName,VAL
,closeContacts.179
,,ligandAtoms
,,,atomIndex,46
,,,atomName,F3
,,,chain,X
,,,resID,1
,,,resName,UNL
,,metrics
,,,distance,3.6697670225778634
,,receptorAtoms
,,,atomIndex,1330
,,,atomName,HE2
,,,chain,X
,,,resID,361
,,,resName,HIE
,closeContacts.180
,,ligandAtoms
,,,atomIndex,46
,,,atomName,F3
,,,chain,X
,,,resID,1
,,,resName,UNL
,,metrics
,,,distance,3.4950218883434774
,,receptorAtoms
,,,atomIndex,1502
,,,atomName,C
,,,chain,X
,,,resID,379
,,,resName,VAL
,closeContacts.181
,,ligandAtoms
,,,atomIndex,46
,,,atomName,F3
,,,chain,X
,,,resID,1
,,,resName,UNL
,,metrics
,,,distance,3.1900095611142008
,,receptorAtoms
,,,atomIndex,1503
,,,atomName,O
,,,chain,X
,,,resID,379
,,,resName,VAL
,closeContacts.182
,,ligandAtoms
,,,atomIndex,46
,,,atomName,F3
,,,chain,X
,,,resID,1
,,,resName,UNL
,,metrics
,,,distance,3.87518025387207
,,receptorAtoms
,,,atomIndex,1505
,,,atomName,CG1
,,,chain,X
,,,resID,379
,,,resName,VAL
,closeContacts.183
,,ligandAtoms
,,,atomIndex,46
,,,atomName,F3
,,,chain,X
,,,resID,1
,,,resName,UNL
,,metrics
,,,distance,3.412708748194021
,,receptorAtoms
,,,atomIndex,1508
,,,atomName,N
,,,chain,X
,,,resID,380
,,,resName,ALA
,closeContacts.184
,,ligandAtoms
,,,atomIndex,46
,,,atomName,F3
,,,chain,X
,,,resID,1
,,,resName,UNL
,,metrics
,,,distance,2.8773331402533135
,,receptorAtoms
,,,atomIndex,1509
,,,atomName,CA
,,,chain,X
,,,resID,380
,,,resName,ALA
,closeContacts.185
,,ligandAtoms
,,,atomIndex,46
,,,atomName,F3
,,,chain,X
,,,resID,1
,,,resName,UNL
,,metrics
,,,distance,3.0080962418114208
,,receptorAtoms
,,,atomIndex,1510
,,,atomName,C
,,,chain,X
,,,resID,380
,,,resName,ALA
,closeContacts.186
,,ligandAtoms
,,,atomIndex,46
,,,atomName,F3
,,,chain,X
,,,resID,1
,,,resName,UNL
,,metrics
,,,distance,3.3960674316037953
,,receptorAtoms
,,,atomIndex,1511
,,,atomName,O
,,,chain,X
,,,resID,380
,,,resName,ALA
,closeContacts.187
,,ligandAtoms
,,,atomIndex,46
,,,atomName,F3
,,,chain,X
,,,resID,1
,,,resName,UNL
,,metrics
,,,distance,3.538163506679701
,,receptorAtoms
,,,atomIndex,1514
,,,atomName,N
,,,chain,X
,,,resID,381
,,,resName,ASP
,closeContacts.188
,,ligandAtoms
,,,atomIndex,46
,,,atomName,F3
,,,chain,X
,,,resID,1
,,,resName,UNL
,,metrics
,,,distance,3.7410152365367346
,,receptorAtoms
,,,atomIndex,1522
,,,atomName,H
,,,chain,X
,,,resID,381
,,,resName,ASP
closestContacts
,closestContacts.1
,,ligandAtoms
,,,atomIndex,4
,,,atomName,H29
,,,chain,X
,,,resID,1
,,,resName,UNL
,,metrics
,,,distance,2.1511664277781946
,,receptorAtoms
,,,atomIndex,590
,,,atomName,OE2
,,,chain,X
,,,resID,286
,,,resName,GLU
,closestContacts.2
,,ligandAtoms
,,,atomIndex,15
,,,atomName,C26
,,,chain,X
,,,resID,1
,,,resName,UNL
,,metrics
,,,distance,2.455510130298793
,,receptorAtoms
,,,atomIndex,897
,,,atomName,H
,,,chain,X
,,,resID,318
,,,resName,MET
,closestContacts.3
,,ligandAtoms
,,,atomIndex,16
,,,atomName,N4
,,,chain,X
,,,resID,1
,,,resName,UNL
,,metrics
,,,distance,2.1662236726617135
,,receptorAtoms
,,,atomIndex,897
,,,atomName,H
,,,chain,X
,,,resID,318
,,,resName,MET
,closestContacts.4
,,ligandAtoms
,,,atomIndex,18
,,,atomName,H4
,,,chain,X
,,,resID,1
,,,resName,UNL
,,metrics
,,,distance,2.464535250305826
,,receptorAtoms
,,,atomIndex,889
,,,atomName,N
,,,chain,X
,,,resID,318
,,,resName,MET
,closestContacts.5
,,ligandAtoms
,,,atomIndex,18
,,,atomName,H4
,,,chain,X
,,,resID,1
,,,resName,UNL
,,metrics
,,,distance,2.148045390581867
,,receptorAtoms
,,,atomIndex,892
,,,atomName,O
,,,chain,X
,,,resID,318
,,,resName,MET
,closestContacts.6
,,ligandAtoms
,,,atomIndex,18
,,,atomName,H4
,,,chain,X
,,,resID,1
,,,resName,UNL
,,metrics
,,,distance,1.706077665289596
,,receptorAtoms
,,,atomIndex,897
,,,atomName,H
,,,chain,X
,,,resID,318
,,,resName,MET
,closestContacts.7
,,ligandAtoms
,,,atomIndex,24
,,,atomName,H30
,,,chain,X
,,,resID,1
,,,resName,UNL
,,metrics
,,,distance,1.8866401352669253
,,receptorAtoms
,,,atomIndex,892
,,,atomName,O
,,,chain,X
,,,resID,318
,,,resName,MET
,closestContacts.8
,,ligandAtoms
,,,atomIndex,41
,,,atomName,O2
,,,chain,X
,,,resID,1
,,,resName,UNL
,,metrics
,,,distance,2.1051484508224125
,,receptorAtoms
,,,atomIndex,1318
,,,atomName,H
,,,chain,X
,,,resID,360
,,,resName,ILE
electrostaticEnergies
,C_C,0
,C_F,0
,C_HH,0
,C_N,0
,C_OO,0
,C_SS,0
,F_HH,0
,F_N,0
,F_OO,0
,HH_HH,0
,HH_N,0
,HH_OO,0
,HH_SS,0
,N_N,0
,N_OO,0
,N_SS,0
,OO_OO,0
halogenBonds
,halogenBonds.1
,,ligandAtoms
,,,ligandAtoms.1
,,,,atomIndex,43
,,,,atomName,C19
,,,,chain,X
,,,,resID,1
,,,,resName,UNL
,,,ligandAtoms.2
,,,,atomIndex,45
,,,,atomName,F2
,,,,chain,X
,,,,resID,1
,,,,resName,UNL
,,metrics
,,,angle,30.02043256674196
,,,distance,4.0752965536264965
,,receptorAtoms
,,,atomIndex,1328
,,,atomName,NE2
,,,chain,X
,,,resID,361
,,,resName,HIE
,halogenBonds.2
,,ligandAtoms
,,,ligandAtoms.1
,,,,atomIndex,43
,,,,atomName,C19
,,,,chain,X
,,,,resID,1
,,,,resName,UNL
,,,ligandAtoms.2
,,,,atomIndex,46
,,,,atomName,F3
,,,,chain,X
,,,,resID,1
,,,,resName,UNL
,,metrics
,,,angle,7.535012373503065
,,,distance,4.54295454522715
,,receptorAtoms
,,,atomIndex,1503
,,,atomName,O
,,,chain,X
,,,resID,379
,,,resName,VAL
hydrogenBonds
,hydrogenBonds.1
,,ligandAtoms
,,,atomIndex,2
,,,atomName,O1
,,,chain,X
,,,resID,1
,,,resName,UNL
,,metrics
,,,angle,33.283227940817596
,,,distance,3.8426372454344424
,,receptorAtoms
,,,receptorAtoms.1
,,,,atomIndex,1514
,,,,atomName,N
,,,,chain,X
,,,,resID,381
,,,,resName,ASP
,,,receptorAtoms.2
,,,,atomIndex,1522
,,,,atomName,H
,,,,chain,X
,,,,resID,381
,,,,resName,ASP
,hydrogenBonds.2
,,ligandAtoms
,,,ligandAtoms.1
,,,,atomIndex,3
,,,,atomName,N1
,,,,chain,X
,,,,resID,1
,,,,resName,UNL
,,,ligandAtoms.2
,,,,atomIndex,4
,,,,atomName,H29
,,,,chain,X
,,,,resID,1
,,,,resName,UNL
,,metrics
,,,angle,35.17269888150821
,,,distance,3.034841017252799
,,receptorAtoms
,,,atomIndex,590
,,,atomName,OE2
,,,chain,X
,,,resID,286
,,,resName,GLU
,hydrogenBonds.3
,,ligandAtoms
,,,atomIndex,16
,,,atomName,N4
,,,chain,X
,,,resID,1
,,,resName,UNL
,,metrics
,,,angle,25.875054810403242
,,,distance,3.1054967396537387
,,receptorAtoms
,,,receptorAtoms.1
,,,,atomIndex,889
,,,,atomName,N
,,,,chain,X
,,,,resID,318
,,,,resName,MET
,,,receptorAtoms.2
,,,,atomIndex,897
,,,,atomName,H
,,,,chain,X
,,,,resID,318
,,,,resName,MET
,hydrogenBonds.4
,,ligandAtoms
,,,ligandAtoms.1
,,,,atomIndex,16
,,,,atomName,N4
,,,,chain,X
,,,,resID,1
,,,,resName,UNL
,,,ligandAtoms.2
,,,,atomIndex,18
,,,,atomName,H4
,,,,chain,X
,,,,resID,1
,,,,resName,UNL
,,metrics
,,,angle,17.21315945045717
,,,distance,3.1369123354024433
,,receptorAtoms
,,,atomIndex,892
,,,atomName,O
,,,chain,X
,,,resID,318
,,,resName,MET
,hydrogenBonds.5
,,ligandAtoms
,,,ligandAtoms.1
,,,,atomIndex,23
,,,,atomName,N5
,,,,chain,X
,,,,resID,1
,,,,resName,UNL
,,,ligandAtoms.2
,,,,atomIndex,24
,,,,atomName,H30
,,,,chain,X
,,,,resID,1
,,,,resName,UNL
,,metrics
,,,angle,27.259519508868806
,,,distance,2.8257689219042668
,,receptorAtoms
,,,atomIndex,892
,,,atomName,O
,,,chain,X
,,,resID,318
,,,resName,MET
,hydrogenBonds.6
,,ligandAtoms
,,,atomIndex,41
,,,atomName,O2
,,,chain,X
,,,resID,1
,,,resName,UNL
,,metrics
,,,angle,20.973751957724687
,,,distance,3.068676587716601
,,receptorAtoms
,,,receptorAtoms.1
,,,,atomIndex,1310
,,,,atomName,N
,,,,chain,X
,,,,resID,360
,,,,resName,ILE
,,,receptorAtoms.2
,,,,atomIndex,1318
,,,,atomName,H
,,,,chain,X
,,,,resID,360
,,,,resName,ILE
hydrophobicContacts
,hydrophobicContacts.1
,,ligandAtoms
,,,atomIndex,1
,,,atomName,C6
,,,chain,X
,,,resID,1
,,,resName,UNL
,,metrics
,,,distance,3.867840999834404
,,receptorAtoms
,,,atomIndex,619
,,,atomName,CE
,,,chain,X
,,,resID,290
,,,resName,MET
,hydrophobicContacts.2
,,ligandAtoms
,,,atomIndex,1
,,,atomName,C6
,,,chain,X
,,,resID,1
,,,resName,UNL
,,metrics
,,,distance,3.537133867978423
,,receptorAtoms
,,,atomIndex,711
,,,atomName,CG2
,,,chain,X
,,,resID,299
,,,resName,VAL
,hydrophobicContacts.3
,,ligandAtoms
,,,atomIndex,7
,,,atomName,C3
,,,chain,X
,,,resID,1
,,,resName,UNL
,,metrics
,,,distance,3.7809366564384543
,,receptorAtoms
,,,atomIndex,433
,,,atomName,CB
,,,chain,X
,,,resID,271
,,,resName,LYS
,hydrophobicContacts.4
,,ligandAtoms
,,,atomIndex,8
,,,atomName,C2
,,,chain,X
,,,resID,1
,,,resName,UNL
,,metrics
,,,distance,3.8452802238588535
,,receptorAtoms
,,,atomIndex,1532
,,,atomName,CE2
,,,chain,X
,,,resID,382
,,,resName,PHE
,hydrophobicContacts.5
,,ligandAtoms
,,,atomIndex,9
,,,atomName,C1
,,,chain,X
,,,resID,1
,,,resName,UNL
,,metrics
,,,distance,3.719015192224952
,,receptorAtoms
,,,atomIndex,284
,,,atomName,CB
,,,chain,X
,,,resID,256
,,,resName,VAL
,hydrophobicContacts.6
,,ligandAtoms
,,,atomIndex,9
,,,atomName,C1
,,,chain,X
,,,resID,1
,,,resName,UNL
,,metrics
,,,distance,3.4721955590087377
,,receptorAtoms
,,,atomIndex,285
,,,atomName,CG1
,,,chain,X
,,,resID,256
,,,resName,VAL
,hydrophobicContacts.7
,,ligandAtoms
,,,atomIndex,9
,,,atomName,C1
,,,chain,X
,,,resID,1
,,,resName,UNL
,,metrics
,,,distance,3.7666816961352056
,,receptorAtoms
,,,atomIndex,419
,,,atomName,CB
,,,chain,X
,,,resID,269
,,,resName,ALA
,hydrophobicContacts.8
,,ligandAtoms
,,,atomIndex,9
,,,atomName,C1
,,,chain,X
,,,resID,1
,,,resName,UNL
,,metrics
,,,distance,3.9598366127909888
,,receptorAtoms
,,,atomIndex,423
,,,atomName,C
,,,chain,X
,,,resID,270
,,,resName,VAL
,hydrophobicContacts.9
,,ligandAtoms
,,,atomIndex,10
,,,atomName,C22
,,,chain,X
,,,resID,1
,,,resName,UNL
,,metrics
,,,distance,3.999637733595382
,,receptorAtoms
,,,atomIndex,863
,,,atomName,CG1
,,,chain,X
,,,resID,315
,,,resName,ILE
,hydrophobicContacts.10
,,ligandAtoms
,,,atomIndex,10
,,,atomName,C22
,,,chain,X
,,,resID,1
,,,resName,UNL
,,metrics
,,,distance,3.6140803809544693
,,receptorAtoms
,,,atomIndex,865
,,,atomName,CD1
,,,chain,X
,,,resID,315
,,,resName,ILE
,hydrophobicContacts.11
,,ligandAtoms
,,,atomIndex,10
,,,atomName,C22
,,,chain,X
,,,resID,1
,,,resName,UNL
,,metrics
,,,distance,3.2579240322634897
,,receptorAtoms
,,,atomIndex,1532
,,,atomName,CE2
,,,chain,X
,,,resID,382
,,,resName,PHE
,hydrophobicContacts.12
,,ligandAtoms
,,,atomIndex,10
,,,atomName,C22
,,,chain,X
,,,resID,1
,,,resName,UNL
,,metrics
,,,distance,3.7135343003667005
,,receptorAtoms
,,,atomIndex,1533
,,,atomName,CZ
,,,chain,X
,,,resID,382
,,,resName,PHE
,hydrophobicContacts.13
,,ligandAtoms
,,,atomIndex,11
,,,atomName,C21
,,,chain,X
,,,resID,1
,,,resName,UNL
,,metrics
,,,distance,3.4540128835891726
,,receptorAtoms
,,,atomIndex,865
,,,atomName,CD1
,,,chain,X
,,,resID,315
,,,resName,ILE
,hydrophobicContacts.14
,,ligandAtoms
,,,atomIndex,11
,,,atomName,C21
,,,chain,X
,,,resID,1
,,,resName,UNL
,,metrics
,,,distance,3.5284961385836886
,,receptorAtoms
,,,atomIndex,1532
,,,atomName,CE2
,,,chain,X
,,,resID,382
,,,resName,PHE
,hydrophobicContacts.15
,,ligandAtoms
,,,atomIndex,11
,,,atomName,C21
,,,chain,X
,,,resID,1
,,,resName,UNL
,,metrics
,,,distance,3.71499084790259
,,receptorAtoms
,,,atomIndex,1533
,,,atomName,CZ
,,,chain,X
,,,resID,382
,,,resName,PHE
,hydrophobicContacts.16
,,ligandAtoms
,,,atomIndex,12
,,,atomName,C23
,,,chain,X
,,,resID,1
,,,resName,UNL
,,metrics
,,,distance,3.9162503750398816
,,receptorAtoms
,,,atomIndex,419
,,,atomName,CB
,,,chain,X
,,,resID,269
,,,resName,ALA
,hydrophobicContacts.17
,,ligandAtoms
,,,atomIndex,12
,,,atomName,C23
,,,chain,X
,,,resID,1
,,,resName,UNL
,,metrics
,,,distance,3.5886707845663413
,,receptorAtoms
,,,atomIndex,865
,,,atomName,CD1
,,,chain,X
,,,resID,315
,,,resName,ILE
,hydrophobicContacts.18
,,ligandAtoms
,,,atomIndex,12
,,,atomName,C23
,,,chain,X
,,,resID,1
,,,resName,UNL
,,metrics
,,,distance,3.237120016310793
,,receptorAtoms
,,,atomIndex,1532
,,,atomName,CE2
,,,chain,X
,,,resID,382
,,,resName,PHE
,hydrophobicContacts.19
,,ligandAtoms
,,,atomIndex,12
,,,atomName,C23
,,,chain,X
,,,resID,1
,,,resName,UNL
,,metrics
,,,distance,3.3891110928973682
,,receptorAtoms
,,,atomIndex,1533
,,,atomName,CZ
,,,chain,X
,,,resID,382
,,,resName,PHE
,hydrophobicContacts.20
,,ligandAtoms
,,,atomIndex,13
,,,atomName,C24
,,,chain,X
,,,resID,1
,,,resName,UNL
,,metrics
,,,distance,3.6147395480172566
,,receptorAtoms
,,,atomIndex,419
,,,atomName,CB
,,,chain,X
,,,resID,269
,,,resName,ALA
,hydrophobicContacts.21
,,ligandAtoms
,,,atomIndex,13
,,,atomName,C24
,,,chain,X
,,,resID,1
,,,resName,UNL
,,metrics
,,,distance,3.9844192801461036
,,receptorAtoms
,,,atomIndex,865
,,,atomName,CD1
,,,chain,X
,,,resID,315
,,,resName,ILE
,hydrophobicContacts.22
,,ligandAtoms
,,,atomIndex,13
,,,atomName,C24
,,,chain,X
,,,resID,1
,,,resName,UNL
,,metrics
,,,distance,3.7839478061939498
,,receptorAtoms
,,,atomIndex,1420
,,,atomName,CD1
,,,chain,X
,,,resID,370
,,,resName,LEU
,hydrophobicContacts.23
,,ligandAtoms
,,,atomIndex,13
,,,atomName,C24
,,,chain,X
,,,resID,1
,,,resName,UNL
,,metrics
,,,distance,3.6782214452096262
,,receptorAtoms
,,,atomIndex,1532
,,,atomName,CE2
,,,chain,X
,,,resID,382
,,,resName,PHE
,hydrophobicContacts.24
,,ligandAtoms
,,,atomIndex,13
,,,atomName,C24
,,,chain,X
,,,resID,1
,,,resName,UNL
,,metrics
,,,distance,3.5654448530302636
,,receptorAtoms
,,,atomIndex,1533
,,,atomName,CZ
,,,chain,X
,,,resID,382
,,,resName,PHE
,hydrophobicContacts.25
,,ligandAtoms
,,,atomIndex,14
,,,atomName,C25
,,,chain,X
,,,resID,1
,,,resName,UNL
,,metrics
,,,distance,3.7576398177579518
,,receptorAtoms
,,,atomIndex,419
,,,atomName,CB
,,,chain,X
,,,resID,269
,,,resName,ALA
,hydrophobicContacts.26
,,ligandAtoms
,,,atomIndex,14
,,,atomName,C25
,,,chain,X
,,,resID,1
,,,resName,UNL
,,metrics
,,,distance,3.8849664091211897
,,receptorAtoms
,,,atomIndex,1420
,,,atomName,CD1
,,,chain,X
,,,resID,370
,,,resName,LEU
,hydrophobicContacts.27
,,ligandAtoms
,,,atomIndex,14
,,,atomName,C25
,,,chain,X
,,,resID,1
,,,resName,UNL
,,metrics
,,,distance,3.7093058649833655
,,receptorAtoms
,,,atomIndex,1421
,,,atomName,CD2
,,,chain,X
,,,resID,370
,,,resName,LEU
,hydrophobicContacts.28
,,ligandAtoms
,,,atomIndex,15
,,,atomName,C26
,,,chain,X
,,,resID,1
,,,resName,UNL
,,metrics
,,,distance,3.794603009538679
,,receptorAtoms
,,,atomIndex,893
,,,atomName,CB
,,,chain,X
,,,resID,318
,,,resName,MET
,hydrophobicContacts.29
,,ligandAtoms
,,,atomIndex,15
,,,atomName,C26
,,,chain,X
,,,resID,1
,,,resName,UNL
,,metrics
,,,distance,3.6819816675263333
,,receptorAtoms
,,,atomIndex,1420
,,,atomName,CD1
,,,chain,X
,,,resID,370
,,,resName,LEU
,hydrophobicContacts.30
,,ligandAtoms
,,,atomIndex,15
,,,atomName,C26
,,,chain,X
,,,resID,1
,,,resName,UNL
,,metrics
,,,distance,3.6378272361397257
,,receptorAtoms
,,,atomIndex,1421
,,,atomName,CD2
,,,chain,X
,,,resID,370
,,,resName,LEU
,hydrophobicContacts.31
,,ligandAtoms
,,,atomIndex,20
,,,atomName,C29
,,,chain,X
,,,resID,1
,,,resName,UNL
,,metrics
,,,distance,3.484597681225194
,,receptorAtoms
,,,atomIndex,221
,,,atomName,CD1
,,,chain,X
,,,resID,248
,,,resName,LEU
,hydrophobicContacts.32
,,ligandAtoms
,,,atomIndex,21
,,,atomName,C28
,,,chain,X
,,,resID,1
,,,resName,UNL
,,metrics
,,,distance,3.7719599679742104
,,receptorAtoms
,,,atomIndex,885
,,,atomName,CE1
,,,chain,X
,,,resID,317
,,,resName,PHE
,hydrophobicContacts.33
,,ligandAtoms
,,,atomIndex,21
,,,atomName,C28
,,,chain,X
,,,resID,1
,,,resName,UNL
,,metrics
,,,distance,3.9701178823808263
,,receptorAtoms
,,,atomIndex,887
,,,atomName,CZ
,,,chain,X
,,,resID,317
,,,resName,PHE
,hydrophobicContacts.34
,,ligandAtoms
,,,atomIndex,21
,,,atomName,C28
,,,chain,X
,,,resID,1
,,,resName,UNL
,,metrics
,,,distance,3.783427810861469
,,receptorAtoms
,,,atomIndex,922
,,,atomName,CA
,,,chain,X
,,,resID,321
,,,resName,GLY
,hydrophobicContacts.35
,,ligandAtoms
,,,atomIndex,27
,,,atomName,C8
,,,chain,X
,,,resID,1
,,,resName,UNL
,,metrics
,,,distance,3.3955809517665747
,,receptorAtoms
,,,atomIndex,587
,,,atomName,CG
,,,chain,X
,,,resID,286
,,,resName,GLU
,hydrophobicContacts.36
,,ligandAtoms
,,,atomIndex,27
,,,atomName,C8
,,,chain,X
,,,resID,1
,,,resName,UNL
,,metrics
,,,distance,3.6587503331055533
,,receptorAtoms
,,,atomIndex,588
,,,atomName,CD
,,,chain,X
,,,resID,286
,,,resName,GLU
,hydrophobicContacts.37
,,ligandAtoms
,,,atomIndex,27
,,,atomName,C8
,,,chain,X
,,,resID,1
,,,resName,UNL
,,metrics
,,,distance,3.303008779885395
,,receptorAtoms
,,,atomIndex,617
,,,atomName,CG
,,,chain,X
,,,resID,290
,,,resName,MET
,hydrophobicContacts.38
,,ligandAtoms
,,,atomIndex,28
,,,atomName,C9
,,,chain,X
,,,resID,1
,,,resName,UNL
,,metrics
,,,distance,3.587713477968942
,,receptorAtoms
,,,atomIndex,617
,,,atomName,CG
,,,chain,X
,,,resID,290
,,,resName,MET
,hydrophobicContacts.39
,,ligandAtoms
,,,atomIndex,30
,,,atomName,C18
,,,chain,X
,,,resID,1
,,,resName,UNL
,,metrics
,,,distance,3.649576824783937
,,receptorAtoms
,,,atomIndex,1518
,,,atomName,CB
,,,chain,X
,,,resID,381
,,,resName,ASP
,hydrophobicContacts.40
,,ligandAtoms
,,,atomIndex,31
,,,atomName,C20
,,,chain,X
,,,resID,1
,,,resName,UNL
,,metrics
,,,distance,3.8987907099509704
,,receptorAtoms
,,,atomIndex,711
,,,atomName,CG2
,,,chain,X
,,,resID,299
,,,resName,VAL
,hydrophobicContacts.41
,,ligandAtoms
,,,atomIndex,31
,,,atomName,C20
,,,chain,X
,,,resID,1
,,,resName,UNL
,,metrics
,,,distance,3.752236000040509
,,receptorAtoms
,,,atomIndex,1510
,,,atomName,C
,,,chain,X
,,,resID,380
,,,resName,ALA
,hydrophobicContacts.42
,,ligandAtoms
,,,atomIndex,31
,,,atomName,C20
,,,chain,X
,,,resID,1
,,,resName,UNL
,,metrics
,,,distance,3.9142363239845395
,,receptorAtoms
,,,atomIndex,1515
,,,atomName,CA
,,,chain,X
,,,resID,381
,,,resName,ASP
,hydrophobicContacts.43
,,ligandAtoms
,,,atomIndex,31
,,,atomName,C20
,,,chain,X
,,,resID,1
,,,resName,UNL
,,metrics
,,,distance,3.672855156414421
,,receptorAtoms
,,,atomIndex,1518
,,,atomName,CB
,,,chain,X
,,,resID,381
,,,resName,ASP
,hydrophobicContacts.44
,,ligandAtoms
,,,atomIndex,32
,,,atomName,C11
,,,chain,X
,,,resID,1
,,,resName,UNL
,,metrics
,,,distance,3.5561684437045438
,,receptorAtoms
,,,atomIndex,609
,,,atomName,CG1
,,,chain,X
,,,resID,289
,,,resName,VAL
,hydrophobicContacts.45
,,ligandAtoms
,,,atomIndex,32
,,,atomName,C11
,,,chain,X
,,,resID,1
,,,resName,UNL
,,metrics
,,,distance,3.85074291533465
,,receptorAtoms
,,,atomIndex,651
,,,atomName,CD1
,,,chain,X
,,,resID,293
,,,resName,ILE
,hydrophobicContacts.46
,,ligandAtoms
,,,atomIndex,34
,,,atomName,C12
,,,chain,X
,,,resID,1
,,,resName,UNL
,,metrics
,,,distance,3.7280323228212495
,,receptorAtoms
,,,atomIndex,1320
,,,atomName,CA
,,,chain,X
,,,resID,361
,,,resName,HIE
,hydrophobicContacts.47
,,ligandAtoms
,,,atomIndex,35
,,,atomName,C13
,,,chain,X
,,,resID,1
,,,resName,UNL
,,metrics
,,,distance,3.8522924343824156
,,receptorAtoms
,,,atomIndex,1302
,,,atomName,CB
,,,chain,X
,,,resID,359
,,,resName,PHE
,hydrophobicContacts.48
,,ligandAtoms
,,,atomIndex,39
,,,atomName,C14
,,,chain,X
,,,resID,1
,,,resName,UNL
,,metrics
,,,distance,3.4511030120817896
,,receptorAtoms
,,,atomIndex,1302
,,,atomName,CB
,,,chain,X
,,,resID,359
,,,resName,PHE
,hydrophobicContacts.49
,,ligandAtoms
,,,atomIndex,39
,,,atomName,C14
,,,chain,X
,,,resID,1
,,,resName,UNL
,,metrics
,,,distance,3.731657808534968
,,receptorAtoms
,,,atomIndex,1303
,,,atomName,CG
,,,chain,X
,,,resID,359
,,,resName,PHE
,hydrophobicContacts.50
,,ligandAtoms
,,,atomIndex,43
,,,atomName,C19
,,,chain,X
,,,resID,1
,,,resName,UNL
,,metrics
,,,distance,3.888429631612227
,,receptorAtoms
,,,atomIndex,1509
,,,atomName,CA
,,,chain,X
,,,resID,380
,,,resName,ALA
,hydrophobicContacts.51
,,ligandAtoms
,,,atomIndex,43
,,,atomName,C19
,,,chain,X
,,,resID,1
,,,resName,UNL
,,metrics
,,,distance,3.5197695947320184
,,receptorAtoms
,,,atomIndex,1510
,,,atomName,C
,,,chain,X
,,,resID,380
,,,resName,ALA
,hydrophobicContacts.52
,,ligandAtoms
,,,atomIndex,43
,,,atomName,C19
,,,chain,X
,,,resID,1
,,,resName,UNL
,,metrics
,,,distance,3.7252699231062443
,,receptorAtoms
,,,atomIndex,1518
,,,atomName,CB
,,,chain,X
,,,resID,381
,,,resName,ASP
ligandAtomTypes
,C,29
,F,3
,HH,5
,N,6
,OO,3
metalCoordinations,none
piPiStackingInteractions
,piPiStackingInteractions.1
,,ligandAtoms
,,,ligandAtoms.1
,,,,atomIndex,14
,,,,atomName,C25
,,,,chain,X
,,,,resID,1
,,,,resName,UNL
,,,ligandAtoms.2
,,,,atomIndex,15
,,,,atomName,C26
,,,,chain,X
,,,,resID,1
,,,,resName,UNL
,,,ligandAtoms.3
,,,,atomIndex,16
,,,,atomName,N4
,,,,chain,X
,,,,resID,1
,,,,resName,UNL
,,,ligandAtoms.4
,,,,atomIndex,17
,,,,atomName,C27
,,,,chain,X
,,,,resID,1
,,,,resName,UNL
,,,ligandAtoms.5
,,,,atomIndex,19
,,,,atomName,N6
,,,,chain,X
,,,,resID,1
,,,,resName,UNL
,,metrics
,,,angle,22.70672269887197
,,,distance,5.060367455256805
,,receptorAtoms
,,,receptorAtoms.1
,,,,atomIndex,882
,,,,atomName,CG
,,,,chain,X
,,,,resID,317
,,,,resName,PHE
,,,receptorAtoms.2
,,,,atomIndex,883
,,,,atomName,CD1
,,,,chain,X
,,,,resID,317
,,,,resName,PHE
,,,receptorAtoms.3
,,,,atomIndex,885
,,,,atomName,CE1
,,,,chain,X
,,,,resID,317
,,,,resName,PHE
,,,receptorAtoms.4
,,,,atomIndex,887
,,,,atomName,CZ
,,,,chain,X
,,,,resID,317
,,,,resName,PHE
,,,receptorAtoms.5
,,,,atomIndex,886
,,,,atomName,CE2
,,,,chain,X
,,,,resID,317
,,,,resName,PHE
,,,receptorAtoms.6
,,,,atomIndex,884
,,,,atomName,CD2
,,,,chain,X
,,,,resID,317
,,,,resName,PHE
,piPiStackingInteractions.2
,,ligandAtoms
,,,ligandAtoms.1
,,,,atomIndex,15
,,,,atomName,C26
,,,,chain,X
,,,,resID,1
,,,,resName,UNL
,,,ligandAtoms.2
,,,,atomIndex,14
,,,,atomName,C25
,,,,chain,X
,,,,resID,1
,,,,resName,UNL
,,,ligandAtoms.3
,,,,atomIndex,19
,,,,atomName,N6
,,,,chain,X
,,,,resID,1
,,,,resName,UNL
,,,ligandAtoms.4
,,,,atomIndex,17
,,,,atomName,C27
,,,,chain,X
,,,,resID,1
,,,,resName,UNL
,,,ligandAtoms.5
,,,,atomIndex,16
,,,,atomName,N4
,,,,chain,X
,,,,resID,1
,,,,resName,UNL
,,metrics
,,,angle,22.79917181438566
,,,distance,5.060367455256805
,,receptorAtoms
,,,receptorAtoms.1
,,,,atomIndex,882
,,,,atomName,CG
,,,,chain,X
,,,,resID,317
,,,,resName,PHE
,,,receptorAtoms.2
,,,,atomIndex,883
,,,,atomName,CD1
,,,,chain,X
,,,,resID,317
,,,,resName,PHE
,,,receptorAtoms.3
,,,,atomIndex,885
,,,,atomName,CE1
,,,,chain,X
,,,,resID,317
,,,,resName,PHE
,,,receptorAtoms.4
,,,,atomIndex,887
,,,,atomName,CZ
,,,,chain,X
,,,,resID,317
,,,,resName,PHE
,,,receptorAtoms.5
,,,,atomIndex,886
,,,,atomName,CE2
,,,,chain,X
,,,,resID,317
,,,,resName,PHE
,,,receptorAtoms.6
,,,,atomIndex,884
,,,,atomName,CD2
,,,,chain,X
,,,,resID,317
,,,,resName,PHE
,piPiStackingInteractions.3
,,ligandAtoms
,,,ligandAtoms.1
,,,,atomIndex,16
,,,,atomName,N4
,,,,chain,X
,,,,resID,1
,,,,resName,UNL
,,,ligandAtoms.2
,,,,atomIndex,15
,,,,atomName,C26
,,,,chain,X
,,,,resID,1
,,,,resName,UNL
,,,ligandAtoms.3
,,,,atomIndex,14
,,,,atomName,C25
,,,,chain,X
,,,,resID,1
,,,,resName,UNL
,,,ligandAtoms.4
,,,,atomIndex,19
,,,,atomName,N6
,,,,chain,X
,,,,resID,1
,,,,resName,UNL
,,,ligandAtoms.5
,,,,atomIndex,17
,,,,atomName,C27
,,,,chain,X
,,,,resID,1
,,,,resName,UNL
,,metrics
,,,angle,22.73877310776199
,,,distance,5.060367455256804
,,receptorAtoms
,,,receptorAtoms.1
,,,,atomIndex,882
,,,,atomName,CG
,,,,chain,X
,,,,resID,317
,,,,resName,PHE
,,,receptorAtoms.2
,,,,atomIndex,883
,,,,atomName,CD1
,,,,chain,X
,,,,resID,317
,,,,resName,PHE
,,,receptorAtoms.3
,,,,atomIndex,885
,,,,atomName,CE1
,,,,chain,X
,,,,resID,317
,,,,resName,PHE
,,,receptorAtoms.4
,,,,atomIndex,887
,,,,atomName,CZ
,,,,chain,X
,,,,resID,317
,,,,resName,PHE
,,,receptorAtoms.5
,,,,atomIndex,886
,,,,atomName,CE2
,,,,chain,X
,,,,resID,317
,,,,resName,PHE
,,,receptorAtoms.6
,,,,atomIndex,884
,,,,atomName,CD2
,,,,chain,X
,,,,resID,317
,,,,resName,PHE
,piPiStackingInteractions.4
,,ligandAtoms
,,,ligandAtoms.1
,,,,atomIndex,17
,,,,atomName,C27
,,,,chain,X
,,,,resID,1
,,,,resName,UNL
,,,ligandAtoms.2
,,,,atomIndex,16
,,,,atomName,N4
,,,,chain,X
,,,,resID,1
,,,,resName,UNL
,,,ligandAtoms.3
,,,,atomIndex,15
,,,,atomName,C26
,,,,chain,X
,,,,resID,1
,,,,resName,UNL
,,,ligandAtoms.4
,,,,atomIndex,14
,,,,atomName,C25
,,,,chain,X
,,,,resID,1
,,,,resName,UNL
,,,ligandAtoms.5
,,,,atomIndex,19
,,,,atomName,N6
,,,,chain,X
,,,,resID,1
,,,,resName,UNL
,,metrics
,,,angle,22.796398131553655
,,,distance,5.060367455256805
,,receptorAtoms
,,,receptorAtoms.1
,,,,atomIndex,882
,,,,atomName,CG
,,,,chain,X
,,,,resID,317
,,,,resName,PHE
,,,receptorAtoms.2
,,,,atomIndex,883
,,,,atomName,CD1
,,,,chain,X
,,,,resID,317
,,,,resName,PHE
,,,receptorAtoms.3
,,,,atomIndex,885
,,,,atomName,CE1
,,,,chain,X
,,,,resID,317
,,,,resName,PHE
,,,receptorAtoms.4
,,,,atomIndex,887
,,,,atomName,CZ
,,,,chain,X
,,,,resID,317
,,,,resName,PHE
,,,receptorAtoms.5
,,,,atomIndex,886
,,,,atomName,CE2
,,,,chain,X
,,,,resID,317
,,,,resName,PHE
,,,receptorAtoms.6
,,,,atomIndex,884
,,,,atomName,CD2
,,,,chain,X
,,,,resID,317
,,,,resName,PHE
,piPiStackingInteractions.5
,,ligandAtoms
,,,ligandAtoms.1
,,,,atomIndex,19
,,,,atomName,N6
,,,,chain,X
,,,,resID,1
,,,,resName,UNL
,,,ligandAtoms.2
,,,,atomIndex,14
,,,,atomName,C25
,,,,chain,X
,,,,resID,1
,,,,resName,UNL
,,,ligandAtoms.3
,,,,atomIndex,15
,,,,atomName,C26
,,,,chain,X
,,,,resID,1
,,,,resName,UNL
,,,ligandAtoms.4
,,,,atomIndex,16
,,,,atomName,N4
,,,,chain,X
,,,,resID,1
,,,,resName,UNL
,,,ligandAtoms.5
,,,,atomIndex,17
,,,,atomName,C27
,,,,chain,X
,,,,resID,1
,,,,resName,UNL
,,metrics
,,,angle,22.796398131553673
,,,distance,5.060367455256804
,,receptorAtoms
,,,receptorAtoms.1
,,,,atomIndex,882
,,,,atomName,CG
,,,,chain,X
,,,,resID,317
,,,,resName,PHE
,,,receptorAtoms.2
,,,,atomIndex,883
,,,,atomName,CD1
,,,,chain,X
,,,,resID,317
,,,,resName,PHE
,,,receptorAtoms.3
,,,,atomIndex,885
,,,,atomName,CE1
,,,,chain,X
,,,,resID,317
,,,,resName,PHE
,,,receptorAtoms.4
,,,,atomIndex,887
,,,,atomName,CZ
,,,,chain,X
,,,,resID,317
,,,,resName,PHE
,,,receptorAtoms.5
,,,,atomIndex,886
,,,,atomName,CE2
,,,,chain,X
,,,,resID,317
,,,,resName,PHE
,,,receptorAtoms.6
,,,,atomIndex,884
,,,,atomName,CD2
,,,,chain,X
,,,,resID,317
,,,,resName,PHE
saltBridges
,ligandAtoms
,,ligandAtoms.1
,,,atomIndex,33
,,,atomName,N2
,,,chain,X
,,,resID,1
,,,resName,UNL
,,ligandAtoms.2
,,,atomIndex,32
,,,atomName,C11
,,,chain,X
,,,resID,1
,,,resName,UNL
,,ligandAtoms.3
,,,atomIndex,34
,,,atomName,C12
,,,chain,X
,,,resID,1
,,,resName,UNL
,,ligandAtoms.4
,,,atomIndex,38
,,,atomName,C17
,,,chain,X
,,,resID,1
,,,resName,UNL
,metrics
,,distance,5.164889737448418
,receptorAtoms
,,receptorAtoms.1
,,,atomIndex,1519
,,,atomName,CG
,,,chain,X
,,,resID,381
,,,resName,ASP
,,receptorAtoms.2
,,,atomIndex,1520
,,,atomName,OD1
,,,chain,X
,,,resID,381
,,,resName,ASP
,,receptorAtoms.3
,,,atomIndex,1521
,,,atomName,OD2
,,,chain,X
,,,resID,381
,,,resName,ASP
tStackingInteractions,none
