activeSiteFlexibility
,BACKBONE_ALPHA,1
,BACKBONE_BETA,4
,BACKBONE_OTHER,49
,SIDECHAIN_ALPHA,34
,SIDECHAIN_BETA,52
,SIDECHAIN_OTHER,83
cationPiInteractions,none
closeContacts
,closeContacts.1
,,ligandAtoms
,,,atomIndex,1
,,,atomName,C13
,,,chain,X
,,,resID,1
,,,resName,UNL
,,metrics
,,,distance,3.5670494810136844
,,receptorAtoms
,,,atomIndex,590
,,,atomName,OE2
,,,chain,X
,,,resID,286
,,,resName,GLU
,closeContacts.2
,,ligandAtoms
,,,atomIndex,1
,,,atomName,C13
,,,chain,X
,,,resID,1
,,,resName,UNL
,,metrics
,,,distance,3.773313398062769
,,receptorAtoms
,,,atomIndex,1517
,,,atomName,O
,,,chain,X
,,,resID,381
,,,resName,ASP
,closeContacts.3
,,ligandAtoms
,,,atomIndex,1
,,,atomName,C13
,,,chain,X
,,,resID,1
,,,resName,UNL
,,metrics
,,,distance,3.932666398259583
,,receptorAtoms
,,,atomIndex,1522
,,,atomName,H
,,,chain,X
,,,resID,381
,,,resName,ASP
,closeContacts.4
,,ligandAtoms
,,,atomIndex,2
,,,atomName,C14
,,,chain,X
,,,resID,1
,,,resName,UNL
,,metrics
,,,distance,3.6042398643819467
,,receptorAtoms
,,,atomIndex,1522
,,,atomName,H
,,,chain,X
,,,resID,381
,,,resName,ASP
,closeContacts.5
,,ligandAtoms
,,,atomIndex,2
,,,atomName,C14
,,,chain,X
,,,resID,1
,,,resName,UNL
,,metrics
,,,distance,3.9118918696712486
,,receptorAtoms
,,,atomIndex,1532
,,,atomName,CE2
,,,chain,X
,,,resID,382
,,,resName,PHE
,closeContacts.6
,,ligandAtoms
,,,atomIndex,3
,,,atomName,C15
,,,chain,X
,,,resID,1
,,,resName,UNL
,,metrics
,,,distance,3.369131787271017
,,receptorAtoms
,,,atomIndex,865
,,,atomName,CD1
,,,chain,X
,,,resID,315
,,,resName,ILE
,closeContacts.7
,,ligandAtoms
,,,atomIndex,3
,,,atomName,C15
,,,chain,X
,,,resID,1
,,,resName,UNL
,,metrics
,,,distance,3.4243897266520364
,,receptorAtoms
,,,atomIndex,1532
,,,atomName,CE2
,,,chain,X
,,,resID,382
,,,resName,PHE
,closeContacts.8
,,ligandAtoms
,,,atomIndex,3
,,,atomName,C15
,,,chain,X
,,,resID,1
,,,resName,UNL
,,metrics
,,,distance,3.6608371993302318
,,receptorAtoms
,,,atomIndex,1533
,,,atomName,CZ
,,,chain,X
,,,resID,382
,,,resName,PHE
,closeContacts.9
,,ligandAtoms
,,,atomIndex,4
,,,atomName,C16
,,,chain,X
,,,resID,1
,,,resName,UNL
,,metrics
,,,distance,3.9999121240347275
,,receptorAtoms
,,,atomIndex,863
,,,atomName,CG1
,,,chain,X
,,,resID,315
,,,resName,ILE
,closeContacts.10
,,ligandAtoms
,,,atomIndex,4
,,,atomName,C16
,,,chain,X
,,,resID,1
,,,resName,UNL
,,metrics
,,,distance,3.8419357100295164
,,receptorAtoms
,,,atomIndex,865
,,,atomName,CD1
,,,chain,X
,,,resID,315
,,,resName,ILE
,closeContacts.11
,,ligandAtoms
,,,atomIndex,4
,,,atomName,C16
,,,chain,X
,,,resID,1
,,,resName,UNL
,,metrics
,,,distance,3.6919704765883488
,,receptorAtoms
,,,atomIndex,1532
,,,atomName,CE2
,,,chain,X
,,,resID,382
,,,resName,PHE
,closeContacts.12
,,ligandAtoms
,,,atomIndex,6
,,,atomName,C18
,,,chain,X
,,,resID,1
,,,resName,UNL
,,metrics
,,,distance,3.451067660884091
,,receptorAtoms
,,,atomIndex,590
,,,atomName,OE2
,,,chain,X
,,,resID,286
,,,resName,GLU
,closeContacts.13
,,ligandAtoms
,,,atomIndex,7
,,,atomName,C19
,,,chain,X
,,,resID,1
,,,resName,UNL
,,metrics
,,,distance,3.392261340168236
,,receptorAtoms
,,,atomIndex,419
,,,atomName,CB
,,,chain,X
,,,resID,269
,,,resName,ALA
,closeContacts.14
,,ligandAtoms
,,,atomIndex,7
,,,atomName,C19
,,,chain,X
,,,resID,1
,,,resName,UNL
,,metrics
,,,distance,3.7152263726454136
,,receptorAtoms
,,,atomIndex,863
,,,atomName,CG1
,,,chain,X
,,,resID,315
,,,resName,ILE
,closeContacts.15
,,ligandAtoms
,,,atomIndex,7
,,,atomName,C19
,,,chain,X
,,,resID,1
,,,resName,UNL
,,metrics
,,,distance,3.7401398369579715
,,receptorAtoms
,,,atomIndex,865
,,,atomName,CD1
,,,chain,X
,,,resID,315
,,,resName,ILE
,closeContacts.16
,,ligandAtoms
,,,atomIndex,7
,,,atomName,C19
,,,chain,X
,,,resID,1
,,,resName,UNL
,,metrics
,,,distance,3.868688408233467
,,receptorAtoms
,,,atomIndex,1532
,,,atomName,CE2
,,,chain,X
,,,resID,382
,,,resName,PHE
,closeContacts.17
,,ligandAtoms
,,,atomIndex,8
,,,atomName,C20
,,,chain,X
,,,resID,1
,,,resName,UNL
,,metrics
,,,distance,3.6519716592547655
,,receptorAtoms
,,,atomIndex,419
,,,atomName,CB
,,,chain,X
,,,resID,269
,,,resName,ALA
,closeContacts.18
,,ligandAtoms
,,,atomIndex,8
,,,atomName,C20
,,,chain,X
,,,resID,1
,,,resName,UNL
,,metrics
,,,distance,3.6062793846289827
,,receptorAtoms
,,,atomIndex,863
,,,atomName,CG1
,,,chain,X
,,,resID,315
,,,resName,ILE
,closeContacts.19
,,ligandAtoms
,,,atomIndex,8
,,,atomName,C20
,,,chain,X
,,,resID,1
,,,resName,UNL
,,metrics
,,,distance,3.1854089219439308
,,receptorAtoms
,,,atomIndex,865
,,,atomName,CD1
,,,chain,X
,,,resID,315
,,,resName,ILE
,closeContacts.20
,,ligandAtoms
,,,atomIndex,8
,,,atomName,C20
,,,chain,X
,,,resID,1
,,,resName,UNL
,,metrics
,,,distance,3.9374547616448883
,,receptorAtoms
,,,atomIndex,1420
,,,atomName,CD1
,,,chain,X
,,,resID,370
,,,resName,LEU
,closeContacts.21
,,ligandAtoms
,,,atomIndex,8
,,,atomName,C20
,,,chain,X
,,,resID,1
,,,resName,UNL
,,metrics
,,,distance,3.74241446128031
,,receptorAtoms
,,,atomIndex,1532
,,,atomName,CE2
,,,chain,X
,,,resID,382
,,,resName,PHE
,closeContacts.22
,,ligandAtoms
,,,atomIndex,8
,,,atomName,C20
,,,chain,X
,,,resID,1
,,,resName,UNL
,,metrics
,,,distance,3.7855269118050137
,,receptorAtoms
,,,atomIndex,1533
,,,atomName,CZ
,,,chain,X
,,,resID,382
,,,resName,PHE
,closeContacts.23
,,ligandAtoms
,,,atomIndex,9
,,,atomName,N4
,,,chain,X
,,,resID,1
,,,resName,UNL
,,metrics
,,,distance,3.828421868080894
,,receptorAtoms
,,,atomIndex,863
,,,atomName,CG1
,,,chain,X
,,,resID,315
,,,resName,ILE
,closeContacts.24
,,ligandAtoms
,,,atomIndex,9
,,,atomName,N4
,,,chain,X
,,,resID,1
,,,resName,UNL
,,metrics
,,,distance,2.9249716237939816
,,receptorAtoms
,,,atomIndex,865
,,,atomName,CD1
,,,chain,X
,,,resID,315
,,,resName,ILE
,closeContacts.25
,,ligandAtoms
,,,atomIndex,9
,,,atomName,N4
,,,chain,X
,,,resID,1
,,,resName,UNL
,,metrics
,,,distance,3.3175625088308434
,,receptorAtoms
,,,atomIndex,1420
,,,atomName,CD1
,,,chain,X
,,,resID,370
,,,resName,LEU
,closeContacts.26
,,ligandAtoms
,,,atomIndex,9
,,,atomName,N4
,,,chain,X
,,,resID,1
,,,resName,UNL
,,metrics
,,,distance,3.4400292149922205
,,receptorAtoms
,,,atomIndex,1532
,,,atomName,CE2
,,,chain,X
,,,resID,382
,,,resName,PHE
,closeContacts.27
,,ligandAtoms
,,,atomIndex,9
,,,atomName,N4
,,,chain,X
,,,resID,1
,,,resName,UNL
,,metrics
,,,distance,3.279106433161327
,,receptorAtoms
,,,atomIndex,1533
,,,atomName,CZ
,,,chain,X
,,,resID,382
,,,resName,PHE
,closeContacts.28
,,ligandAtoms
,,,atomIndex,10
,,,atomName,H24
,,,chain,X
,,,resID,1
,,,resName,UNL
,,metrics
,,,distance,3.552884180493363
,,receptorAtoms
,,,atomIndex,710
,,,atomName,CG1
,,,chain,X
,,,resID,299
,,,resName,VAL
,closeContacts.29
,,ligandAtoms
,,,atomIndex,10
,,,atomName,H24
,,,chain,X
,,,resID,1
,,,resName,UNL
,,metrics
,,,distance,3.029487415388946
,,receptorAtoms
,,,atomIndex,865
,,,atomName,CD1
,,,chain,X
,,,resID,315
,,,resName,ILE
,closeContacts.30
,,ligandAtoms
,,,atomIndex,10
,,,atomName,H24
,,,chain,X
,,,resID,1
,,,resName,UNL
,,metrics
,,,distance,3.6327583184131598
,,receptorAtoms
,,,atomIndex,1419
,,,atomName,CG
,,,chain,X
,,,resID,370
,,,resName,LEU
,closeContacts.31
,,ligandAtoms
,,,atomIndex,10
,,,atomName,H24
,,,chain,X
,,,resID,1
,,,resName,UNL
,,metrics
,,,distance,2.368020692477159
,,receptorAtoms
,,,atomIndex,1420
,,,atomName,CD1
,,,chain,X
,,,resID,370
,,,resName,LEU
,closeContacts.32
,,ligandAtoms
,,,atomIndex,10
,,,atomName,H24
,,,chain,X
,,,resID,1
,,,resName,UNL
,,metrics
,,,distance,3.8984803449549412
,,receptorAtoms
,,,atomIndex,1512
,,,atomName,CB
,,,chain,X
,,,resID,380
,,,resName,ALA
,closeContacts.33
,,ligandAtoms
,,,atomIndex,10
,,,atomName,H24
,,,chain,X
,,,resID,1
,,,resName,UNL
,,metrics
,,,distance,3.741398401667483
,,receptorAtoms
,,,atomIndex,1532
,,,atomName,CE2
,,,chain,X
,,,resID,382
,,,resName,PHE
,closeContacts.34
,,ligandAtoms
,,,atomIndex,10
,,,atomName,H24
,,,chain,X
,,,resID,1
,,,resName,UNL
,,metrics
,,,distance,3.19350371848852
,,receptorAtoms
,,,atomIndex,1533
,,,atomName,CZ
,,,chain,X
,,,resID,382
,,,resName,PHE
,closeContacts.35
,,ligandAtoms
,,,atomIndex,11
,,,atomName,N3
,,,chain,X
,,,resID,1
,,,resName,UNL
,,metrics
,,,distance,2.890230613636219
,,receptorAtoms
,,,atomIndex,590
,,,atomName,OE2
,,,chain,X
,,,resID,286
,,,resName,GLU
,closeContacts.36
,,ligandAtoms
,,,atomIndex,11
,,,atomName,N3
,,,chain,X
,,,resID,1
,,,resName,UNL
,,metrics
,,,distance,3.863760603350057
,,receptorAtoms
,,,atomIndex,618
,,,atomName,SD
,,,chain,X
,,,resID,290
,,,resName,MET
,closeContacts.37
,,ligandAtoms
,,,atomIndex,11
,,,atomName,N3
,,,chain,X
,,,resID,1
,,,resName,UNL
,,metrics
,,,distance,3.981172440374819
,,receptorAtoms
,,,atomIndex,619
,,,atomName,CE
,,,chain,X
,,,resID,290
,,,resName,MET
,closeContacts.38
,,ligandAtoms
,,,atomIndex,11
,,,atomName,N3
,,,chain,X
,,,resID,1
,,,resName,UNL
,,metrics
,,,distance,3.161895159552258
,,receptorAtoms
,,,atomIndex,1517
,,,atomName,O
,,,chain,X
,,,resID,381
,,,resName,ASP
,closeContacts.39
,,ligandAtoms
,,,atomIndex,11
,,,atomName,N3
,,,chain,X
,,,resID,1
,,,resName,UNL
,,metrics
,,,distance,3.3912065699393783
,,receptorAtoms
,,,atomIndex,1522
,,,atomName,H
,,,chain,X
,,,resID,381
,,,resName,ASP
,closeContacts.40
,,ligandAtoms
,,,atomIndex,12
,,,atomName,C12
,,,chain,X
,,,resID,1
,,,resName,UNL
,,metrics
,,,distance,3.8497480437036398
,,receptorAtoms
,,,atomIndex,590
,,,atomName,OE2
,,,chain,X
,,,resID,286
,,,resName,GLU
,closeContacts.41
,,ligandAtoms
,,,atomIndex,12
,,,atomName,C12
,,,chain,X
,,,resID,1
,,,resName,UNL
,,metrics
,,,distance,3.813871130491956
,,receptorAtoms
,,,atomIndex,711
,,,atomName,CG2
,,,chain,X
,,,resID,299
,,,resName,VAL
,closeContacts.42
,,ligandAtoms
,,,atomIndex,12
,,,atomName,C12
,,,chain,X
,,,resID,1
,,,resName,UNL
,,metrics
,,,distance,3.3448923749502013
,,receptorAtoms
,,,atomIndex,1514
,,,atomName,N
,,,chain,X
,,,resID,381
,,,resName,ASP
,closeContacts.43
,,ligandAtoms
,,,atomIndex,12
,,,atomName,C12
,,,chain,X
,,,resID,1
,,,resName,UNL
,,metrics
,,,distance,3.990469771843912
,,receptorAtoms
,,,atomIndex,1516
,,,atomName,C
,,,chain,X
,,,resID,381
,,,resName,ASP
,closeContacts.44
,,ligandAtoms
,,,atomIndex,12
,,,atomName,C12
,,,chain,X
,,,resID,1
,,,resName,UNL
,,metrics
,,,distance,3.116871829254453
,,receptorAtoms
,,,atomIndex,1517
,,,atomName,O
,,,chain,X
,,,resID,381
,,,resName,ASP
,closeContacts.45
,,ligandAtoms
,,,atomIndex,12
,,,atomName,C12
,,,chain,X
,,,resID,1
,,,resName,UNL
,,metrics
,,,distance,2.5698772344219094
,,receptorAtoms
,,,atomIndex,1522
,,,atomName,H
,,,chain,X
,,,resID,381
,,,resName,ASP
,closeContacts.46
,,ligandAtoms
,,,atomIndex,13
,,,atomName,O2
,,,chain,X
,,,resID,1
,,,resName,UNL
,,metrics
,,,distance,3.850438936017554
,,receptorAtoms
,,,atomIndex,710
,,,atomName,CG1
,,,chain,X
,,,resID,299
,,,resName,VAL
,closeContacts.47
,,ligandAtoms
,,,atomIndex,13
,,,atomName,O2
,,,chain,X
,,,resID,1
,,,resName,UNL
,,metrics
,,,distance,3.1136128532622673
,,receptorAtoms
,,,atomIndex,711
,,,atomName,CG2
,,,chain,X
,,,resID,299
,,,resName,VAL
,closeContacts.48
,,ligandAtoms
,,,atomIndex,13
,,,atomName,O2
,,,chain,X
,,,resID,1
,,,resName,UNL
,,metrics
,,,distance,3.2398787014331254
,,receptorAtoms
,,,atomIndex,1509
,,,atomName,CA
,,,chain,X
,,,resID,380
,,,resName,ALA
,closeContacts.49
,,ligandAtoms
,,,atomIndex,13
,,,atomName,O2
,,,chain,X
,,,resID,1
,,,resName,UNL
,,metrics
,,,distance,3.4623094893437822
,,receptorAtoms
,,,atomIndex,1510
,,,atomName,C
,,,chain,X
,,,resID,380
,,,resName,ALA
,closeContacts.50
,,ligandAtoms
,,,atomIndex,13
,,,atomName,O2
,,,chain,X
,,,resID,1
,,,resName,UNL
,,metrics
,,,distance,3.3052241981445056
,,receptorAtoms
,,,atomIndex,1512
,,,atomName,CB
,,,chain,X
,,,resID,380
,,,resName,ALA
,closeContacts.51
,,ligandAtoms
,,,atomIndex,13
,,,atomName,O2
,,,chain,X
,,,resID,1
,,,resName,UNL
,,metrics
,,,distance,2.910848845268335
,,receptorAtoms
,,,atomIndex,1514
,,,atomName,N
,,,chain,X
,,,resID,381
,,,resName,ASP
,closeContacts.52
,,ligandAtoms
,,,atomIndex,13
,,,atomName,O2
,,,chain,X
,,,resID,1
,,,resName,UNL
,,metrics
,,,distance,3.5822746963347187
,,receptorAtoms
,,,atomIndex,1517
,,,atomName,O
,,,chain,X
,,,resID,381
,,,resName,ASP
,closeContacts.53
,,ligandAtoms
,,,atomIndex,13
,,,atomName,O2
,,,chain,X
,,,resID,1
,,,resName,UNL
,,metrics
,,,distance,2.118722964429281
,,receptorAtoms
,,,atomIndex,1522
,,,atomName,H
,,,chain,X
,,,resID,381
,,,resName,ASP
,closeContacts.54
,,ligandAtoms
,,,atomIndex,14
,,,atomName,H23
,,,chain,X
,,,resID,1
,,,resName,UNL
,,metrics
,,,distance,3.7826502613908137
,,receptorAtoms
,,,atomIndex,587
,,,atomName,CG
,,,chain,X
,,,resID,286
,,,resName,GLU
,closeContacts.55
,,ligandAtoms
,,,atomIndex,14
,,,atomName,H23
,,,chain,X
,,,resID,1
,,,resName,UNL
,,metrics
,,,distance,3.095684899985784
,,receptorAtoms
,,,atomIndex,588
,,,atomName,CD
,,,chain,X
,,,resID,286
,,,resName,GLU
,closeContacts.56
,,ligandAtoms
,,,atomIndex,14
,,,atomName,H23
,,,chain,X
,,,resID,1
,,,resName,UNL
,,metrics
,,,distance,1.9041441647102242
,,receptorAtoms
,,,atomIndex,590
,,,atomName,OE2
,,,chain,X
,,,resID,286
,,,resName,GLU
,closeContacts.57
,,ligandAtoms
,,,atomIndex,14
,,,atomName,H23
,,,chain,X
,,,resID,1
,,,resName,UNL
,,metrics
,,,distance,3.5173691873330557
,,receptorAtoms
,,,atomIndex,618
,,,atomName,SD
,,,chain,X
,,,resID,290
,,,resName,MET
,closeContacts.58
,,ligandAtoms
,,,atomIndex,14
,,,atomName,H23
,,,chain,X
,,,resID,1
,,,resName,UNL
,,metrics
,,,distance,3.3233436475934894
,,receptorAtoms
,,,atomIndex,1517
,,,atomName,O
,,,chain,X
,,,resID,381
,,,resName,ASP
,closeContacts.59
,,ligandAtoms
,,,atomIndex,15
,,,atomName,C10
,,,chain,X
,,,resID,1
,,,resName,UNL
,,metrics
,,,distance,3.7826596463335163
,,receptorAtoms
,,,atomIndex,590
,,,atomName,OE2
,,,chain,X
,,,resID,286
,,,resName,GLU
,closeContacts.60
,,ligandAtoms
,,,atomIndex,15
,,,atomName,C10
,,,chain,X
,,,resID,1
,,,resName,UNL
,,metrics
,,,distance,3.624482445812091
,,receptorAtoms
,,,atomIndex,1514
,,,atomName,N
,,,chain,X
,,,resID,381
,,,resName,ASP
,closeContacts.61
,,ligandAtoms
,,,atomIndex,15
,,,atomName,C10
,,,chain,X
,,,resID,1
,,,resName,UNL
,,metrics
,,,distance,3.3916494512257604
,,receptorAtoms
,,,atomIndex,1517
,,,atomName,O
,,,chain,X
,,,resID,381
,,,resName,ASP
,closeContacts.62
,,ligandAtoms
,,,atomIndex,15
,,,atomName,C10
,,,chain,X
,,,resID,1
,,,resName,UNL
,,metrics
,,,distance,3.7425506008603278
,,receptorAtoms
,,,atomIndex,1518
,,,atomName,CB
,,,chain,X
,,,resID,381
,,,resName,ASP
,closeContacts.63
,,ligandAtoms
,,,atomIndex,15
,,,atomName,C10
,,,chain,X
,,,resID,1
,,,resName,UNL
,,metrics
,,,distance,3.1916273278689666
,,receptorAtoms
,,,atomIndex,1522
,,,atomName,H
,,,chain,X
,,,resID,381
,,,resName,ASP
,closeContacts.64
,,ligandAtoms
,,,atomIndex,16
,,,atomName,C11
,,,chain,X
,,,resID,1
,,,resName,UNL
,,metrics
,,,distance,3.9466466778773084
,,receptorAtoms
,,,atomIndex,1514
,,,atomName,N
,,,chain,X
,,,resID,381
,,,resName,ASP
,closeContacts.65
,,ligandAtoms
,,,atomIndex,16
,,,atomName,C11
,,,chain,X
,,,resID,1
,,,resName,UNL
,,metrics
,,,distance,3.737798014874533
,,receptorAtoms
,,,atomIndex,1518
,,,atomName,CB
,,,chain,X
,,,resID,381
,,,resName,ASP
,closeContacts.66
,,ligandAtoms
,,,atomIndex,16
,,,atomName,C11
,,,chain,X
,,,resID,1
,,,resName,UNL
,,metrics
,,,distance,3.8048944794829724
,,receptorAtoms
,,,atomIndex,1522
,,,atomName,H
,,,chain,X
,,,resID,381
,,,resName,ASP
,closeContacts.67
,,ligandAtoms
,,,atomIndex,17
,,,atomName,C6
,,,chain,X
,,,resID,1
,,,resName,UNL
,,metrics
,,,distance,3.903071354715412
,,receptorAtoms
,,,atomIndex,1518
,,,atomName,CB
,,,chain,X
,,,resID,381
,,,resName,ASP
,closeContacts.68
,,ligandAtoms
,,,atomIndex,18
,,,atomName,C5
,,,chain,X
,,,resID,1
,,,resName,UNL
,,metrics
,,,distance,3.7411764192563814
,,receptorAtoms
,,,atomIndex,609
,,,atomName,CG1
,,,chain,X
,,,resID,289
,,,resName,VAL
,closeContacts.69
,,ligandAtoms
,,,atomIndex,19
,,,atomName,C7
,,,chain,X
,,,resID,1
,,,resName,UNL
,,metrics
,,,distance,3.7975789656042696
,,receptorAtoms
,,,atomIndex,587
,,,atomName,CG
,,,chain,X
,,,resID,286
,,,resName,GLU
,closeContacts.70
,,ligandAtoms
,,,atomIndex,19
,,,atomName,C7
,,,chain,X
,,,resID,1
,,,resName,UNL
,,metrics
,,,distance,3.8420809465704906
,,receptorAtoms
,,,atomIndex,590
,,,atomName,OE2
,,,chain,X
,,,resID,286
,,,resName,GLU
,closeContacts.71
,,ligandAtoms
,,,atomIndex,19
,,,atomName,C7
,,,chain,X
,,,resID,1
,,,resName,UNL
,,metrics
,,,distance,3.9910125281687603
,,receptorAtoms
,,,atomIndex,1518
,,,atomName,CB
,,,chain,X
,,,resID,381
,,,resName,ASP
,closeContacts.72
,,ligandAtoms
,,,atomIndex,20
,,,atomName,C4
,,,chain,X
,,,resID,1
,,,resName,UNL
,,metrics
,,,distance,3.4906980677222714
,,receptorAtoms
,,,atomIndex,609
,,,atomName,CG1
,,,chain,X
,,,resID,289
,,,resName,VAL
,closeContacts.73
,,ligandAtoms
,,,atomIndex,22
,,,atomName,C8
,,,chain,X
,,,resID,1
,,,resName,UNL
,,metrics
,,,distance,3.5391730672573782
,,receptorAtoms
,,,atomIndex,587
,,,atomName,CG
,,,chain,X
,,,resID,286
,,,resName,GLU
,closeContacts.74
,,ligandAtoms
,,,atomIndex,22
,,,atomName,C8
,,,chain,X
,,,resID,1
,,,resName,UNL
,,metrics
,,,distance,3.9879756769569195
,,receptorAtoms
,,,atomIndex,588
,,,atomName,CD
,,,chain,X
,,,resID,286
,,,resName,GLU
,closeContacts.75
,,ligandAtoms
,,,atomIndex,23
,,,atomName,N2
,,,chain,X
,,,resID,1
,,,resName,UNL
,,metrics
,,,distance,3.6298048156891305
,,receptorAtoms
,,,atomIndex,587
,,,atomName,CG
,,,chain,X
,,,resID,286
,,,resName,GLU
,closeContacts.76
,,ligandAtoms
,,,atomIndex,23
,,,atomName,N2
,,,chain,X
,,,resID,1
,,,resName,UNL
,,metrics
,,,distance,3.499881855148828
,,receptorAtoms
,,,atomIndex,588
,,,atomName,CD
,,,chain,X
,,,resID,286
,,,resName,GLU
,closeContacts.77
,,ligandAtoms
,,,atomIndex,23
,,,atomName,N2
,,,chain,X
,,,resID,1
,,,resName,UNL
,,metrics
,,,distance,2.8985667147747347
,,receptorAtoms
,,,atomIndex,590
,,,atomName,OE2
,,,chain,X
,,,resID,286
,,,resName,GLU
,closeContacts.78
,,ligandAtoms
,,,atomIndex,23
,,,atomName,N2
,,,chain,X
,,,resID,1
,,,resName,UNL
,,metrics
,,,distance,3.3771616780959715
,,receptorAtoms
,,,atomIndex,1517
,,,atomName,O
,,,chain,X
,,,resID,381
,,,resName,ASP
,closeContacts.79
,,ligandAtoms
,,,atomIndex,23
,,,atomName,N2
,,,chain,X
,,,resID,1
,,,resName,UNL
,,metrics
,,,distance,3.8844574910790306
,,receptorAtoms
,,,atomIndex,1518
,,,atomName,CB
,,,chain,X
,,,resID,381
,,,resName,ASP
,closeContacts.80
,,ligandAtoms
,,,atomIndex,24
,,,atomName,H22
,,,chain,X
,,,resID,1
,,,resName,UNL
,,metrics
,,,distance,3.1460260647362714
,,receptorAtoms
,,,atomIndex,587
,,,atomName,CG
,,,chain,X
,,,resID,286
,,,resName,GLU
,closeContacts.81
,,ligandAtoms
,,,atomIndex,24
,,,atomName,H22
,,,chain,X
,,,resID,1
,,,resName,UNL
,,metrics
,,,distance,2.669416041009718
,,receptorAtoms
,,,atomIndex,588
,,,atomName,CD
,,,chain,X
,,,resID,286
,,,resName,GLU
,closeContacts.82
,,ligandAtoms
,,,atomIndex,24
,,,atomName,H22
,,,chain,X
,,,resID,1
,,,resName,UNL
,,metrics
,,,distance,3.6011520378900967
,,receptorAtoms
,,,atomIndex,589
,,,atomName,OE1
,,,chain,X
,,,resID,286
,,,resName,GLU
,closeContacts.83
,,ligandAtoms
,,,atomIndex,24
,,,atomName,H22
,,,chain,X
,,,resID,1
,,,resName,UNL
,,metrics
,,,distance,1.9785211649108025
,,receptorAtoms
,,,atomIndex,590
,,,atomName,OE2
,,,chain,X
,,,resID,286
,,,resName,GLU
,closeContacts.84
,,ligandAtoms
,,,atomIndex,24
,,,atomName,H22
,,,chain,X
,,,resID,1
,,,resName,UNL
,,metrics
,,,distance,3.1255914640272495
,,receptorAtoms
,,,atomIndex,1517
,,,atomName,O
,,,chain,X
,,,resID,381
,,,resName,ASP
,closeContacts.85
,,ligandAtoms
,,,atomIndex,25
,,,atomName,C3
,,,chain,X
,,,resID,1
,,,resName,UNL
,,metrics
,,,distance,3.4030389360099895
,,receptorAtoms
,,,atomIndex,609
,,,atomName,CG1
,,,chain,X
,,,resID,289
,,,resName,VAL
,closeContacts.86
,,ligandAtoms
,,,atomIndex,25
,,,atomName,C3
,,,chain,X
,,,resID,1
,,,resName,UNL
,,metrics
,,,distance,3.9168660942135873
,,receptorAtoms
,,,atomIndex,610
,,,atomName,CG2
,,,chain,X
,,,resID,289
,,,resName,VAL
,closeContacts.87
,,ligandAtoms
,,,atomIndex,26
,,,atomName,N1
,,,chain,X
,,,resID,1
,,,resName,UNL
,,metrics
,,,distance,3.064025619997327
,,receptorAtoms
,,,atomIndex,609
,,,atomName,CG1
,,,chain,X
,,,resID,289
,,,resName,VAL
,closeContacts.88
,,ligandAtoms
,,,atomIndex,27
,,,atomName,H21
,,,chain,X
,,,resID,1
,,,resName,UNL
,,metrics
,,,distance,3.9474186502067394
,,receptorAtoms
,,,atomIndex,608
,,,atomName,CB
,,,chain,X
,,,resID,289
,,,resName,VAL
,closeContacts.89
,,ligandAtoms
,,,atomIndex,27
,,,atomName,H21
,,,chain,X
,,,resID,1
,,,resName,UNL
,,metrics
,,,distance,2.642184323623164
,,receptorAtoms
,,,atomIndex,609
,,,atomName,CG1
,,,chain,X
,,,resID,289
,,,resName,VAL
,closeContacts.90
,,ligandAtoms
,,,atomIndex,27
,,,atomName,H21
,,,chain,X
,,,resID,1
,,,resName,UNL
,,metrics
,,,distance,3.5209696107748507
,,receptorAtoms
,,,atomIndex,651
,,,atomName,CD1
,,,chain,X
,,,resID,293
,,,resName,ILE
,closeContacts.91
,,ligandAtoms
,,,atomIndex,28
,,,atomName,O1
,,,chain,X
,,,resID,1
,,,resName,UNL
,,metrics
,,,distance,3.995249554158038
,,receptorAtoms
,,,atomIndex,610
,,,atomName,CG2
,,,chain,X
,,,resID,289
,,,resName,VAL
,closeContacts.92
,,ligandAtoms
,,,atomIndex,29
,,,atomName,C2
,,,chain,X
,,,resID,1
,,,resName,UNL
,,metrics
,,,distance,3.750181462276193
,,receptorAtoms
,,,atomIndex,609
,,,atomName,CG1
,,,chain,X
,,,resID,289
,,,resName,VAL
,closeContacts.93
,,ligandAtoms
,,,atomIndex,29
,,,atomName,C2
,,,chain,X
,,,resID,1
,,,resName,UNL
,,metrics
,,,distance,3.5935020523160968
,,receptorAtoms
,,,atomIndex,1302
,,,atomName,CB
,,,chain,X
,,,resID,359
,,,resName,PHE
,closeContacts.94
,,ligandAtoms
,,,atomIndex,29
,,,atomName,C2
,,,chain,X
,,,resID,1
,,,resName,UNL
,,metrics
,,,distance,3.6694592244634627
,,receptorAtoms
,,,atomIndex,1303
,,,atomName,CG
,,,chain,X
,,,resID,359
,,,resName,PHE
,closeContacts.95
,,ligandAtoms
,,,atomIndex,29
,,,atomName,C2
,,,chain,X
,,,resID,1
,,,resName,UNL
,,metrics
,,,distance,3.915108555327681
,,receptorAtoms
,,,atomIndex,1313
,,,atomName,O
,,,chain,X
,,,resID,360
,,,resName,ILE
,closeContacts.96
,,ligandAtoms
,,,atomIndex,29
,,,atomName,C2
,,,chain,X
,,,resID,1
,,,resName,UNL
,,metrics
,,,distance,3.5810572461215973
,,receptorAtoms
,,,atomIndex,1318
,,,atomName,H
,,,chain,X
,,,resID,360
,,,resName,ILE
,closeContacts.97
,,ligandAtoms
,,,atomIndex,30
,,,atomName,C1
,,,chain,X
,,,resID,1
,,,resName,UNL
,,metrics
,,,distance,3.98095805052
,,receptorAtoms
,,,atomIndex,608
,,,atomName,CB
,,,chain,X
,,,resID,289
,,,resName,VAL
,closeContacts.98
,,ligandAtoms
,,,atomIndex,30
,,,atomName,C1
,,,chain,X
,,,resID,1
,,,resName,UNL
,,metrics
,,,distance,3.416041422465483
,,receptorAtoms
,,,atomIndex,609
,,,atomName,CG1
,,,chain,X
,,,resID,289
,,,resName,VAL
,closeContacts.99
,,ligandAtoms
,,,atomIndex,30
,,,atomName,C1
,,,chain,X
,,,resID,1
,,,resName,UNL
,,metrics
,,,distance,3.3398552363837566
,,receptorAtoms
,,,atomIndex,610
,,,atomName,CG2
,,,chain,X
,,,resID,289
,,,resName,VAL
,closeContacts.100
,,ligandAtoms
,,,atomIndex,30
,,,atomName,C1
,,,chain,X
,,,resID,1
,,,resName,UNL
,,metrics
,,,distance,3.7425067802209795
,,receptorAtoms
,,,atomIndex,1303
,,,atomName,CG
,,,chain,X
,,,resID,359
,,,resName,PHE
,closeContacts.101
,,ligandAtoms
,,,atomIndex,30
,,,atomName,C1
,,,chain,X
,,,resID,1
,,,resName,UNL
,,metrics
,,,distance,3.784014006316573
,,receptorAtoms
,,,atomIndex,1304
,,,atomName,CD1
,,,chain,X
,,,resID,359
,,,resName,PHE
,closeContacts.102
,,ligandAtoms
,,,atomIndex,31
,,,atomName,N9
,,,chain,X
,,,resID,1
,,,resName,UNL
,,metrics
,,,distance,3.638118882059793
,,receptorAtoms
,,,atomIndex,1310
,,,atomName,N
,,,chain,X
,,,resID,360
,,,resName,ILE
,closeContacts.103
,,ligandAtoms
,,,atomIndex,31
,,,atomName,N9
,,,chain,X
,,,resID,1
,,,resName,UNL
,,metrics
,,,distance,3.703533717951006
,,receptorAtoms
,,,atomIndex,1312
,,,atomName,C
,,,chain,X
,,,resID,360
,,,resName,ILE
,closeContacts.104
,,ligandAtoms
,,,atomIndex,31
,,,atomName,N9
,,,chain,X
,,,resID,1
,,,resName,UNL
,,metrics
,,,distance,2.7367807730982037
,,receptorAtoms
,,,atomIndex,1313
,,,atomName,O
,,,chain,X
,,,resID,360
,,,resName,ILE
,closeContacts.105
,,ligandAtoms
,,,atomIndex,31
,,,atomName,N9
,,,chain,X
,,,resID,1
,,,resName,UNL
,,metrics
,,,distance,2.778137685572837
,,receptorAtoms
,,,atomIndex,1318
,,,atomName,H
,,,chain,X
,,,resID,360
,,,resName,ILE
,closeContacts.106
,,ligandAtoms
,,,atomIndex,32
,,,atomName,C30
,,,chain,X
,,,resID,1
,,,resName,UNL
,,metrics
,,,distance,3.9214255061138164
,,receptorAtoms
,,,atomIndex,1299
,,,atomName,CA
,,,chain,X
,,,resID,359
,,,resName,PHE
,closeContacts.107
,,ligandAtoms
,,,atomIndex,32
,,,atomName,C30
,,,chain,X
,,,resID,1
,,,resName,UNL
,,metrics
,,,distance,3.9367313852992307
,,receptorAtoms
,,,atomIndex,1300
,,,atomName,C
,,,chain,X
,,,resID,359
,,,resName,PHE
,closeContacts.108
,,ligandAtoms
,,,atomIndex,32
,,,atomName,C30
,,,chain,X
,,,resID,1
,,,resName,UNL
,,metrics
,,,distance,3.9327229752424713
,,receptorAtoms
,,,atomIndex,1302
,,,atomName,CB
,,,chain,X
,,,resID,359
,,,resName,PHE
,closeContacts.109
,,ligandAtoms
,,,atomIndex,32
,,,atomName,C30
,,,chain,X
,,,resID,1
,,,resName,UNL
,,metrics
,,,distance,3.0215628406505135
,,receptorAtoms
,,,atomIndex,1310
,,,atomName,N
,,,chain,X
,,,resID,360
,,,resName,ILE
,closeContacts.110
,,ligandAtoms
,,,atomIndex,32
,,,atomName,C30
,,,chain,X
,,,resID,1
,,,resName,UNL
,,metrics
,,,distance,3.800676913393192
,,receptorAtoms
,,,atomIndex,1311
,,,atomName,CA
,,,chain,X
,,,resID,360
,,,resName,ILE
,closeContacts.111
,,ligandAtoms
,,,atomIndex,32
,,,atomName,C30
,,,chain,X
,,,resID,1
,,,resName,UNL
,,metrics
,,,distance,3.6560531998317534
,,receptorAtoms
,,,atomIndex,1312
,,,atomName,C
,,,chain,X
,,,resID,360
,,,resName,ILE
,closeContacts.112
,,ligandAtoms
,,,atomIndex,32
,,,atomName,C30
,,,chain,X
,,,resID,1
,,,resName,UNL
,,metrics
,,,distance,2.8495245217404253
,,receptorAtoms
,,,atomIndex,1313
,,,atomName,O
,,,chain,X
,,,resID,360
,,,resName,ILE
,closeContacts.113
,,ligandAtoms
,,,atomIndex,32
,,,atomName,C30
,,,chain,X
,,,resID,1
,,,resName,UNL
,,metrics
,,,distance,2.0306319213486232
,,receptorAtoms
,,,atomIndex,1318
,,,atomName,H
,,,chain,X
,,,resID,360
,,,resName,ILE
,closeContacts.114
,,ligandAtoms
,,,atomIndex,33
,,,atomName,N10
,,,chain,X
,,,resID,1
,,,resName,UNL
,,metrics
,,,distance,3.061888632853913
,,receptorAtoms
,,,atomIndex,1310
,,,atomName,N
,,,chain,X
,,,resID,360
,,,resName,ILE
,closeContacts.115
,,ligandAtoms
,,,atomIndex,33
,,,atomName,N10
,,,chain,X
,,,resID,1
,,,resName,UNL
,,metrics
,,,distance,3.4071637765155938
,,receptorAtoms
,,,atomIndex,1311
,,,atomName,CA
,,,chain,X
,,,resID,360
,,,resName,ILE
,closeContacts.116
,,ligandAtoms
,,,atomIndex,33
,,,atomName,N10
,,,chain,X
,,,resID,1
,,,resName,UNL
,,metrics
,,,distance,3.325054435644626
,,receptorAtoms
,,,atomIndex,1312
,,,atomName,C
,,,chain,X
,,,resID,360
,,,resName,ILE
,closeContacts.117
,,ligandAtoms
,,,atomIndex,33
,,,atomName,N10
,,,chain,X
,,,resID,1
,,,resName,UNL
,,metrics
,,,distance,2.5305114107626543
,,receptorAtoms
,,,atomIndex,1313
,,,atomName,O
,,,chain,X
,,,resID,360
,,,resName,ILE
,closeContacts.118
,,ligandAtoms
,,,atomIndex,33
,,,atomName,N10
,,,chain,X
,,,resID,1
,,,resName,UNL
,,metrics
,,,distance,3.3051314648588495
,,receptorAtoms
,,,atomIndex,1314
,,,atomName,CB
,,,chain,X
,,,resID,360
,,,resName,ILE
,closeContacts.119
,,ligandAtoms
,,,atomIndex,33
,,,atomName,N10
,,,chain,X
,,,resID,1
,,,resName,UNL
,,metrics
,,,distance,2.2259802335151146
,,receptorAtoms
,,,atomIndex,1318
,,,atomName,H
,,,chain,X
,,,resID,360
,,,resName,ILE
,closeContacts.120
,,ligandAtoms
,,,atomIndex,34
,,,atomName,N11
,,,chain,X
,,,resID,1
,,,resName,UNL
,,metrics
,,,distance,3.2590038355301156
,,receptorAtoms
,,,atomIndex,1299
,,,atomName,CA
,,,chain,X
,,,resID,359
,,,resName,PHE
,closeContacts.121
,,ligandAtoms
,,,atomIndex,34
,,,atomName,N11
,,,chain,X
,,,resID,1
,,,resName,UNL
,,metrics
,,,distance,3.668666242655497
,,receptorAtoms
,,,atomIndex,1300
,,,atomName,C
,,,chain,X
,,,resID,359
,,,resName,PHE
,closeContacts.122
,,ligandAtoms
,,,atomIndex,34
,,,atomName,N11
,,,chain,X
,,,resID,1
,,,resName,UNL
,,metrics
,,,distance,3.517219640568385
,,receptorAtoms
,,,atomIndex,1302
,,,atomName,CB
,,,chain,X
,,,resID,359
,,,resName,PHE
,closeContacts.123
,,ligandAtoms
,,,atomIndex,34
,,,atomName,N11
,,,chain,X
,,,resID,1
,,,resName,UNL
,,metrics
,,,distance,3.7921450394203013
,,receptorAtoms
,,,atomIndex,1303
,,,atomName,CG
,,,chain,X
,,,resID,359
,,,resName,PHE
,closeContacts.124
,,ligandAtoms
,,,atomIndex,34
,,,atomName,N11
,,,chain,X
,,,resID,1
,,,resName,UNL
,,metrics
,,,distance,3.551470258920945
,,receptorAtoms
,,,atomIndex,1304
,,,atomName,CD1
,,,chain,X
,,,resID,359
,,,resName,PHE
,closeContacts.125
,,ligandAtoms
,,,atomIndex,34
,,,atomName,N11
,,,chain,X
,,,resID,1
,,,resName,UNL
,,metrics
,,,distance,3.095343922732981
,,receptorAtoms
,,,atomIndex,1310
,,,atomName,N
,,,chain,X
,,,resID,360
,,,resName,ILE
,closeContacts.126
,,ligandAtoms
,,,atomIndex,34
,,,atomName,N11
,,,chain,X
,,,resID,1
,,,resName,UNL
,,metrics
,,,distance,3.9571171324589316
,,receptorAtoms
,,,atomIndex,1313
,,,atomName,O
,,,chain,X
,,,resID,360
,,,resName,ILE
,closeContacts.127
,,ligandAtoms
,,,atomIndex,34
,,,atomName,N11
,,,chain,X
,,,resID,1
,,,resName,UNL
,,metrics
,,,distance,2.1504055431476177
,,receptorAtoms
,,,atomIndex,1318
,,,atomName,H
,,,chain,X
,,,resID,360
,,,resName,ILE
,closeContacts.128
,,ligandAtoms
,,,atomIndex,35
,,,atomName,H28
,,,chain,X
,,,resID,1
,,,resName,UNL
,,metrics
,,,distance,3.6501971179650012
,,receptorAtoms
,,,atomIndex,1310
,,,atomName,N
,,,chain,X
,,,resID,360
,,,resName,ILE
,closeContacts.129
,,ligandAtoms
,,,atomIndex,35
,,,atomName,H28
,,,chain,X
,,,resID,1
,,,resName,UNL
,,metrics
,,,distance,3.679242313303108
,,receptorAtoms
,,,atomIndex,1311
,,,atomName,CA
,,,chain,X
,,,resID,360
,,,resName,ILE
,closeContacts.130
,,ligandAtoms
,,,atomIndex,35
,,,atomName,H28
,,,chain,X
,,,resID,1
,,,resName,UNL
,,metrics
,,,distance,3.1960710254936453
,,receptorAtoms
,,,atomIndex,1312
,,,atomName,C
,,,chain,X
,,,resID,360
,,,resName,ILE
,closeContacts.131
,,ligandAtoms
,,,atomIndex,35
,,,atomName,H28
,,,chain,X
,,,resID,1
,,,resName,UNL
,,metrics
,,,distance,2.1780397149730764
,,receptorAtoms
,,,atomIndex,1313
,,,atomName,O
,,,chain,X
,,,resID,360
,,,resName,ILE
,closeContacts.132
,,ligandAtoms
,,,atomIndex,35
,,,atomName,H28
,,,chain,X
,,,resID,1
,,,resName,UNL
,,metrics
,,,distance,3.5657272750450226
,,receptorAtoms
,,,atomIndex,1314
,,,atomName,CB
,,,chain,X
,,,resID,360
,,,resName,ILE
,closeContacts.133
,,ligandAtoms
,,,atomIndex,35
,,,atomName,H28
,,,chain,X
,,,resID,1
,,,resName,UNL
,,metrics
,,,distance,2.92174622443497
,,receptorAtoms
,,,atomIndex,1318
,,,atomName,H
,,,chain,X
,,,resID,360
,,,resName,ILE
,closeContacts.134
,,ligandAtoms
,,,atomIndex,36
,,,atomName,H29
,,,chain,X
,,,resID,1
,,,resName,UNL
,,metrics
,,,distance,3.7313657017237
,,receptorAtoms
,,,atomIndex,1310
,,,atomName,N
,,,chain,X
,,,resID,360
,,,resName,ILE
,closeContacts.135
,,ligandAtoms
,,,atomIndex,36
,,,atomName,H29
,,,chain,X
,,,resID,1
,,,resName,UNL
,,metrics
,,,distance,3.4945926801273983
,,receptorAtoms
,,,atomIndex,1313
,,,atomName,O
,,,chain,X
,,,resID,360
,,,resName,ILE
,closeContacts.136
,,ligandAtoms
,,,atomIndex,36
,,,atomName,H29
,,,chain,X
,,,resID,1
,,,resName,UNL
,,metrics
,,,distance,3.7089737124978384
,,receptorAtoms
,,,atomIndex,1314
,,,atomName,CB
,,,chain,X
,,,resID,360
,,,resName,ILE
,closeContacts.137
,,ligandAtoms
,,,atomIndex,36
,,,atomName,H29
,,,chain,X
,,,resID,1
,,,resName,UNL
,,metrics
,,,distance,2.908628198996909
,,receptorAtoms
,,,atomIndex,1318
,,,atomName,H
,,,chain,X
,,,resID,360
,,,resName,ILE
,closeContacts.138
,,ligandAtoms
,,,atomIndex,37
,,,atomName,H30
,,,chain,X
,,,resID,1
,,,resName,UNL
,,metrics
,,,distance,3.5514577288769744
,,receptorAtoms
,,,atomIndex,1290
,,,atomName,O
,,,chain,X
,,,resID,358
,,,resName,ASN
,closeContacts.139
,,ligandAtoms
,,,atomIndex,37
,,,atomName,H30
,,,chain,X
,,,resID,1
,,,resName,UNL
,,metrics
,,,distance,2.9106664185371707
,,receptorAtoms
,,,atomIndex,1299
,,,atomName,CA
,,,chain,X
,,,resID,359
,,,resName,PHE
,closeContacts.140
,,ligandAtoms
,,,atomIndex,37
,,,atomName,H30
,,,chain,X
,,,resID,1
,,,resName,UNL
,,metrics
,,,distance,3.1499233324003297
,,receptorAtoms
,,,atomIndex,1300
,,,atomName,C
,,,chain,X
,,,resID,359
,,,resName,PHE
,closeContacts.141
,,ligandAtoms
,,,atomIndex,37
,,,atomName,H30
,,,chain,X
,,,resID,1
,,,resName,UNL
,,metrics
,,,distance,3.6052934693308942
,,receptorAtoms
,,,atomIndex,1302
,,,atomName,CB
,,,chain,X
,,,resID,359
,,,resName,PHE
,closeContacts.142
,,ligandAtoms
,,,atomIndex,37
,,,atomName,H30
,,,chain,X
,,,resID,1
,,,resName,UNL
,,metrics
,,,distance,3.785273570034272
,,receptorAtoms
,,,atomIndex,1304
,,,atomName,CD1
,,,chain,X
,,,resID,359
,,,resName,PHE
,closeContacts.143
,,ligandAtoms
,,,atomIndex,37
,,,atomName,H30
,,,chain,X
,,,resID,1
,,,resName,UNL
,,metrics
,,,distance,2.613964613379454
,,receptorAtoms
,,,atomIndex,1310
,,,atomName,N
,,,chain,X
,,,resID,360
,,,resName,ILE
,closeContacts.144
,,ligandAtoms
,,,atomIndex,37
,,,atomName,H30
,,,chain,X
,,,resID,1
,,,resName,UNL
,,metrics
,,,distance,3.754417664565305
,,receptorAtoms
,,,atomIndex,1311
,,,atomName,CA
,,,chain,X
,,,resID,360
,,,resName,ILE
,closeContacts.145
,,ligandAtoms
,,,atomIndex,37
,,,atomName,H30
,,,chain,X
,,,resID,1
,,,resName,UNL
,,metrics
,,,distance,3.915772592988515
,,receptorAtoms
,,,atomIndex,1314
,,,atomName,CB
,,,chain,X
,,,resID,360
,,,resName,ILE
,closeContacts.146
,,ligandAtoms
,,,atomIndex,37
,,,atomName,H30
,,,chain,X
,,,resID,1
,,,resName,UNL
,,metrics
,,,distance,1.8292963127935291
,,receptorAtoms
,,,atomIndex,1318
,,,atomName,H
,,,chain,X
,,,resID,360
,,,resName,ILE
,closeContacts.147
,,ligandAtoms
,,,atomIndex,38
,,,atomName,H31
,,,chain,X
,,,resID,1
,,,resName,UNL
,,metrics
,,,distance,2.8419227646084972
,,receptorAtoms
,,,atomIndex,1299
,,,atomName,CA
,,,chain,X
,,,resID,359
,,,resName,PHE
,closeContacts.148
,,ligandAtoms
,,,atomIndex,38
,,,atomName,H31
,,,chain,X
,,,resID,1
,,,resName,UNL
,,metrics
,,,distance,3.625825285366078
,,receptorAtoms
,,,atomIndex,1300
,,,atomName,C
,,,chain,X
,,,resID,359
,,,resName,PHE
,closeContacts.149
,,ligandAtoms
,,,atomIndex,38
,,,atomName,H31
,,,chain,X
,,,resID,1
,,,resName,UNL
,,metrics
,,,distance,2.8302075895594654
,,receptorAtoms
,,,atomIndex,1302
,,,atomName,CB
,,,chain,X
,,,resID,359
,,,resName,PHE
,closeContacts.150
,,ligandAtoms
,,,atomIndex,38
,,,atomName,H31
,,,chain,X
,,,resID,1
,,,resName,UNL
,,metrics
,,,distance,2.8422359156129176
,,receptorAtoms
,,,atomIndex,1303
,,,atomName,CG
,,,chain,X
,,,resID,359
,,,resName,PHE
,closeContacts.151
,,ligandAtoms
,,,atomIndex,38
,,,atomName,H31
,,,chain,X
,,,resID,1
,,,resName,UNL
,,metrics
,,,distance,2.5975615488376786
,,receptorAtoms
,,,atomIndex,1304
,,,atomName,CD1
,,,chain,X
,,,resID,359
,,,resName,PHE
,closeContacts.152
,,ligandAtoms
,,,atomIndex,38
,,,atomName,H31
,,,chain,X
,,,resID,1
,,,resName,UNL
,,metrics
,,,distance,3.927872961285789
,,receptorAtoms
,,,atomIndex,1305
,,,atomName,CD2
,,,chain,X
,,,resID,359
,,,resName,PHE
,closeContacts.153
,,ligandAtoms
,,,atomIndex,38
,,,atomName,H31
,,,chain,X
,,,resID,1
,,,resName,UNL
,,metrics
,,,distance,3.6090227209038175
,,receptorAtoms
,,,atomIndex,1306
,,,atomName,CE1
,,,chain,X
,,,resID,359
,,,resName,PHE
,closeContacts.154
,,ligandAtoms
,,,atomIndex,38
,,,atomName,H31
,,,chain,X
,,,resID,1
,,,resName,UNL
,,metrics
,,,distance,3.375687929889255
,,receptorAtoms
,,,atomIndex,1310
,,,atomName,N
,,,chain,X
,,,resID,360
,,,resName,ILE
,closeContacts.155
,,ligandAtoms
,,,atomIndex,38
,,,atomName,H31
,,,chain,X
,,,resID,1
,,,resName,UNL
,,metrics
,,,distance,2.55016960220296
,,receptorAtoms
,,,atomIndex,1318
,,,atomName,H
,,,chain,X
,,,resID,360
,,,resName,ILE
,closeContacts.156
,,ligandAtoms
,,,atomIndex,39
,,,atomName,H9
,,,chain,X
,,,resID,1
,,,resName,UNL
,,metrics
,,,distance,3.4418602528284032
,,receptorAtoms
,,,atomIndex,1312
,,,atomName,C
,,,chain,X
,,,resID,360
,,,resName,ILE
,closeContacts.157
,,ligandAtoms
,,,atomIndex,39
,,,atomName,H9
,,,chain,X
,,,resID,1
,,,resName,UNL
,,metrics
,,,distance,2.3093776217847095
,,receptorAtoms
,,,atomIndex,1313
,,,atomName,O
,,,chain,X
,,,resID,360
,,,resName,ILE
,closeContacts.158
,,ligandAtoms
,,,atomIndex,39
,,,atomName,H9
,,,chain,X
,,,resID,1
,,,resName,UNL
,,metrics
,,,distance,3.287539049197743
,,receptorAtoms
,,,atomIndex,1318
,,,atomName,H
,,,chain,X
,,,resID,360
,,,resName,ILE
,closeContacts.159
,,ligandAtoms
,,,atomIndex,40
,,,atomName,C21
,,,chain,X
,,,resID,1
,,,resName,UNL
,,metrics
,,,distance,3.3544680651334287
,,receptorAtoms
,,,atomIndex,419
,,,atomName,CB
,,,chain,X
,,,resID,269
,,,resName,ALA
,closeContacts.160
,,ligandAtoms
,,,atomIndex,40
,,,atomName,C21
,,,chain,X
,,,resID,1
,,,resName,UNL
,,metrics
,,,distance,3.64438897484887
,,receptorAtoms
,,,atomIndex,865
,,,atomName,CD1
,,,chain,X
,,,resID,315
,,,resName,ILE
,closeContacts.161
,,ligandAtoms
,,,atomIndex,40
,,,atomName,C21
,,,chain,X
,,,resID,1
,,,resName,UNL
,,metrics
,,,distance,3.6336126651034224
,,receptorAtoms
,,,atomIndex,1420
,,,atomName,CD1
,,,chain,X
,,,resID,370
,,,resName,LEU
,closeContacts.162
,,ligandAtoms
,,,atomIndex,41
,,,atomName,N5
,,,chain,X
,,,resID,1
,,,resName,UNL
,,metrics
,,,distance,3.7414224567669443
,,receptorAtoms
,,,atomIndex,1419
,,,atomName,CG
,,,chain,X
,,,resID,370
,,,resName,LEU
,closeContacts.163
,,ligandAtoms
,,,atomIndex,41
,,,atomName,N5
,,,chain,X
,,,resID,1
,,,resName,UNL
,,metrics
,,,distance,3.1952416184069716
,,receptorAtoms
,,,atomIndex,1420
,,,atomName,CD1
,,,chain,X
,,,resID,370
,,,resName,LEU
,closeContacts.164
,,ligandAtoms
,,,atomIndex,41
,,,atomName,N5
,,,chain,X
,,,resID,1
,,,resName,UNL
,,metrics
,,,distance,3.0368090160561625
,,receptorAtoms
,,,atomIndex,1421
,,,atomName,CD2
,,,chain,X
,,,resID,370
,,,resName,LEU
,closeContacts.165
,,ligandAtoms
,,,atomIndex,41
,,,atomName,N5
,,,chain,X
,,,resID,1
,,,resName,UNL
,,metrics
,,,distance,3.634170194143362
,,receptorAtoms
,,,atomIndex,1533
,,,atomName,CZ
,,,chain,X
,,,resID,382
,,,resName,PHE
,closeContacts.166
,,ligandAtoms
,,,atomIndex,42
,,,atomName,H25
,,,chain,X
,,,resID,1
,,,resName,UNL
,,metrics
,,,distance,3.7079677722439817
,,receptorAtoms
,,,atomIndex,1419
,,,atomName,CG
,,,chain,X
,,,resID,370
,,,resName,LEU
,closeContacts.167
,,ligandAtoms
,,,atomIndex,42
,,,atomName,H25
,,,chain,X
,,,resID,1
,,,resName,UNL
,,metrics
,,,distance,3.3565240949529924
,,receptorAtoms
,,,atomIndex,1420
,,,atomName,CD1
,,,chain,X
,,,resID,370
,,,resName,LEU
,closeContacts.168
,,ligandAtoms
,,,atomIndex,42
,,,atomName,H25
,,,chain,X
,,,resID,1
,,,resName,UNL
,,metrics
,,,distance,2.9087743123178185
,,receptorAtoms
,,,atomIndex,1421
,,,atomName,CD2
,,,chain,X
,,,resID,370
,,,resName,LEU
,closeContacts.169
,,ligandAtoms
,,,atomIndex,42
,,,atomName,H25
,,,chain,X
,,,resID,1
,,,resName,UNL
,,metrics
,,,distance,3.840740163041494
,,receptorAtoms
,,,atomIndex,1531
,,,atomName,CE1
,,,chain,X
,,,resID,382
,,,resName,PHE
,closeContacts.170
,,ligandAtoms
,,,atomIndex,42
,,,atomName,H25
,,,chain,X
,,,resID,1
,,,resName,UNL
,,metrics
,,,distance,3.250563951070644
,,receptorAtoms
,,,atomIndex,1532
,,,atomName,CE2
,,,chain,X
,,,resID,382
,,,resName,PHE
,closeContacts.171
,,ligandAtoms
,,,atomIndex,42
,,,atomName,H25
,,,chain,X
,,,resID,1
,,,resName,UNL
,,metrics
,,,distance,2.7040225590774942
,,receptorAtoms
,,,atomIndex,1533
,,,atomName,CZ
,,,chain,X
,,,resID,382
,,,resName,PHE
,closeContacts.172
,,ligandAtoms
,,,atomIndex,43
,,,atomName,O3
,,,chain,X
,,,resID,1
,,,resName,UNL
,,metrics
,,,distance,2.6764091615446257
,,receptorAtoms
,,,atomIndex,419
,,,atomName,CB
,,,chain,X
,,,resID,269
,,,resName,ALA
,closeContacts.173
,,ligandAtoms
,,,atomIndex,43
,,,atomName,O3
,,,chain,X
,,,resID,1
,,,resName,UNL
,,metrics
,,,distance,3.7317987619913264
,,receptorAtoms
,,,atomIndex,863
,,,atomName,CG1
,,,chain,X
,,,resID,315
,,,resName,ILE
,closeContacts.174
,,ligandAtoms
,,,atomIndex,43
,,,atomName,O3
,,,chain,X
,,,resID,1
,,,resName,UNL
,,metrics
,,,distance,3.682416190492324
,,receptorAtoms
,,,atomIndex,865
,,,atomName,CD1
,,,chain,X
,,,resID,315
,,,resName,ILE
,closeContacts.175
,,ligandAtoms
,,,atomIndex,43
,,,atomName,O3
,,,chain,X
,,,resID,1
,,,resName,UNL
,,metrics
,,,distance,3.5818897247123624
,,receptorAtoms
,,,atomIndex,870
,,,atomName,O
,,,chain,X
,,,resID,316
,,,resName,GLU
,closeContacts.176
,,ligandAtoms
,,,atomIndex,43
,,,atomName,O3
,,,chain,X
,,,resID,1
,,,resName,UNL
,,metrics
,,,distance,3.983808981364444
,,receptorAtoms
,,,atomIndex,878
,,,atomName,CA
,,,chain,X
,,,resID,317
,,,resName,PHE
,closeContacts.177
,,ligandAtoms
,,,atomIndex,43
,,,atomName,O3
,,,chain,X
,,,resID,1
,,,resName,UNL
,,metrics
,,,distance,3.252388968127889
,,receptorAtoms
,,,atomIndex,897
,,,atomName,H
,,,chain,X
,,,resID,318
,,,resName,MET
,closeContacts.178
,,ligandAtoms
,,,atomIndex,44
,,,atomName,C22
,,,chain,X
,,,resID,1
,,,resName,UNL
,,metrics
,,,distance,3.267006121818568
,,receptorAtoms
,,,atomIndex,897
,,,atomName,H
,,,chain,X
,,,resID,318
,,,resName,MET
,closeContacts.179
,,ligandAtoms
,,,atomIndex,44
,,,atomName,C22
,,,chain,X
,,,resID,1
,,,resName,UNL
,,metrics
,,,distance,3.9697278244232295
,,receptorAtoms
,,,atomIndex,1419
,,,atomName,CG
,,,chain,X
,,,resID,370
,,,resName,LEU
,closeContacts.180
,,ligandAtoms
,,,atomIndex,44
,,,atomName,C22
,,,chain,X
,,,resID,1
,,,resName,UNL
,,metrics
,,,distance,3.820363595261581
,,receptorAtoms
,,,atomIndex,1420
,,,atomName,CD1
,,,chain,X
,,,resID,370
,,,resName,LEU
,closeContacts.181
,,ligandAtoms
,,,atomIndex,44
,,,atomName,C22
,,,chain,X
,,,resID,1
,,,resName,UNL
,,metrics
,,,distance,2.949472156166251
,,receptorAtoms
,,,atomIndex,1421
,,,atomName,CD2
,,,chain,X
,,,resID,370
,,,resName,LEU
,closeContacts.182
,,ligandAtoms
,,,atomIndex,45
,,,atomName,C23
,,,chain,X
,,,resID,1
,,,resName,UNL
,,metrics
,,,distance,3.920220657054906
,,receptorAtoms
,,,atomIndex,221
,,,atomName,CD1
,,,chain,X
,,,resID,248
,,,resName,LEU
,closeContacts.183
,,ligandAtoms
,,,atomIndex,45
,,,atomName,C23
,,,chain,X
,,,resID,1
,,,resName,UNL
,,metrics
,,,distance,3.833751426475118
,,receptorAtoms
,,,atomIndex,897
,,,atomName,H
,,,chain,X
,,,resID,318
,,,resName,MET
,closeContacts.184
,,ligandAtoms
,,,atomIndex,48
,,,atomName,H6
,,,chain,X
,,,resID,1
,,,resName,UNL
,,metrics
,,,distance,3.4858036376135706
,,receptorAtoms
,,,atomIndex,1421
,,,atomName,CD2
,,,chain,X
,,,resID,370
,,,resName,LEU
,closeContacts.185
,,ligandAtoms
,,,atomIndex,49
,,,atomName,C25
,,,chain,X
,,,resID,1
,,,resName,UNL
,,metrics
,,,distance,3.746959433994449
,,receptorAtoms
,,,atomIndex,934
,,,atomName,H
,,,chain,X
,,,resID,322
,,,resName,ASN
,closeContacts.186
,,ligandAtoms
,,,atomIndex,49
,,,atomName,C25
,,,chain,X
,,,resID,1
,,,resName,UNL
,,metrics
,,,distance,3.7505415608949066
,,receptorAtoms
,,,atomIndex,9351
,,,atomName,1HD2
,,,chain,X
,,,resID,322
,,,resName,ASN
,closeContacts.187
,,ligandAtoms
,,,atomIndex,50
,,,atomName,C26
,,,chain,X
,,,resID,1
,,,resName,UNL
,,metrics
,,,distance,3.7906301586939333
,,receptorAtoms
,,,atomIndex,934
,,,atomName,H
,,,chain,X
,,,resID,322
,,,resName,ASN
,closeContacts.188
,,ligandAtoms
,,,atomIndex,50
,,,atomName,C26
,,,chain,X
,,,resID,1
,,,resName,UNL
,,metrics
,,,distance,3.2106737610663596
,,receptorAtoms
,,,atomIndex,9351
,,,atomName,1HD2
,,,chain,X
,,,resID,322
,,,resName,ASN
,closeContacts.189
,,ligandAtoms
,,,atomIndex,51
,,,atomName,C27
,,,chain,X
,,,resID,1
,,,resName,UNL
,,metrics
,,,distance,3.7843776238636653
,,receptorAtoms
,,,atomIndex,225
,,,atomName,CA
,,,chain,X
,,,resID,249
,,,resName,GLY
,closeContacts.190
,,ligandAtoms
,,,atomIndex,51
,,,atomName,C27
,,,chain,X
,,,resID,1
,,,resName,UNL
,,metrics
,,,distance,3.708004989209156
,,receptorAtoms
,,,atomIndex,256
,,,atomName,CG
,,,chain,X
,,,resID,253
,,,resName,TYR
,closeContacts.191
,,ligandAtoms
,,,atomIndex,51
,,,atomName,C27
,,,chain,X
,,,resID,1
,,,resName,UNL
,,metrics
,,,distance,3.411711154245037
,,receptorAtoms
,,,atomIndex,257
,,,atomName,CD1
,,,chain,X
,,,resID,253
,,,resName,TYR
,closeContacts.192
,,ligandAtoms
,,,atomIndex,51
,,,atomName,C27
,,,chain,X
,,,resID,1
,,,resName,UNL
,,metrics
,,,distance,3.4703295232585614
,,receptorAtoms
,,,atomIndex,259
,,,atomName,CE1
,,,chain,X
,,,resID,253
,,,resName,TYR
,closeContacts.193
,,ligandAtoms
,,,atomIndex,51
,,,atomName,C27
,,,chain,X
,,,resID,1
,,,resName,UNL
,,metrics
,,,distance,3.7981433622231795
,,receptorAtoms
,,,atomIndex,261
,,,atomName,CZ
,,,chain,X
,,,resID,253
,,,resName,TYR
,closeContacts.194
,,ligandAtoms
,,,atomIndex,51
,,,atomName,C27
,,,chain,X
,,,resID,1
,,,resName,UNL
,,metrics
,,,distance,3.428898511184022
,,receptorAtoms
,,,atomIndex,932
,,,atomName,ND2
,,,chain,X
,,,resID,322
,,,resName,ASN
,closeContacts.195
,,ligandAtoms
,,,atomIndex,51
,,,atomName,C27
,,,chain,X
,,,resID,1
,,,resName,UNL
,,metrics
,,,distance,3.971242752590176
,,receptorAtoms
,,,atomIndex,934
,,,atomName,H
,,,chain,X
,,,resID,322
,,,resName,ASN
,closeContacts.196
,,ligandAtoms
,,,atomIndex,51
,,,atomName,C27
,,,chain,X
,,,resID,1
,,,resName,UNL
,,metrics
,,,distance,2.539741325410917
,,receptorAtoms
,,,atomIndex,9351
,,,atomName,1HD2
,,,chain,X
,,,resID,322
,,,resName,ASN
,closeContacts.197
,,ligandAtoms
,,,atomIndex,51
,,,atomName,C27
,,,chain,X
,,,resID,1
,,,resName,UNL
,,metrics
,,,distance,3.7980106634921396
,,receptorAtoms
,,,atomIndex,9362
,,,atomName,2HD2
,,,chain,X
,,,resID,322
,,,resName,ASN
,closeContacts.198
,,ligandAtoms
,,,atomIndex,52
,,,atomName,C28
,,,chain,X
,,,resID,1
,,,resName,UNL
,,metrics
,,,distance,3.508815469642141
,,receptorAtoms
,,,atomIndex,225
,,,atomName,CA
,,,chain,X
,,,resID,249
,,,resName,GLY
,closeContacts.199
,,ligandAtoms
,,,atomIndex,52
,,,atomName,C28
,,,chain,X
,,,resID,1
,,,resName,UNL
,,metrics
,,,distance,3.337839570740331
,,receptorAtoms
,,,atomIndex,932
,,,atomName,ND2
,,,chain,X
,,,resID,322
,,,resName,ASN
,closeContacts.200
,,ligandAtoms
,,,atomIndex,52
,,,atomName,C28
,,,chain,X
,,,resID,1
,,,resName,UNL
,,metrics
,,,distance,2.566632424014003
,,receptorAtoms
,,,atomIndex,9351
,,,atomName,1HD2
,,,chain,X
,,,resID,322
,,,resName,ASN
,closeContacts.201
,,ligandAtoms
,,,atomIndex,52
,,,atomName,C28
,,,chain,X
,,,resID,1
,,,resName,UNL
,,metrics
,,,distance,3.4164286908993136
,,receptorAtoms
,,,atomIndex,9362
,,,atomName,2HD2
,,,chain,X
,,,resID,322
,,,resName,ASN
,closeContacts.202
,,ligandAtoms
,,,atomIndex,53
,,,atomName,C29
,,,chain,X
,,,resID,1
,,,resName,UNL
,,metrics
,,,distance,3.800258017556176
,,receptorAtoms
,,,atomIndex,225
,,,atomName,CA
,,,chain,X
,,,resID,249
,,,resName,GLY
,closeContacts.203
,,ligandAtoms
,,,atomIndex,53
,,,atomName,C29
,,,chain,X
,,,resID,1
,,,resName,UNL
,,metrics
,,,distance,3.728081812407018
,,receptorAtoms
,,,atomIndex,228
,,,atomName,H
,,,chain,X
,,,resID,249
,,,resName,GLY
,closeContacts.204
,,ligandAtoms
,,,atomIndex,53
,,,atomName,C29
,,,chain,X
,,,resID,1
,,,resName,UNL
,,metrics
,,,distance,3.246243829412695
,,receptorAtoms
,,,atomIndex,9351
,,,atomName,1HD2
,,,chain,X
,,,resID,322
,,,resName,ASN
,closeContacts.205
,,ligandAtoms
,,,atomIndex,54
,,,atomName,N7
,,,chain,X
,,,resID,1
,,,resName,UNL
,,metrics
,,,distance,3.7354930062844454
,,receptorAtoms
,,,atomIndex,228
,,,atomName,H
,,,chain,X
,,,resID,249
,,,resName,GLY
,closeContacts.206
,,ligandAtoms
,,,atomIndex,54
,,,atomName,N7
,,,chain,X
,,,resID,1
,,,resName,UNL
,,metrics
,,,distance,3.918660230231756
,,receptorAtoms
,,,atomIndex,934
,,,atomName,H
,,,chain,X
,,,resID,322
,,,resName,ASN
,closeContacts.207
,,ligandAtoms
,,,atomIndex,54
,,,atomName,N7
,,,chain,X
,,,resID,1
,,,resName,UNL
,,metrics
,,,distance,3.8130304221183433
,,receptorAtoms
,,,atomIndex,9351
,,,atomName,1HD2
,,,chain,X
,,,resID,322
,,,resName,ASN
,closeContacts.208
,,ligandAtoms
,,,atomIndex,55
,,,atomName,H7
,,,chain,X
,,,resID,1
,,,resName,UNL
,,metrics
,,,distance,3.8956290891202667
,,receptorAtoms
,,,atomIndex,228
,,,atomName,H
,,,chain,X
,,,resID,249
,,,resName,GLY
,closeContacts.209
,,ligandAtoms
,,,atomIndex,56
,,,atomName,N8
,,,chain,X
,,,resID,1
,,,resName,UNL
,,metrics
,,,distance,3.7796177055358373
,,receptorAtoms
,,,atomIndex,219
,,,atomName,CB
,,,chain,X
,,,resID,248
,,,resName,LEU
,closeContacts.210
,,ligandAtoms
,,,atomIndex,56
,,,atomName,N8
,,,chain,X
,,,resID,1
,,,resName,UNL
,,metrics
,,,distance,3.918293250893812
,,receptorAtoms
,,,atomIndex,220
,,,atomName,CG
,,,chain,X
,,,resID,248
,,,resName,LEU
,closeContacts.211
,,ligandAtoms
,,,atomIndex,56
,,,atomName,N8
,,,chain,X
,,,resID,1
,,,resName,UNL
,,metrics
,,,distance,3.881445735805151
,,receptorAtoms
,,,atomIndex,221
,,,atomName,CD1
,,,chain,X
,,,resID,248
,,,resName,LEU
,closeContacts.212
,,ligandAtoms
,,,atomIndex,56
,,,atomName,N8
,,,chain,X
,,,resID,1
,,,resName,UNL
,,metrics
,,,distance,3.4914862164986413
,,receptorAtoms
,,,atomIndex,222
,,,atomName,CD2
,,,chain,X
,,,resID,248
,,,resName,LEU
,closeContacts.213
,,ligandAtoms
,,,atomIndex,57
,,,atomName,H26
,,,chain,X
,,,resID,1
,,,resName,UNL
,,metrics
,,,distance,3.7971000776908674
,,receptorAtoms
,,,atomIndex,219
,,,atomName,CB
,,,chain,X
,,,resID,248
,,,resName,LEU
,closeContacts.214
,,ligandAtoms
,,,atomIndex,57
,,,atomName,H26
,,,chain,X
,,,resID,1
,,,resName,UNL
,,metrics
,,,distance,3.553379658859999
,,receptorAtoms
,,,atomIndex,220
,,,atomName,CG
,,,chain,X
,,,resID,248
,,,resName,LEU
,closeContacts.215
,,ligandAtoms
,,,atomIndex,57
,,,atomName,H26
,,,chain,X
,,,resID,1
,,,resName,UNL
,,metrics
,,,distance,3.2578342499273956
,,receptorAtoms
,,,atomIndex,221
,,,atomName,CD1
,,,chain,X
,,,resID,248
,,,resName,LEU
,closeContacts.216
,,ligandAtoms
,,,atomIndex,57
,,,atomName,H26
,,,chain,X
,,,resID,1
,,,resName,UNL
,,metrics
,,,distance,3.1178949629517674
,,receptorAtoms
,,,atomIndex,222
,,,atomName,CD2
,,,chain,X
,,,resID,248
,,,resName,LEU
,closeContacts.217
,,ligandAtoms
,,,atomIndex,57
,,,atomName,H26
,,,chain,X
,,,resID,1
,,,resName,UNL
,,metrics
,,,distance,3.0872144402357296
,,receptorAtoms
,,,atomIndex,885
,,,atomName,CE1
,,,chain,X
,,,resID,317
,,,resName,PHE
,closeContacts.218
,,ligandAtoms
,,,atomIndex,57
,,,atomName,H26
,,,chain,X
,,,resID,1
,,,resName,UNL
,,metrics
,,,distance,3.434283185760897
,,receptorAtoms
,,,atomIndex,887
,,,atomName,CZ
,,,chain,X
,,,resID,317
,,,resName,PHE
,closeContacts.219
,,ligandAtoms
,,,atomIndex,58
,,,atomName,H27
,,,chain,X
,,,resID,1
,,,resName,UNL
,,metrics
,,,distance,3.23586356325479
,,receptorAtoms
,,,atomIndex,219
,,,atomName,CB
,,,chain,X
,,,resID,248
,,,resName,LEU
,closeContacts.220
,,ligandAtoms
,,,atomIndex,58
,,,atomName,H27
,,,chain,X
,,,resID,1
,,,resName,UNL
,,metrics
,,,distance,3.5270921450962964
,,receptorAtoms
,,,atomIndex,220
,,,atomName,CG
,,,chain,X
,,,resID,248
,,,resName,LEU
,closeContacts.221
,,ligandAtoms
,,,atomIndex,58
,,,atomName,H27
,,,chain,X
,,,resID,1
,,,resName,UNL
,,metrics
,,,distance,3.8907901511132654
,,receptorAtoms
,,,atomIndex,221
,,,atomName,CD1
,,,chain,X
,,,resID,248
,,,resName,LEU
,closeContacts.222
,,ligandAtoms
,,,atomIndex,58
,,,atomName,H27
,,,chain,X
,,,resID,1
,,,resName,UNL
,,metrics
,,,distance,2.9827834316289197
,,receptorAtoms
,,,atomIndex,222
,,,atomName,CD2
,,,chain,X
,,,resID,248
,,,resName,LEU
,closeContacts.223
,,ligandAtoms
,,,atomIndex,58
,,,atomName,H27
,,,chain,X
,,,resID,1
,,,resName,UNL
,,metrics
,,,distance,3.7122762558839826
,,receptorAtoms
,,,atomIndex,228
,,,atomName,H
,,,chain,X
,,,resID,249
,,,resName,GLY
closestContacts
,closestContacts.1
,,ligandAtoms
,,,atomIndex,10
,,,atomName,H24
,,,chain,X
,,,resID,1
,,,resName,UNL
,,metrics
,,,distance,2.368020692477159
,,receptorAtoms
,,,atomIndex,1420
,,,atomName,CD1
,,,chain,X
,,,resID,370
,,,resName,LEU
,closestContacts.2
,,ligandAtoms
,,,atomIndex,13
,,,atomName,O2
,,,chain,X
,,,resID,1
,,,resName,UNL
,,metrics
,,,distance,2.118722964429281
,,receptorAtoms
,,,atomIndex,1522
,,,atomName,H
,,,chain,X
,,,resID,381
,,,resName,ASP
,closestContacts.3
,,ligandAtoms
,,,atomIndex,14
,,,atomName,H23
,,,chain,X
,,,resID,1
,,,resName,UNL
,,metrics
,,,distance,1.9041441647102242
,,receptorAtoms
,,,atomIndex,590
,,,atomName,OE2
,,,chain,X
,,,resID,286
,,,resName,GLU
,closestContacts.4
,,ligandAtoms
,,,atomIndex,24
,,,atomName,H22
,,,chain,X
,,,resID,1
,,,resName,UNL
,,metrics
,,,distance,1.9785211649108025
,,receptorAtoms
,,,atomIndex,590
,,,atomName,OE2
,,,chain,X
,,,resID,286
,,,resName,GLU
,closestContacts.5
,,ligandAtoms
,,,atomIndex,32
,,,atomName,C30
,,,chain,X
,,,resID,1
,,,resName,UNL
,,metrics
,,,distance,2.0306319213486232
,,receptorAtoms
,,,atomIndex,1318
,,,atomName,H
,,,chain,X
,,,resID,360
,,,resName,ILE
,closestContacts.6
,,ligandAtoms
,,,atomIndex,33
,,,atomName,N10
,,,chain,X
,,,resID,1
,,,resName,UNL
,,metrics
,,,distance,2.2259802335151146
,,receptorAtoms
,,,atomIndex,1318
,,,atomName,H
,,,chain,X
,,,resID,360
,,,resName,ILE
,closestContacts.7
,,ligandAtoms
,,,atomIndex,34
,,,atomName,N11
,,,chain,X
,,,resID,1
,,,resName,UNL
,,metrics
,,,distance,2.1504055431476177
,,receptorAtoms
,,,atomIndex,1318
,,,atomName,H
,,,chain,X
,,,resID,360
,,,resName,ILE
,closestContacts.8
,,ligandAtoms
,,,atomIndex,35
,,,atomName,H28
,,,chain,X
,,,resID,1
,,,resName,UNL
,,metrics
,,,distance,2.1780397149730764
,,receptorAtoms
,,,atomIndex,1313
,,,atomName,O
,,,chain,X
,,,resID,360
,,,resName,ILE
,closestContacts.9
,,ligandAtoms
,,,atomIndex,37
,,,atomName,H30
,,,chain,X
,,,resID,1
,,,resName,UNL
,,metrics
,,,distance,1.8292963127935291
,,receptorAtoms
,,,atomIndex,1318
,,,atomName,H
,,,chain,X
,,,resID,360
,,,resName,ILE
,closestContacts.10
,,ligandAtoms
,,,atomIndex,39
,,,atomName,H9
,,,chain,X
,,,resID,1
,,,resName,UNL
,,metrics
,,,distance,2.3093776217847095
,,receptorAtoms
,,,atomIndex,1313
,,,atomName,O
,,,chain,X
,,,resID,360
,,,resName,ILE
electrostaticEnergies
,C_C,0
,C_HH,0
,C_N,0
,C_NN,0
,C_OO,0
,HH_HH,0
,HH_N,0
,HH_NN,0
,HH_OO,0
,HH_SS,0
,NN_OO,0
,N_N,0
,N_NN,0
,N_OO,0
,N_SS,0
,OO_OO,0
halogenBonds,none
hydrogenBonds
,hydrogenBonds.1
,,ligandAtoms
,,,ligandAtoms.1
,,,,atomIndex,11
,,,,atomName,N3
,,,,chain,X
,,,,resID,1
,,,,resName,UNL
,,,ligandAtoms.2
,,,,atomIndex,14
,,,,atomName,H23
,,,,chain,X
,,,,resID,1
,,,,resName,UNL
,,metrics
,,,angle,14.83348574700807
,,,distance,2.890230613636219
,,receptorAtoms
,,,atomIndex,590
,,,atomName,OE2
,,,chain,X
,,,resID,286
,,,resName,GLU
,hydrogenBonds.2
,,ligandAtoms
,,,ligandAtoms.1
,,,,atomIndex,23
,,,,atomName,N2
,,,,chain,X
,,,,resID,1
,,,,resName,UNL
,,,ligandAtoms.2
,,,,atomIndex,24
,,,,atomName,H22
,,,,chain,X
,,,,resID,1
,,,,resName,UNL
,,metrics
,,,angle,30.183481296011962
,,,distance,2.8985667147747347
,,receptorAtoms
,,,atomIndex,590
,,,atomName,OE2
,,,chain,X
,,,resID,286
,,,resName,GLU
,hydrogenBonds.3
,,ligandAtoms
,,,atomIndex,31
,,,atomName,N9
,,,chain,X
,,,resID,1
,,,resName,UNL
,,metrics
,,,angle,36.62385190226607
,,,distance,3.638118882059793
,,receptorAtoms
,,,receptorAtoms.1
,,,,atomIndex,1310
,,,,atomName,N
,,,,chain,X
,,,,resID,360
,,,,resName,ILE
,,,receptorAtoms.2
,,,,atomIndex,1318
,,,,atomName,H
,,,,chain,X
,,,,resID,360
,,,,resName,ILE
,hydrogenBonds.4
,,ligandAtoms
,,,atomIndex,34
,,,atomName,N11
,,,chain,X
,,,resID,1
,,,resName,UNL
,,metrics
,,,angle,24.82541805430799
,,,distance,3.095343922732981
,,receptorAtoms
,,,receptorAtoms.1
,,,,atomIndex,1310
,,,,atomName,N
,,,,chain,X
,,,,resID,360
,,,,resName,ILE
,,,receptorAtoms.2
,,,,atomIndex,1318
,,,,atomName,H
,,,,chain,X
,,,,resID,360
,,,,resName,ILE
hydrophobicContacts
,hydrophobicContacts.1
,,ligandAtoms
,,,atomIndex,2
,,,atomName,C14
,,,chain,X
,,,resID,1
,,,resName,UNL
,,metrics
,,,distance,3.9118918696712486
,,receptorAtoms
,,,atomIndex,1532
,,,atomName,CE2
,,,chain,X
,,,resID,382
,,,resName,PHE
,hydrophobicContacts.2
,,ligandAtoms
,,,atomIndex,3
,,,atomName,C15
,,,chain,X
,,,resID,1
,,,resName,UNL
,,metrics
,,,distance,3.369131787271017
,,receptorAtoms
,,,atomIndex,865
,,,atomName,CD1
,,,chain,X
,,,resID,315
,,,resName,ILE
,hydrophobicContacts.3
,,ligandAtoms
,,,atomIndex,3
,,,atomName,C15
,,,chain,X
,,,resID,1
,,,resName,UNL
,,metrics
,,,distance,3.4243897266520364
,,receptorAtoms
,,,atomIndex,1532
,,,atomName,CE2
,,,chain,X
,,,resID,382
,,,resName,PHE
,hydrophobicContacts.4
,,ligandAtoms
,,,atomIndex,3
,,,atomName,C15
,,,chain,X
,,,resID,1
,,,resName,UNL
,,metrics
,,,distance,3.6608371993302318
,,receptorAtoms
,,,atomIndex,1533
,,,atomName,CZ
,,,chain,X
,,,resID,382
,,,resName,PHE
,hydrophobicContacts.5
,,ligandAtoms
,,,atomIndex,4
,,,atomName,C16
,,,chain,X
,,,resID,1
,,,resName,UNL
,,metrics
,,,distance,3.9999121240347275
,,receptorAtoms
,,,atomIndex,863
,,,atomName,CG1
,,,chain,X
,,,resID,315
,,,resName,ILE
,hydrophobicContacts.6
,,ligandAtoms
,,,atomIndex,4
,,,atomName,C16
,,,chain,X
,,,resID,1
,,,resName,UNL
,,metrics
,,,distance,3.8419357100295164
,,receptorAtoms
,,,atomIndex,865
,,,atomName,CD1
,,,chain,X
,,,resID,315
,,,resName,ILE
,hydrophobicContacts.7
,,ligandAtoms
,,,atomIndex,4
,,,atomName,C16
,,,chain,X
,,,resID,1
,,,resName,UNL
,,metrics
,,,distance,3.6919704765883488
,,receptorAtoms
,,,atomIndex,1532
,,,atomName,CE2
,,,chain,X
,,,resID,382
,,,resName,PHE
,hydrophobicContacts.8
,,ligandAtoms
,,,atomIndex,7
,,,atomName,C19
,,,chain,X
,,,resID,1
,,,resName,UNL
,,metrics
,,,distance,3.392261340168236
,,receptorAtoms
,,,atomIndex,419
,,,atomName,CB
,,,chain,X
,,,resID,269
,,,resName,ALA
,hydrophobicContacts.9
,,ligandAtoms
,,,atomIndex,7
,,,atomName,C19
,,,chain,X
,,,resID,1
,,,resName,UNL
,,metrics
,,,distance,3.7152263726454136
,,receptorAtoms
,,,atomIndex,863
,,,atomName,CG1
,,,chain,X
,,,resID,315
,,,resName,ILE
,hydrophobicContacts.10
,,ligandAtoms
,,,atomIndex,7
,,,atomName,C19
,,,chain,X
,,,resID,1
,,,resName,UNL
,,metrics
,,,distance,3.7401398369579715
,,receptorAtoms
,,,atomIndex,865
,,,atomName,CD1
,,,chain,X
,,,resID,315
,,,resName,ILE
,hydrophobicContacts.11
,,ligandAtoms
,,,atomIndex,7
,,,atomName,C19
,,,chain,X
,,,resID,1
,,,resName,UNL
,,metrics
,,,distance,3.868688408233467
,,receptorAtoms
,,,atomIndex,1532
,,,atomName,CE2
,,,chain,X
,,,resID,382
,,,resName,PHE
,hydrophobicContacts.12
,,ligandAtoms
,,,atomIndex,8
,,,atomName,C20
,,,chain,X
,,,resID,1
,,,resName,UNL
,,metrics
,,,distance,3.6519716592547655
,,receptorAtoms
,,,atomIndex,419
,,,atomName,CB
,,,chain,X
,,,resID,269
,,,resName,ALA
,hydrophobicContacts.13
,,ligandAtoms
,,,atomIndex,8
,,,atomName,C20
,,,chain,X
,,,resID,1
,,,resName,UNL
,,metrics
,,,distance,3.6062793846289827
,,receptorAtoms
,,,atomIndex,863
,,,atomName,CG1
,,,chain,X
,,,resID,315
,,,resName,ILE
,hydrophobicContacts.14
,,ligandAtoms
,,,atomIndex,8
,,,atomName,C20
,,,chain,X
,,,resID,1
,,,resName,UNL
,,metrics
,,,distance,3.1854089219439308
,,receptorAtoms
,,,atomIndex,865
,,,atomName,CD1
,,,chain,X
,,,resID,315
,,,resName,ILE
,hydrophobicContacts.15
,,ligandAtoms
,,,atomIndex,8
,,,atomName,C20
,,,chain,X
,,,resID,1
,,,resName,UNL
,,metrics
,,,distance,3.9374547616448883
,,receptorAtoms
,,,atomIndex,1420
,,,atomName,CD1
,,,chain,X
,,,resID,370
,,,resName,LEU
,hydrophobicContacts.16
,,ligandAtoms
,,,atomIndex,8
,,,atomName,C20
,,,chain,X
,,,resID,1
,,,resName,UNL
,,metrics
,,,distance,3.74241446128031
,,receptorAtoms
,,,atomIndex,1532
,,,atomName,CE2
,,,chain,X
,,,resID,382
,,,resName,PHE
,hydrophobicContacts.17
,,ligandAtoms
,,,atomIndex,8
,,,atomName,C20
,,,chain,X
,,,resID,1
,,,resName,UNL
,,metrics
,,,distance,3.7855269118050137
,,receptorAtoms
,,,atomIndex,1533
,,,atomName,CZ
,,,chain,X
,,,resID,382
,,,resName,PHE
,hydrophobicContacts.18
,,ligandAtoms
,,,atomIndex,12
,,,atomName,C12
,,,chain,X
,,,resID,1
,,,resName,UNL
,,metrics
,,,distance,3.813871130491956
,,receptorAtoms
,,,atomIndex,711
,,,atomName,CG2
,,,chain,X
,,,resID,299
,,,resName,VAL
,hydrophobicContacts.19
,,ligandAtoms
,,,atomIndex,12
,,,atomName,C12
,,,chain,X
,,,resID,1
,,,resName,UNL
,,metrics
,,,distance,3.990469771843912
,,receptorAtoms
,,,atomIndex,1516
,,,atomName,C
,,,chain,X
,,,resID,381
,,,resName,ASP
,hydrophobicContacts.20
,,ligandAtoms
,,,atomIndex,15
,,,atomName,C10
,,,chain,X
,,,resID,1
,,,resName,UNL
,,metrics
,,,distance,3.7425506008603278
,,receptorAtoms
,,,atomIndex,1518
,,,atomName,CB
,,,chain,X
,,,resID,381
,,,resName,ASP
,hydrophobicContacts.21
,,ligandAtoms
,,,atomIndex,16
,,,atomName,C11
,,,chain,X
,,,resID,1
,,,resName,UNL
,,metrics
,,,distance,3.737798014874533
,,receptorAtoms
,,,atomIndex,1518
,,,atomName,CB
,,,chain,X
,,,resID,381
,,,resName,ASP
,hydrophobicContacts.22
,,ligandAtoms
,,,atomIndex,17
,,,atomName,C6
,,,chain,X
,,,resID,1
,,,resName,UNL
,,metrics
,,,distance,3.903071354715412
,,receptorAtoms
,,,atomIndex,1518
,,,atomName,CB
,,,chain,X
,,,resID,381
,,,resName,ASP
,hydrophobicContacts.23
,,ligandAtoms
,,,atomIndex,18
,,,atomName,C5
,,,chain,X
,,,resID,1
,,,resName,UNL
,,metrics
,,,distance,3.7411764192563814
,,receptorAtoms
,,,atomIndex,609
,,,atomName,CG1
,,,chain,X
,,,resID,289
,,,resName,VAL
,hydrophobicContacts.24
,,ligandAtoms
,,,atomIndex,19
,,,atomName,C7
,,,chain,X
,,,resID,1
,,,resName,UNL
,,metrics
,,,distance,3.7975789656042696
,,receptorAtoms
,,,atomIndex,587
,,,atomName,CG
,,,chain,X
,,,resID,286
,,,resName,GLU
,hydrophobicContacts.25
,,ligandAtoms
,,,atomIndex,19
,,,atomName,C7
,,,chain,X
,,,resID,1
,,,resName,UNL
,,metrics
,,,distance,3.9910125281687603
,,receptorAtoms
,,,atomIndex,1518
,,,atomName,CB
,,,chain,X
,,,resID,381
,,,resName,ASP
,hydrophobicContacts.26
,,ligandAtoms
,,,atomIndex,20
,,,atomName,C4
,,,chain,X
,,,resID,1
,,,resName,UNL
,,metrics
,,,distance,3.4906980677222714
,,receptorAtoms
,,,atomIndex,609
,,,atomName,CG1
,,,chain,X
,,,resID,289
,,,resName,VAL
,hydrophobicContacts.27
,,ligandAtoms
,,,atomIndex,22
,,,atomName,C8
,,,chain,X
,,,resID,1
,,,resName,UNL
,,metrics
,,,distance,3.5391730672573782
,,receptorAtoms
,,,atomIndex,587
,,,atomName,CG
,,,chain,X
,,,resID,286
,,,resName,GLU
,hydrophobicContacts.28
,,ligandAtoms
,,,atomIndex,22
,,,atomName,C8
,,,chain,X
,,,resID,1
,,,resName,UNL
,,metrics
,,,distance,3.9879756769569195
,,receptorAtoms
,,,atomIndex,588
,,,atomName,CD
,,,chain,X
,,,resID,286
,,,resName,GLU
,hydrophobicContacts.29
,,ligandAtoms
,,,atomIndex,25
,,,atomName,C3
,,,chain,X
,,,resID,1
,,,resName,UNL
,,metrics
,,,distance,3.4030389360099895
,,receptorAtoms
,,,atomIndex,609
,,,atomName,CG1
,,,chain,X
,,,resID,289
,,,resName,VAL
,hydrophobicContacts.30
,,ligandAtoms
,,,atomIndex,25
,,,atomName,C3
,,,chain,X
,,,resID,1
,,,resName,UNL
,,metrics
,,,distance,3.9168660942135873
,,receptorAtoms
,,,atomIndex,610
,,,atomName,CG2
,,,chain,X
,,,resID,289
,,,resName,VAL
,hydrophobicContacts.31
,,ligandAtoms
,,,atomIndex,29
,,,atomName,C2
,,,chain,X
,,,resID,1
,,,resName,UNL
,,metrics
,,,distance,3.750181462276193
,,receptorAtoms
,,,atomIndex,609
,,,atomName,CG1
,,,chain,X
,,,resID,289
,,,resName,VAL
,hydrophobicContacts.32
,,ligandAtoms
,,,atomIndex,29
,,,atomName,C2
,,,chain,X
,,,resID,1
,,,resName,UNL
,,metrics
,,,distance,3.5935020523160968
,,receptorAtoms
,,,atomIndex,1302
,,,atomName,CB
,,,chain,X
,,,resID,359
,,,resName,PHE
,hydrophobicContacts.33
,,ligandAtoms
,,,atomIndex,29
,,,atomName,C2
,,,chain,X
,,,resID,1
,,,resName,UNL
,,metrics
,,,distance,3.6694592244634627
,,receptorAtoms
,,,atomIndex,1303
,,,atomName,CG
,,,chain,X
,,,resID,359
,,,resName,PHE
,hydrophobicContacts.34
,,ligandAtoms
,,,atomIndex,30
,,,atomName,C1
,,,chain,X
,,,resID,1
,,,resName,UNL
,,metrics
,,,distance,3.98095805052
,,receptorAtoms
,,,atomIndex,608
,,,atomName,CB
,,,chain,X
,,,resID,289
,,,resName,VAL
,hydrophobicContacts.35
,,ligandAtoms
,,,atomIndex,30
,,,atomName,C1
,,,chain,X
,,,resID,1
,,,resName,UNL
,,metrics
,,,distance,3.416041422465483
,,receptorAtoms
,,,atomIndex,609
,,,atomName,CG1
,,,chain,X
,,,resID,289
,,,resName,VAL
,hydrophobicContacts.36
,,ligandAtoms
,,,atomIndex,30
,,,atomName,C1
,,,chain,X
,,,resID,1
,,,resName,UNL
,,metrics
,,,distance,3.3398552363837566
,,receptorAtoms
,,,atomIndex,610
,,,atomName,CG2
,,,chain,X
,,,resID,289
,,,resName,VAL
,hydrophobicContacts.37
,,ligandAtoms
,,,atomIndex,30
,,,atomName,C1
,,,chain,X
,,,resID,1
,,,resName,UNL
,,metrics
,,,distance,3.7425067802209795
,,receptorAtoms
,,,atomIndex,1303
,,,atomName,CG
,,,chain,X
,,,resID,359
,,,resName,PHE
,hydrophobicContacts.38
,,ligandAtoms
,,,atomIndex,30
,,,atomName,C1
,,,chain,X
,,,resID,1
,,,resName,UNL
,,metrics
,,,distance,3.784014006316573
,,receptorAtoms
,,,atomIndex,1304
,,,atomName,CD1
,,,chain,X
,,,resID,359
,,,resName,PHE
,hydrophobicContacts.39
,,ligandAtoms
,,,atomIndex,32
,,,atomName,C30
,,,chain,X
,,,resID,1
,,,resName,UNL
,,metrics
,,,distance,3.9214255061138164
,,receptorAtoms
,,,atomIndex,1299
,,,atomName,CA
,,,chain,X
,,,resID,359
,,,resName,PHE
,hydrophobicContacts.40
,,ligandAtoms
,,,atomIndex,32
,,,atomName,C30
,,,chain,X
,,,resID,1
,,,resName,UNL
,,metrics
,,,distance,3.9367313852992307
,,receptorAtoms
,,,atomIndex,1300
,,,atomName,C
,,,chain,X
,,,resID,359
,,,resName,PHE
,hydrophobicContacts.41
,,ligandAtoms
,,,atomIndex,32
,,,atomName,C30
,,,chain,X
,,,resID,1
,,,resName,UNL
,,metrics
,,,distance,3.9327229752424713
,,receptorAtoms
,,,atomIndex,1302
,,,atomName,CB
,,,chain,X
,,,resID,359
,,,resName,PHE
,hydrophobicContacts.42
,,ligandAtoms
,,,atomIndex,32
,,,atomName,C30
,,,chain,X
,,,resID,1
,,,resName,UNL
,,metrics
,,,distance,3.800676913393192
,,receptorAtoms
,,,atomIndex,1311
,,,atomName,CA
,,,chain,X
,,,resID,360
,,,resName,ILE
,hydrophobicContacts.43
,,ligandAtoms
,,,atomIndex,32
,,,atomName,C30
,,,chain,X
,,,resID,1
,,,resName,UNL
,,metrics
,,,distance,3.6560531998317534
,,receptorAtoms
,,,atomIndex,1312
,,,atomName,C
,,,chain,X
,,,resID,360
,,,resName,ILE
,hydrophobicContacts.44
,,ligandAtoms
,,,atomIndex,40
,,,atomName,C21
,,,chain,X
,,,resID,1
,,,resName,UNL
,,metrics
,,,distance,3.3544680651334287
,,receptorAtoms
,,,atomIndex,419
,,,atomName,CB
,,,chain,X
,,,resID,269
,,,resName,ALA
,hydrophobicContacts.45
,,ligandAtoms
,,,atomIndex,40
,,,atomName,C21
,,,chain,X
,,,resID,1
,,,resName,UNL
,,metrics
,,,distance,3.64438897484887
,,receptorAtoms
,,,atomIndex,865
,,,atomName,CD1
,,,chain,X
,,,resID,315
,,,resName,ILE
,hydrophobicContacts.46
,,ligandAtoms
,,,atomIndex,40
,,,atomName,C21
,,,chain,X
,,,resID,1
,,,resName,UNL
,,metrics
,,,distance,3.6336126651034224
,,receptorAtoms
,,,atomIndex,1420
,,,atomName,CD1
,,,chain,X
,,,resID,370
,,,resName,LEU
,hydrophobicContacts.47
,,ligandAtoms
,,,atomIndex,44
,,,atomName,C22
,,,chain,X
,,,resID,1
,,,resName,UNL
,,metrics
,,,distance,3.9697278244232295
,,receptorAtoms
,,,atomIndex,1419
,,,atomName,CG
,,,chain,X
,,,resID,370
,,,resName,LEU
,hydrophobicContacts.48
,,ligandAtoms
,,,atomIndex,44
,,,atomName,C22
,,,chain,X
,,,resID,1
,,,resName,UNL
,,metrics
,,,distance,3.820363595261581
,,receptorAtoms
,,,atomIndex,1420
,,,atomName,CD1
,,,chain,X
,,,resID,370
,,,resName,LEU
,hydrophobicContacts.49
,,ligandAtoms
,,,atomIndex,44
,,,atomName,C22
,,,chain,X
,,,resID,1
,,,resName,UNL
,,metrics
,,,distance,2.949472156166251
,,receptorAtoms
,,,atomIndex,1421
,,,atomName,CD2
,,,chain,X
,,,resID,370
,,,resName,LEU
,hydrophobicContacts.50
,,ligandAtoms
,,,atomIndex,45
,,,atomName,C23
,,,chain,X
,,,resID,1
,,,resName,UNL
,,metrics
,,,distance,3.920220657054906
,,receptorAtoms
,,,atomIndex,221
,,,atomName,CD1
,,,chain,X
,,,resID,248
,,,resName,LEU
,hydrophobicContacts.51
,,ligandAtoms
,,,atomIndex,51
,,,atomName,C27
,,,chain,X
,,,resID,1
,,,resName,UNL
,,metrics
,,,distance,3.7843776238636653
,,receptorAtoms
,,,atomIndex,225
,,,atomName,CA
,,,chain,X
,,,resID,249
,,,resName,GLY
,hydrophobicContacts.52
,,ligandAtoms
,,,atomIndex,51
,,,atomName,C27
,,,chain,X
,,,resID,1
,,,resName,UNL
,,metrics
,,,distance,3.708004989209156
,,receptorAtoms
,,,atomIndex,256
,,,atomName,CG
,,,chain,X
,,,resID,253
,,,resName,TYR
,hydrophobicContacts.53
,,ligandAtoms
,,,atomIndex,51
,,,atomName,C27
,,,chain,X
,,,resID,1
,,,resName,UNL
,,metrics
,,,distance,3.411711154245037
,,receptorAtoms
,,,atomIndex,257
,,,atomName,CD1
,,,chain,X
,,,resID,253
,,,resName,TYR
,hydrophobicContacts.54
,,ligandAtoms
,,,atomIndex,51
,,,atomName,C27
,,,chain,X
,,,resID,1
,,,resName,UNL
,,metrics
,,,distance,3.4703295232585614
,,receptorAtoms
,,,atomIndex,259
,,,atomName,CE1
,,,chain,X
,,,resID,253
,,,resName,TYR
,hydrophobicContacts.55
,,ligandAtoms
,,,atomIndex,51
,,,atomName,C27
,,,chain,X
,,,resID,1
,,,resName,UNL
,,metrics
,,,distance,3.7981433622231795
,,receptorAtoms
,,,atomIndex,261
,,,atomName,CZ
,,,chain,X
,,,resID,253
,,,resName,TYR
,hydrophobicContacts.56
,,ligandAtoms
,,,atomIndex,52
,,,atomName,C28
,,,chain,X
,,,resID,1
,,,resName,UNL
,,metrics
,,,distance,3.508815469642141
,,receptorAtoms
,,,atomIndex,225
,,,atomName,CA
,,,chain,X
,,,resID,249
,,,resName,GLY
,hydrophobicContacts.57
,,ligandAtoms
,,,atomIndex,53
,,,atomName,C29
,,,chain,X
,,,resID,1
,,,resName,UNL
,,metrics
,,,distance,3.800258017556176
,,receptorAtoms
,,,atomIndex,225
,,,atomName,CA
,,,chain,X
,,,resID,249
,,,resName,GLY
ligandAtomTypes
,C,30
,HH,14
,N,8
,NN,3
,OO,3
metalCoordinations,none
piPiStackingInteractions,none
saltBridges,none
tStackingInteractions
,tStackingInteractions.1
,,ligandAtoms
,,,ligandAtoms.1
,,,,atomIndex,49
,,,,atomName,C25
,,,,chain,X
,,,,resID,1
,,,,resName,UNL
,,,ligandAtoms.2
,,,,atomIndex,50
,,,,atomName,C26
,,,,chain,X
,,,,resID,1
,,,,resName,UNL
,,,ligandAtoms.3
,,,,atomIndex,51
,,,,atomName,C27
,,,,chain,X
,,,,resID,1
,,,,resName,UNL
,,,ligandAtoms.4
,,,,atomIndex,52
,,,,atomName,C28
,,,,chain,X
,,,,resID,1
,,,,resName,UNL
,,,ligandAtoms.5
,,,,atomIndex,53
,,,,atomName,C29
,,,,chain,X
,,,,resID,1
,,,,resName,UNL
,,,ligandAtoms.6
,,,,atomIndex,54
,,,,atomName,N7
,,,,chain,X
,,,,resID,1
,,,,resName,UNL
,,metrics
,,,angle,79.29340289375895
,,,distance,6.525024827538973
,,receptorAtoms
,,,receptorAtoms.1
,,,,atomIndex,256
,,,,atomName,CG
,,,,chain,X
,,,,resID,253
,,,,resName,TYR
,,,receptorAtoms.2
,,,,atomIndex,257
,,,,atomName,CD1
,,,,chain,X
,,,,resID,253
,,,,resName,TYR
,,,receptorAtoms.3
,,,,atomIndex,259
,,,,atomName,CE1
,,,,chain,X
,,,,resID,253
,,,,resName,TYR
,,,receptorAtoms.4
,,,,atomIndex,261
,,,,atomName,CZ
,,,,chain,X
,,,,resID,253
,,,,resName,TYR
,,,receptorAtoms.5
,,,,atomIndex,260
,,,,atomName,CE2
,,,,chain,X
,,,,resID,253
,,,,resName,TYR
,,,receptorAtoms.6
,,,,atomIndex,258
,,,,atomName,CD2
,,,,chain,X
,,,,resID,253
,,,,resName,TYR
,tStackingInteractions.2
,,ligandAtoms
,,,ligandAtoms.1
,,,,atomIndex,50
,,,,atomName,C26
,,,,chain,X
,,,,resID,1
,,,,resName,UNL
,,,ligandAtoms.2
,,,,atomIndex,49
,,,,atomName,C25
,,,,chain,X
,,,,resID,1
,,,,resName,UNL
,,,ligandAtoms.3
,,,,atomIndex,54
,,,,atomName,N7
,,,,chain,X
,,,,resID,1
,,,,resName,UNL
,,,ligandAtoms.4
,,,,atomIndex,53
,,,,atomName,C29
,,,,chain,X
,,,,resID,1
,,,,resName,UNL
,,,ligandAtoms.5
,,,,atomIndex,52
,,,,atomName,C28
,,,,chain,X
,,,,resID,1
,,,,resName,UNL
,,,ligandAtoms.6
,,,,atomIndex,51
,,,,atomName,C27
,,,,chain,X
,,,,resID,1
,,,,resName,UNL
,,metrics
,,,angle,79.28371267087519
,,,distance,4.0013130344925525
,,receptorAtoms
,,,receptorAtoms.1
,,,,atomIndex,256
,,,,atomName,CG
,,,,chain,X
,,,,resID,253
,,,,resName,TYR
,,,receptorAtoms.2
,,,,atomIndex,257
,,,,atomName,CD1
,,,,chain,X
,,,,resID,253
,,,,resName,TYR
,,,receptorAtoms.3
,,,,atomIndex,259
,,,,atomName,CE1
,,,,chain,X
,,,,resID,253
,,,,resName,TYR
,,,receptorAtoms.4
,,,,atomIndex,261
,,,,atomName,CZ
,,,,chain,X
,,,,resID,253
,,,,resName,TYR
,,,receptorAtoms.5
,,,,atomIndex,260
,,,,atomName,CE2
,,,,chain,X
,,,,resID,253
,,,,resName,TYR
,,,receptorAtoms.6
,,,,atomIndex,258
,,,,atomName,CD2
,,,,chain,X
,,,,resID,253
,,,,resName,TYR
,tStackingInteractions.3
,,ligandAtoms
,,,ligandAtoms.1
,,,,atomIndex,51
,,,,atomName,C27
,,,,chain,X
,,,,resID,1
,,,,resName,UNL
,,,ligandAtoms.2
,,,,atomIndex,50
,,,,atomName,C26
,,,,chain,X
,,,,resID,1
,,,,resName,UNL
,,,ligandAtoms.3
,,,,atomIndex,49
,,,,atomName,C25
,,,,chain,X
,,,,resID,1
,,,,resName,UNL
,,,ligandAtoms.4
,,,,atomIndex,54
,,,,atomName,N7
,,,,chain,X
,,,,resID,1
,,,,resName,UNL
,,,ligandAtoms.5
,,,,atomIndex,53
,,,,atomName,C29
,,,,chain,X
,,,,resID,1
,,,,resName,UNL
,,,ligandAtoms.6
,,,,atomIndex,52
,,,,atomName,C28
,,,,chain,X
,,,,resID,1
,,,,resName,UNL
,,metrics
,,,angle,79.29340289375897
,,,distance,5.281557914100724
,,receptorAtoms
,,,receptorAtoms.1
,,,,atomIndex,256
,,,,atomName,CG
,,,,chain,X
,,,,resID,253
,,,,resName,TYR
,,,receptorAtoms.2
,,,,atomIndex,257
,,,,atomName,CD1
,,,,chain,X
,,,,resID,253
,,,,resName,TYR
,,,receptorAtoms.3
,,,,atomIndex,259
,,,,atomName,CE1
,,,,chain,X
,,,,resID,253
,,,,resName,TYR
,,,receptorAtoms.4
,,,,atomIndex,261
,,,,atomName,CZ
,,,,chain,X
,,,,resID,253
,,,,resName,TYR
,,,receptorAtoms.5
,,,,atomIndex,260
,,,,atomName,CE2
,,,,chain,X
,,,,resID,253
,,,,resName,TYR
,,,receptorAtoms.6
,,,,atomIndex,258
,,,,atomName,CD2
,,,,chain,X
,,,,resID,253
,,,,resName,TYR
,tStackingInteractions.4
,,ligandAtoms
,,,ligandAtoms.1
,,,,atomIndex,52
,,,,atomName,C28
,,,,chain,X
,,,,resID,1
,,,,resName,UNL
,,,ligandAtoms.2
,,,,atomIndex,51
,,,,atomName,C27
,,,,chain,X
,,,,resID,1
,,,,resName,UNL
,,,ligandAtoms.3
,,,,atomIndex,50
,,,,atomName,C26
,,,,chain,X
,,,,resID,1
,,,,resName,UNL
,,,ligandAtoms.4
,,,,atomIndex,49
,,,,atomName,C25
,,,,chain,X
,,,,resID,1
,,,,resName,UNL
,,,ligandAtoms.5
,,,,atomIndex,54
,,,,atomName,N7
,,,,chain,X
,,,,resID,1
,,,,resName,UNL
,,,ligandAtoms.6
,,,,atomIndex,53
,,,,atomName,C29
,,,,chain,X
,,,,resID,1
,,,,resName,UNL
,,metrics
,,,angle,79.28371267087519
,,,distance,6.3781128086605685
,,receptorAtoms
,,,receptorAtoms.1
,,,,atomIndex,256
,,,,atomName,CG
,,,,chain,X
,,,,resID,253
,,,,resName,TYR
,,,receptorAtoms.2
,,,,atomIndex,257
,,,,atomName,CD1
,,,,chain,X
,,,,resID,253
,,,,resName,TYR
,,,receptorAtoms.3
,,,,atomIndex,259
,,,,atomName,CE1
,,,,chain,X
,,,,resID,253
,,,,resName,TYR
,,,receptorAtoms.4
,,,,atomIndex,261
,,,,atomName,CZ
,,,,chain,X
,,,,resID,253
,,,,resName,TYR
,,,receptorAtoms.5
,,,,atomIndex,260
,,,,atomName,CE2
,,,,chain,X
,,,,resID,253
,,,,resName,TYR
,,,receptorAtoms.6
,,,,atomIndex,258
,,,,atomName,CD2
,,,,chain,X
,,,,resID,253
,,,,resName,TYR
,tStackingInteractions.5
,,ligandAtoms
,,,ligandAtoms.1
,,,,atomIndex,53
,,,,atomName,C29
,,,,chain,X
,,,,resID,1
,,,,resName,UNL
,,,ligandAtoms.2
,,,,atomIndex,52
,,,,atomName,C28
,,,,chain,X
,,,,resID,1
,,,,resName,UNL
,,,ligandAtoms.3
,,,,atomIndex,51
,,,,atomName,C27
,,,,chain,X
,,,,resID,1
,,,,resName,UNL
,,,ligandAtoms.4
,,,,atomIndex,50
,,,,atomName,C26
,,,,chain,X
,,,,resID,1
,,,,resName,UNL
,,,ligandAtoms.5
,,,,atomIndex,49
,,,,atomName,C25
,,,,chain,X
,,,,resID,1
,,,,resName,UNL
,,,ligandAtoms.6
,,,,atomIndex,54
,,,,atomName,N7
,,,,chain,X
,,,,resID,1
,,,,resName,UNL
,,metrics
,,,angle,79.29340289375897
,,,distance,6.525024827538973
,,receptorAtoms
,,,receptorAtoms.1
,,,,atomIndex,256
,,,,atomName,CG
,,,,chain,X
,,,,resID,253
,,,,resName,TYR
,,,receptorAtoms.2
,,,,atomIndex,257
,,,,atomName,CD1
,,,,chain,X
,,,,resID,253
,,,,resName,TYR
,,,receptorAtoms.3
,,,,atomIndex,259
,,,,atomName,CE1
,,,,chain,X
,,,,resID,253
,,,,resName,TYR
,,,receptorAtoms.4
,,,,atomIndex,261
,,,,atomName,CZ
,,,,chain,X
,,,,resID,253
,,,,resName,TYR
,,,receptorAtoms.5
,,,,atomIndex,260
,,,,atomName,CE2
,,,,chain,X
,,,,resID,253
,,,,resName,TYR
,,,receptorAtoms.6
,,,,atomIndex,258
,,,,atomName,CD2
,,,,chain,X
,,,,resID,253
,,,,resName,TYR
,tStackingInteractions.6
,,ligandAtoms
,,,ligandAtoms.1
,,,,atomIndex,54
,,,,atomName,N7
,,,,chain,X
,,,,resID,1
,,,,resName,UNL
,,,ligandAtoms.2
,,,,atomIndex,49
,,,,atomName,C25
,,,,chain,X
,,,,resID,1
,,,,resName,UNL
,,,ligandAtoms.3
,,,,atomIndex,50
,,,,atomName,C26
,,,,chain,X
,,,,resID,1
,,,,resName,UNL
,,,ligandAtoms.4
,,,,atomIndex,51
,,,,atomName,C27
,,,,chain,X
,,,,resID,1
,,,,resName,UNL
,,,ligandAtoms.5
,,,,atomIndex,52
,,,,atomName,C28
,,,,chain,X
,,,,resID,1
,,,,resName,UNL
,,,ligandAtoms.6
,,,,atomIndex,53
,,,,atomName,C29
,,,,chain,X
,,,,resID,1
,,,,resName,UNL
,,metrics
,,,angle,79.28371267087519
,,,distance,6.3781128086605685
,,receptorAtoms
,,,receptorAtoms.1
,,,,atomIndex,256
,,,,atomName,CG
,,,,chain,X
,,,,resID,253
,,,,resName,TYR
,,,receptorAtoms.2
,,,,atomIndex,257
,,,,atomName,CD1
,,,,chain,X
,,,,resID,253
,,,,resName,TYR
,,,receptorAtoms.3
,,,,atomIndex,259
,,,,atomName,CE1
,,,,chain,X
,,,,resID,253
,,,,resName,TYR
,,,receptorAtoms.4
,,,,atomIndex,261
,,,,atomName,CZ
,,,,chain,X
,,,,resID,253
,,,,resName,TYR
,,,receptorAtoms.5
,,,,atomIndex,260
,,,,atomName,CE2
,,,,chain,X
,,,,resID,253
,,,,resName,TYR
,,,receptorAtoms.6
,,,,atomIndex,258
,,,,atomName,CD2
,,,,chain,X
,,,,resID,253
,,,,resName,TYR
