activeSiteFlexibility
,BACKBONE_BETA,5
,BACKBONE_OTHER,22
,SIDECHAIN_ALPHA,35
,SIDECHAIN_BETA,27
,SIDECHAIN_OTHER,49
cationPiInteractions,none
closeContacts
,closeContacts.1
,,ligandAtoms
,,,atomIndex,1
,,,atomName,C19
,,,chain,X
,,,resID,1
,,,resName,UNL
,,metrics
,,,distance,3.903744996794744
,,receptorAtoms
,,,atomIndex,590
,,,atomName,OE2
,,,chain,X
,,,resID,286
,,,resName,GLU
,closeContacts.2
,,ligandAtoms
,,,atomIndex,1
,,,atomName,C19
,,,chain,X
,,,resID,1
,,,resName,UNL
,,metrics
,,,distance,3.7972729688554123
,,receptorAtoms
,,,atomIndex,711
,,,atomName,CG2
,,,chain,X
,,,resID,299
,,,resName,VAL
,closeContacts.3
,,ligandAtoms
,,,atomIndex,1
,,,atomName,C19
,,,chain,X
,,,resID,1
,,,resName,UNL
,,metrics
,,,distance,3.2904482977247946
,,receptorAtoms
,,,atomIndex,1514
,,,atomName,N
,,,chain,X
,,,resID,381
,,,resName,ASP
,closeContacts.4
,,ligandAtoms
,,,atomIndex,1
,,,atomName,C19
,,,chain,X
,,,resID,1
,,,resName,UNL
,,metrics
,,,distance,3.9552739475287932
,,receptorAtoms
,,,atomIndex,1516
,,,atomName,C
,,,chain,X
,,,resID,381
,,,resName,ASP
,closeContacts.5
,,ligandAtoms
,,,atomIndex,1
,,,atomName,C19
,,,chain,X
,,,resID,1
,,,resName,UNL
,,metrics
,,,distance,3.090921707193503
,,receptorAtoms
,,,atomIndex,1517
,,,atomName,O
,,,chain,X
,,,resID,381
,,,resName,ASP
,closeContacts.6
,,ligandAtoms
,,,atomIndex,1
,,,atomName,C19
,,,chain,X
,,,resID,1
,,,resName,UNL
,,metrics
,,,distance,2.502330513741141
,,receptorAtoms
,,,atomIndex,1522
,,,atomName,H
,,,chain,X
,,,resID,381
,,,resName,ASP
,closeContacts.7
,,ligandAtoms
,,,atomIndex,2
,,,atomName,N3
,,,chain,X
,,,resID,1
,,,resName,UNL
,,metrics
,,,distance,3.0211357136017574
,,receptorAtoms
,,,atomIndex,590
,,,atomName,OE2
,,,chain,X
,,,resID,286
,,,resName,GLU
,closeContacts.8
,,ligandAtoms
,,,atomIndex,2
,,,atomName,N3
,,,chain,X
,,,resID,1
,,,resName,UNL
,,metrics
,,,distance,3.7660066383372195
,,receptorAtoms
,,,atomIndex,618
,,,atomName,SD
,,,chain,X
,,,resID,290
,,,resName,MET
,closeContacts.9
,,ligandAtoms
,,,atomIndex,2
,,,atomName,N3
,,,chain,X
,,,resID,1
,,,resName,UNL
,,metrics
,,,distance,3.8084637322679074
,,receptorAtoms
,,,atomIndex,619
,,,atomName,CE
,,,chain,X
,,,resID,290
,,,resName,MET
,closeContacts.10
,,ligandAtoms
,,,atomIndex,2
,,,atomName,N3
,,,chain,X
,,,resID,1
,,,resName,UNL
,,metrics
,,,distance,3.3435901363654
,,receptorAtoms
,,,atomIndex,1517
,,,atomName,O
,,,chain,X
,,,resID,381
,,,resName,ASP
,closeContacts.11
,,ligandAtoms
,,,atomIndex,2
,,,atomName,N3
,,,chain,X
,,,resID,1
,,,resName,UNL
,,metrics
,,,distance,3.452552099534487
,,receptorAtoms
,,,atomIndex,1522
,,,atomName,H
,,,chain,X
,,,resID,381
,,,resName,ASP
,closeContacts.12
,,ligandAtoms
,,,atomIndex,3
,,,atomName,O3
,,,chain,X
,,,resID,1
,,,resName,UNL
,,metrics
,,,distance,3.892105471335534
,,receptorAtoms
,,,atomIndex,710
,,,atomName,CG1
,,,chain,X
,,,resID,299
,,,resName,VAL
,closeContacts.13
,,ligandAtoms
,,,atomIndex,3
,,,atomName,O3
,,,chain,X
,,,resID,1
,,,resName,UNL
,,metrics
,,,distance,3.2539969268577993
,,receptorAtoms
,,,atomIndex,711
,,,atomName,CG2
,,,chain,X
,,,resID,299
,,,resName,VAL
,closeContacts.14
,,ligandAtoms
,,,atomIndex,3
,,,atomName,O3
,,,chain,X
,,,resID,1
,,,resName,UNL
,,metrics
,,,distance,3.1029951659646513
,,receptorAtoms
,,,atomIndex,1509
,,,atomName,CA
,,,chain,X
,,,resID,380
,,,resName,ALA
,closeContacts.15
,,ligandAtoms
,,,atomIndex,3
,,,atomName,O3
,,,chain,X
,,,resID,1
,,,resName,UNL
,,metrics
,,,distance,3.293501783816125
,,receptorAtoms
,,,atomIndex,1510
,,,atomName,C
,,,chain,X
,,,resID,380
,,,resName,ALA
,closeContacts.16
,,ligandAtoms
,,,atomIndex,3
,,,atomName,O3
,,,chain,X
,,,resID,1
,,,resName,UNL
,,metrics
,,,distance,3.1650734588631573
,,receptorAtoms
,,,atomIndex,1512
,,,atomName,CB
,,,chain,X
,,,resID,380
,,,resName,ALA
,closeContacts.17
,,ligandAtoms
,,,atomIndex,3
,,,atomName,O3
,,,chain,X
,,,resID,1
,,,resName,UNL
,,metrics
,,,distance,2.728176680495601
,,receptorAtoms
,,,atomIndex,1514
,,,atomName,N
,,,chain,X
,,,resID,381
,,,resName,ASP
,closeContacts.18
,,ligandAtoms
,,,atomIndex,3
,,,atomName,O3
,,,chain,X
,,,resID,1
,,,resName,UNL
,,metrics
,,,distance,3.874870965593564
,,receptorAtoms
,,,atomIndex,1515
,,,atomName,CA
,,,chain,X
,,,resID,381
,,,resName,ASP
,closeContacts.19
,,ligandAtoms
,,,atomIndex,3
,,,atomName,O3
,,,chain,X
,,,resID,1
,,,resName,UNL
,,metrics
,,,distance,3.463214258459906
,,receptorAtoms
,,,atomIndex,1517
,,,atomName,O
,,,chain,X
,,,resID,381
,,,resName,ASP
,closeContacts.20
,,ligandAtoms
,,,atomIndex,3
,,,atomName,O3
,,,chain,X
,,,resID,1
,,,resName,UNL
,,metrics
,,,distance,1.929895852112232
,,receptorAtoms
,,,atomIndex,1522
,,,atomName,H
,,,chain,X
,,,resID,381
,,,resName,ASP
,closeContacts.21
,,ligandAtoms
,,,atomIndex,4
,,,atomName,H43
,,,chain,X
,,,resID,1
,,,resName,UNL
,,metrics
,,,distance,3.8533244088708645
,,receptorAtoms
,,,atomIndex,587
,,,atomName,CG
,,,chain,X
,,,resID,286
,,,resName,GLU
,closeContacts.22
,,ligandAtoms
,,,atomIndex,4
,,,atomName,H43
,,,chain,X
,,,resID,1
,,,resName,UNL
,,metrics
,,,distance,3.285437718173942
,,receptorAtoms
,,,atomIndex,588
,,,atomName,CD
,,,chain,X
,,,resID,286
,,,resName,GLU
,closeContacts.23
,,ligandAtoms
,,,atomIndex,4
,,,atomName,H43
,,,chain,X
,,,resID,1
,,,resName,UNL
,,metrics
,,,distance,2.1275288482180446
,,receptorAtoms
,,,atomIndex,590
,,,atomName,OE2
,,,chain,X
,,,resID,286
,,,resName,GLU
,closeContacts.24
,,ligandAtoms
,,,atomIndex,4
,,,atomName,H43
,,,chain,X
,,,resID,1
,,,resName,UNL
,,metrics
,,,distance,3.144337768115888
,,receptorAtoms
,,,atomIndex,618
,,,atomName,SD
,,,chain,X
,,,resID,290
,,,resName,MET
,closeContacts.25
,,ligandAtoms
,,,atomIndex,4
,,,atomName,H43
,,,chain,X
,,,resID,1
,,,resName,UNL
,,metrics
,,,distance,3.6127859056412404
,,receptorAtoms
,,,atomIndex,619
,,,atomName,CE
,,,chain,X
,,,resID,290
,,,resName,MET
,closeContacts.26
,,ligandAtoms
,,,atomIndex,4
,,,atomName,H43
,,,chain,X
,,,resID,1
,,,resName,UNL
,,metrics
,,,distance,3.696786848061435
,,receptorAtoms
,,,atomIndex,1517
,,,atomName,O
,,,chain,X
,,,resID,381
,,,resName,ASP
,closeContacts.27
,,ligandAtoms
,,,atomIndex,5
,,,atomName,C20
,,,chain,X
,,,resID,1
,,,resName,UNL
,,metrics
,,,distance,3.801299514639697
,,receptorAtoms
,,,atomIndex,590
,,,atomName,OE2
,,,chain,X
,,,resID,286
,,,resName,GLU
,closeContacts.28
,,ligandAtoms
,,,atomIndex,5
,,,atomName,C20
,,,chain,X
,,,resID,1
,,,resName,UNL
,,metrics
,,,distance,3.5536163270674
,,receptorAtoms
,,,atomIndex,1514
,,,atomName,N
,,,chain,X
,,,resID,381
,,,resName,ASP
,closeContacts.29
,,ligandAtoms
,,,atomIndex,5
,,,atomName,C20
,,,chain,X
,,,resID,1
,,,resName,UNL
,,metrics
,,,distance,3.3331996639865427
,,receptorAtoms
,,,atomIndex,1517
,,,atomName,O
,,,chain,X
,,,resID,381
,,,resName,ASP
,closeContacts.30
,,ligandAtoms
,,,atomIndex,5
,,,atomName,C20
,,,chain,X
,,,resID,1
,,,resName,UNL
,,metrics
,,,distance,3.6943688229520344
,,receptorAtoms
,,,atomIndex,1518
,,,atomName,CB
,,,chain,X
,,,resID,381
,,,resName,ASP
,closeContacts.31
,,ligandAtoms
,,,atomIndex,5
,,,atomName,C20
,,,chain,X
,,,resID,1
,,,resName,UNL
,,metrics
,,,distance,3.1186707104149365
,,receptorAtoms
,,,atomIndex,1522
,,,atomName,H
,,,chain,X
,,,resID,381
,,,resName,ASP
,closeContacts.32
,,ligandAtoms
,,,atomIndex,6
,,,atomName,C21
,,,chain,X
,,,resID,1
,,,resName,UNL
,,metrics
,,,distance,3.8574719700861073
,,receptorAtoms
,,,atomIndex,1514
,,,atomName,N
,,,chain,X
,,,resID,381
,,,resName,ASP
,closeContacts.33
,,ligandAtoms
,,,atomIndex,6
,,,atomName,C21
,,,chain,X
,,,resID,1
,,,resName,UNL
,,metrics
,,,distance,3.8294999673586627
,,receptorAtoms
,,,atomIndex,1518
,,,atomName,CB
,,,chain,X
,,,resID,381
,,,resName,ASP
,closeContacts.34
,,ligandAtoms
,,,atomIndex,6
,,,atomName,C21
,,,chain,X
,,,resID,1
,,,resName,UNL
,,metrics
,,,distance,3.681634691275059
,,receptorAtoms
,,,atomIndex,1522
,,,atomName,H
,,,chain,X
,,,resID,381
,,,resName,ASP
,closeContacts.35
,,ligandAtoms
,,,atomIndex,9
,,,atomName,H4
,,,chain,X
,,,resID,1
,,,resName,UNL
,,metrics
,,,distance,3.914085589253255
,,receptorAtoms
,,,atomIndex,651
,,,atomName,CD1
,,,chain,X
,,,resID,293
,,,resName,ILE
,closeContacts.36
,,ligandAtoms
,,,atomIndex,10
,,,atomName,C23
,,,chain,X
,,,resID,1
,,,resName,UNL
,,metrics
,,,distance,3.7055570431447955
,,receptorAtoms
,,,atomIndex,587
,,,atomName,CG
,,,chain,X
,,,resID,286
,,,resName,GLU
,closeContacts.37
,,ligandAtoms
,,,atomIndex,10
,,,atomName,C23
,,,chain,X
,,,resID,1
,,,resName,UNL
,,metrics
,,,distance,3.9081147629003934
,,receptorAtoms
,,,atomIndex,588
,,,atomName,CD
,,,chain,X
,,,resID,286
,,,resName,GLU
,closeContacts.38
,,ligandAtoms
,,,atomIndex,10
,,,atomName,C23
,,,chain,X
,,,resID,1
,,,resName,UNL
,,metrics
,,,distance,3.7094027821200544
,,receptorAtoms
,,,atomIndex,590
,,,atomName,OE2
,,,chain,X
,,,resID,286
,,,resName,GLU
,closeContacts.39
,,ligandAtoms
,,,atomIndex,10
,,,atomName,C23
,,,chain,X
,,,resID,1
,,,resName,UNL
,,metrics
,,,distance,3.9309090551677737
,,receptorAtoms
,,,atomIndex,1518
,,,atomName,CB
,,,chain,X
,,,resID,381
,,,resName,ASP
,closeContacts.40
,,ligandAtoms
,,,atomIndex,10
,,,atomName,C23
,,,chain,X
,,,resID,1
,,,resName,UNL
,,metrics
,,,distance,3.968295099913816
,,receptorAtoms
,,,atomIndex,1521
,,,atomName,OD2
,,,chain,X
,,,resID,381
,,,resName,ASP
,closeContacts.41
,,ligandAtoms
,,,atomIndex,11
,,,atomName,C24
,,,chain,X
,,,resID,1
,,,resName,UNL
,,metrics
,,,distance,3.7260018786898104
,,receptorAtoms
,,,atomIndex,587
,,,atomName,CG
,,,chain,X
,,,resID,286
,,,resName,GLU
,closeContacts.42
,,ligandAtoms
,,,atomIndex,11
,,,atomName,C24
,,,chain,X
,,,resID,1
,,,resName,UNL
,,metrics
,,,distance,3.540678748488769
,,receptorAtoms
,,,atomIndex,588
,,,atomName,CD
,,,chain,X
,,,resID,286
,,,resName,GLU
,closeContacts.43
,,ligandAtoms
,,,atomIndex,11
,,,atomName,C24
,,,chain,X
,,,resID,1
,,,resName,UNL
,,metrics
,,,distance,2.9150279586995382
,,receptorAtoms
,,,atomIndex,590
,,,atomName,OE2
,,,chain,X
,,,resID,286
,,,resName,GLU
,closeContacts.44
,,ligandAtoms
,,,atomIndex,11
,,,atomName,C24
,,,chain,X
,,,resID,1
,,,resName,UNL
,,metrics
,,,distance,3.2255625865885786
,,receptorAtoms
,,,atomIndex,1517
,,,atomName,O
,,,chain,X
,,,resID,381
,,,resName,ASP
,closeContacts.45
,,ligandAtoms
,,,atomIndex,11
,,,atomName,C24
,,,chain,X
,,,resID,1
,,,resName,UNL
,,metrics
,,,distance,3.756915090869103
,,receptorAtoms
,,,atomIndex,1518
,,,atomName,CB
,,,chain,X
,,,resID,381
,,,resName,ASP
,closeContacts.46
,,ligandAtoms
,,,atomIndex,11
,,,atomName,C24
,,,chain,X
,,,resID,1
,,,resName,UNL
,,metrics
,,,distance,3.9343630996642904
,,receptorAtoms
,,,atomIndex,1522
,,,atomName,H
,,,chain,X
,,,resID,381
,,,resName,ASP
,closeContacts.47
,,ligandAtoms
,,,atomIndex,12
,,,atomName,N5
,,,chain,X
,,,resID,1
,,,resName,UNL
,,metrics
,,,distance,3.688937787493847
,,receptorAtoms
,,,atomIndex,609
,,,atomName,CG1
,,,chain,X
,,,resID,289
,,,resName,VAL
,closeContacts.48
,,ligandAtoms
,,,atomIndex,13
,,,atomName,C25
,,,chain,X
,,,resID,1
,,,resName,UNL
,,metrics
,,,distance,3.8663529326744084
,,receptorAtoms
,,,atomIndex,609
,,,atomName,CG1
,,,chain,X
,,,resID,289
,,,resName,VAL
,closeContacts.49
,,ligandAtoms
,,,atomIndex,14
,,,atomName,C26
,,,chain,X
,,,resID,1
,,,resName,UNL
,,metrics
,,,distance,3.8352894284525645
,,receptorAtoms
,,,atomIndex,609
,,,atomName,CG1
,,,chain,X
,,,resID,289
,,,resName,VAL
,closeContacts.50
,,ligandAtoms
,,,atomIndex,14
,,,atomName,C26
,,,chain,X
,,,resID,1
,,,resName,UNL
,,metrics
,,,distance,3.630232637173546
,,receptorAtoms
,,,atomIndex,610
,,,atomName,CG2
,,,chain,X
,,,resID,289
,,,resName,VAL
,closeContacts.51
,,ligandAtoms
,,,atomIndex,15
,,,atomName,C27
,,,chain,X
,,,resID,1
,,,resName,UNL
,,metrics
,,,distance,3.6212733948156965
,,receptorAtoms
,,,atomIndex,609
,,,atomName,CG1
,,,chain,X
,,,resID,289
,,,resName,VAL
,closeContacts.52
,,ligandAtoms
,,,atomIndex,16
,,,atomName,C28
,,,chain,X
,,,resID,1
,,,resName,UNL
,,metrics
,,,distance,3.282423647246041
,,receptorAtoms
,,,atomIndex,1313
,,,atomName,O
,,,chain,X
,,,resID,360
,,,resName,ILE
,closeContacts.53
,,ligandAtoms
,,,atomIndex,16
,,,atomName,C28
,,,chain,X
,,,resID,1
,,,resName,UNL
,,metrics
,,,distance,3.686668007835802
,,receptorAtoms
,,,atomIndex,1318
,,,atomName,H
,,,chain,X
,,,resID,360
,,,resName,ILE
,closeContacts.54
,,ligandAtoms
,,,atomIndex,17
,,,atomName,C32
,,,chain,X
,,,resID,1
,,,resName,UNL
,,metrics
,,,distance,3.539118675602727
,,receptorAtoms
,,,atomIndex,609
,,,atomName,CG1
,,,chain,X
,,,resID,289
,,,resName,VAL
,closeContacts.55
,,ligandAtoms
,,,atomIndex,18
,,,atomName,C29
,,,chain,X
,,,resID,1
,,,resName,UNL
,,metrics
,,,distance,3.40698664511618
,,receptorAtoms
,,,atomIndex,1302
,,,atomName,CB
,,,chain,X
,,,resID,359
,,,resName,PHE
,closeContacts.56
,,ligandAtoms
,,,atomIndex,18
,,,atomName,C29
,,,chain,X
,,,resID,1
,,,resName,UNL
,,metrics
,,,distance,3.9767018998159767
,,receptorAtoms
,,,atomIndex,1303
,,,atomName,CG
,,,chain,X
,,,resID,359
,,,resName,PHE
,closeContacts.57
,,ligandAtoms
,,,atomIndex,18
,,,atomName,C29
,,,chain,X
,,,resID,1
,,,resName,UNL
,,metrics
,,,distance,3.7516750925419973
,,receptorAtoms
,,,atomIndex,1310
,,,atomName,N
,,,chain,X
,,,resID,360
,,,resName,ILE
,closeContacts.58
,,ligandAtoms
,,,atomIndex,18
,,,atomName,C29
,,,chain,X
,,,resID,1
,,,resName,UNL
,,metrics
,,,distance,3.660611560928037
,,receptorAtoms
,,,atomIndex,1312
,,,atomName,C
,,,chain,X
,,,resID,360
,,,resName,ILE
,closeContacts.59
,,ligandAtoms
,,,atomIndex,18
,,,atomName,C29
,,,chain,X
,,,resID,1
,,,resName,UNL
,,metrics
,,,distance,2.9851509174579434
,,receptorAtoms
,,,atomIndex,1313
,,,atomName,O
,,,chain,X
,,,resID,360
,,,resName,ILE
,closeContacts.60
,,ligandAtoms
,,,atomIndex,18
,,,atomName,C29
,,,chain,X
,,,resID,1
,,,resName,UNL
,,metrics
,,,distance,3.183912373166071
,,receptorAtoms
,,,atomIndex,1318
,,,atomName,H
,,,chain,X
,,,resID,360
,,,resName,ILE
,closeContacts.61
,,ligandAtoms
,,,atomIndex,19
,,,atomName,C30
,,,chain,X
,,,resID,1
,,,resName,UNL
,,metrics
,,,distance,3.9381075404310635
,,receptorAtoms
,,,atomIndex,1302
,,,atomName,CB
,,,chain,X
,,,resID,359
,,,resName,PHE
,closeContacts.62
,,ligandAtoms
,,,atomIndex,19
,,,atomName,C30
,,,chain,X
,,,resID,1
,,,resName,UNL
,,metrics
,,,distance,3.715444657103642
,,receptorAtoms
,,,atomIndex,1313
,,,atomName,O
,,,chain,X
,,,resID,360
,,,resName,ILE
,closeContacts.63
,,ligandAtoms
,,,atomIndex,21
,,,atomName,C33
,,,chain,X
,,,resID,1
,,,resName,UNL
,,metrics
,,,distance,3.6068780129081164
,,receptorAtoms
,,,atomIndex,610
,,,atomName,CG2
,,,chain,X
,,,resID,289
,,,resName,VAL
,closeContacts.64
,,ligandAtoms
,,,atomIndex,25
,,,atomName,C36
,,,chain,X
,,,resID,1
,,,resName,UNL
,,metrics
,,,distance,3.535670092075899
,,receptorAtoms
,,,atomIndex,545
,,,atomName,OE1
,,,chain,X
,,,resID,282
,,,resName,GLU
,closeContacts.65
,,ligandAtoms
,,,atomIndex,26
,,,atomName,C37
,,,chain,X
,,,resID,1
,,,resName,UNL
,,metrics
,,,distance,3.54546950346495
,,receptorAtoms
,,,atomIndex,545
,,,atomName,OE1
,,,chain,X
,,,resID,282
,,,resName,GLU
,closeContacts.66
,,ligandAtoms
,,,atomIndex,27
,,,atomName,C38
,,,chain,X
,,,resID,1
,,,resName,UNL
,,metrics
,,,distance,3.4754972306131964
,,receptorAtoms
,,,atomIndex,545
,,,atomName,OE1
,,,chain,X
,,,resID,282
,,,resName,GLU
,closeContacts.67
,,ligandAtoms
,,,atomIndex,27
,,,atomName,C38
,,,chain,X
,,,resID,1
,,,resName,UNL
,,metrics
,,,distance,3.736782573284134
,,receptorAtoms
,,,atomIndex,575
,,,atomName,CD
,,,chain,X
,,,resID,285
,,,resName,LYS
,closeContacts.68
,,ligandAtoms
,,,atomIndex,28
,,,atomName,O4
,,,chain,X
,,,resID,1
,,,resName,UNL
,,metrics
,,,distance,3.8608135153099536
,,receptorAtoms
,,,atomIndex,544
,,,atomName,CD
,,,chain,X
,,,resID,282
,,,resName,GLU
,closeContacts.69
,,ligandAtoms
,,,atomIndex,28
,,,atomName,O4
,,,chain,X
,,,resID,1
,,,resName,UNL
,,metrics
,,,distance,2.6489443180255794
,,receptorAtoms
,,,atomIndex,545
,,,atomName,OE1
,,,chain,X
,,,resID,282
,,,resName,GLU
,closeContacts.70
,,ligandAtoms
,,,atomIndex,29
,,,atomName,H44
,,,chain,X
,,,resID,1
,,,resName,UNL
,,metrics
,,,distance,3.7661690084222195
,,receptorAtoms
,,,atomIndex,542
,,,atomName,CB
,,,chain,X
,,,resID,282
,,,resName,GLU
,closeContacts.71
,,ligandAtoms
,,,atomIndex,29
,,,atomName,H44
,,,chain,X
,,,resID,1
,,,resName,UNL
,,metrics
,,,distance,3.896451077583292
,,receptorAtoms
,,,atomIndex,543
,,,atomName,CG
,,,chain,X
,,,resID,282
,,,resName,GLU
,closeContacts.72
,,ligandAtoms
,,,atomIndex,29
,,,atomName,H44
,,,chain,X
,,,resID,1
,,,resName,UNL
,,metrics
,,,distance,3.144220571143189
,,receptorAtoms
,,,atomIndex,544
,,,atomName,CD
,,,chain,X
,,,resID,282
,,,resName,GLU
,closeContacts.73
,,ligandAtoms
,,,atomIndex,29
,,,atomName,H44
,,,chain,X
,,,resID,1
,,,resName,UNL
,,metrics
,,,distance,1.9324471532230838
,,receptorAtoms
,,,atomIndex,545
,,,atomName,OE1
,,,chain,X
,,,resID,282
,,,resName,GLU
,closeContacts.74
,,ligandAtoms
,,,atomIndex,30
,,,atomName,C16
,,,chain,X
,,,resID,1
,,,resName,UNL
,,metrics
,,,distance,3.74587599901545
,,receptorAtoms
,,,atomIndex,590
,,,atomName,OE2
,,,chain,X
,,,resID,286
,,,resName,GLU
,closeContacts.75
,,ligandAtoms
,,,atomIndex,30
,,,atomName,C16
,,,chain,X
,,,resID,1
,,,resName,UNL
,,metrics
,,,distance,3.96489962041916
,,receptorAtoms
,,,atomIndex,1517
,,,atomName,O
,,,chain,X
,,,resID,381
,,,resName,ASP
,closeContacts.76
,,ligandAtoms
,,,atomIndex,30
,,,atomName,C16
,,,chain,X
,,,resID,1
,,,resName,UNL
,,metrics
,,,distance,3.990672374425142
,,receptorAtoms
,,,atomIndex,1522
,,,atomName,H
,,,chain,X
,,,resID,381
,,,resName,ASP
,closeContacts.77
,,ligandAtoms
,,,atomIndex,31
,,,atomName,C15
,,,chain,X
,,,resID,1
,,,resName,UNL
,,metrics
,,,distance,3.66585665295303
,,receptorAtoms
,,,atomIndex,590
,,,atomName,OE2
,,,chain,X
,,,resID,286
,,,resName,GLU
,closeContacts.78
,,ligandAtoms
,,,atomIndex,33
,,,atomName,C13
,,,chain,X
,,,resID,1
,,,resName,UNL
,,metrics
,,,distance,3.681196272952586
,,receptorAtoms
,,,atomIndex,863
,,,atomName,CG1
,,,chain,X
,,,resID,315
,,,resName,ILE
,closeContacts.79
,,ligandAtoms
,,,atomIndex,33
,,,atomName,C13
,,,chain,X
,,,resID,1
,,,resName,UNL
,,metrics
,,,distance,3.4971830092232814
,,receptorAtoms
,,,atomIndex,865
,,,atomName,CD1
,,,chain,X
,,,resID,315
,,,resName,ILE
,closeContacts.80
,,ligandAtoms
,,,atomIndex,33
,,,atomName,C13
,,,chain,X
,,,resID,1
,,,resName,UNL
,,metrics
,,,distance,3.842469388297062
,,receptorAtoms
,,,atomIndex,1532
,,,atomName,CE2
,,,chain,X
,,,resID,382
,,,resName,PHE
,closeContacts.81
,,ligandAtoms
,,,atomIndex,34
,,,atomName,C39
,,,chain,X
,,,resID,1
,,,resName,UNL
,,metrics
,,,distance,3.295627102692293
,,receptorAtoms
,,,atomIndex,429
,,,atomName,N
,,,chain,X
,,,resID,271
,,,resName,LYS
,closeContacts.82
,,ligandAtoms
,,,atomIndex,34
,,,atomName,C39
,,,chain,X
,,,resID,1
,,,resName,UNL
,,metrics
,,,distance,3.7139962304773544
,,receptorAtoms
,,,atomIndex,430
,,,atomName,CA
,,,chain,X
,,,resID,271
,,,resName,LYS
,closeContacts.83
,,ligandAtoms
,,,atomIndex,34
,,,atomName,C39
,,,chain,X
,,,resID,1
,,,resName,UNL
,,metrics
,,,distance,3.062058457965818
,,receptorAtoms
,,,atomIndex,433
,,,atomName,CB
,,,chain,X
,,,resID,271
,,,resName,LYS
,closeContacts.84
,,ligandAtoms
,,,atomIndex,34
,,,atomName,C39
,,,chain,X
,,,resID,1
,,,resName,UNL
,,metrics
,,,distance,3.0341214543916992
,,receptorAtoms
,,,atomIndex,438
,,,atomName,H
,,,chain,X
,,,resID,271
,,,resName,LYS
,closeContacts.85
,,ligandAtoms
,,,atomIndex,34
,,,atomName,C39
,,,chain,X
,,,resID,1
,,,resName,UNL
,,metrics
,,,distance,3.677547008537076
,,receptorAtoms
,,,atomIndex,843
,,,atomName,O
,,,chain,X
,,,resID,313
,,,resName,ILE
,closeContacts.86
,,ligandAtoms
,,,atomIndex,35
,,,atomName,C18
,,,chain,X
,,,resID,1
,,,resName,UNL
,,metrics
,,,distance,3.7991017359370627
,,receptorAtoms
,,,atomIndex,863
,,,atomName,CG1
,,,chain,X
,,,resID,315
,,,resName,ILE
,closeContacts.87
,,ligandAtoms
,,,atomIndex,35
,,,atomName,C18
,,,chain,X
,,,resID,1
,,,resName,UNL
,,metrics
,,,distance,3.0306944748687554
,,receptorAtoms
,,,atomIndex,865
,,,atomName,CD1
,,,chain,X
,,,resID,315
,,,resName,ILE
,closeContacts.88
,,ligandAtoms
,,,atomIndex,35
,,,atomName,C18
,,,chain,X
,,,resID,1
,,,resName,UNL
,,metrics
,,,distance,3.679844969560539
,,receptorAtoms
,,,atomIndex,1532
,,,atomName,CE2
,,,chain,X
,,,resID,382
,,,resName,PHE
,closeContacts.89
,,ligandAtoms
,,,atomIndex,35
,,,atomName,C18
,,,chain,X
,,,resID,1
,,,resName,UNL
,,metrics
,,,distance,3.8111343455721958
,,receptorAtoms
,,,atomIndex,1533
,,,atomName,CZ
,,,chain,X
,,,resID,382
,,,resName,PHE
,closeContacts.90
,,ligandAtoms
,,,atomIndex,36
,,,atomName,C17
,,,chain,X
,,,resID,1
,,,resName,UNL
,,metrics
,,,distance,3.90565858722956
,,receptorAtoms
,,,atomIndex,710
,,,atomName,CG1
,,,chain,X
,,,resID,299
,,,resName,VAL
,closeContacts.91
,,ligandAtoms
,,,atomIndex,36
,,,atomName,C17
,,,chain,X
,,,resID,1
,,,resName,UNL
,,metrics
,,,distance,3.793053782903691
,,receptorAtoms
,,,atomIndex,865
,,,atomName,CD1
,,,chain,X
,,,resID,315
,,,resName,ILE
,closeContacts.92
,,ligandAtoms
,,,atomIndex,36
,,,atomName,C17
,,,chain,X
,,,resID,1
,,,resName,UNL
,,metrics
,,,distance,3.714736868204798
,,receptorAtoms
,,,atomIndex,1522
,,,atomName,H
,,,chain,X
,,,resID,381
,,,resName,ASP
,closeContacts.93
,,ligandAtoms
,,,atomIndex,37
,,,atomName,O2
,,,chain,X
,,,resID,1
,,,resName,UNL
,,metrics
,,,distance,3.2334503243439503
,,receptorAtoms
,,,atomIndex,419
,,,atomName,CB
,,,chain,X
,,,resID,269
,,,resName,ALA
,closeContacts.94
,,ligandAtoms
,,,atomIndex,37
,,,atomName,O2
,,,chain,X
,,,resID,1
,,,resName,UNL
,,metrics
,,,distance,3.447274430619065
,,receptorAtoms
,,,atomIndex,863
,,,atomName,CG1
,,,chain,X
,,,resID,315
,,,resName,ILE
,closeContacts.95
,,ligandAtoms
,,,atomIndex,37
,,,atomName,O2
,,,chain,X
,,,resID,1
,,,resName,UNL
,,metrics
,,,distance,3.5789107281406167
,,receptorAtoms
,,,atomIndex,865
,,,atomName,CD1
,,,chain,X
,,,resID,315
,,,resName,ILE
,closeContacts.96
,,ligandAtoms
,,,atomIndex,38
,,,atomName,C10
,,,chain,X
,,,resID,1
,,,resName,UNL
,,metrics
,,,distance,3.168814604864096
,,receptorAtoms
,,,atomIndex,419
,,,atomName,CB
,,,chain,X
,,,resID,269
,,,resName,ALA
,closeContacts.97
,,ligandAtoms
,,,atomIndex,38
,,,atomName,C10
,,,chain,X
,,,resID,1
,,,resName,UNL
,,metrics
,,,distance,3.5389324661541646
,,receptorAtoms
,,,atomIndex,1532
,,,atomName,CE2
,,,chain,X
,,,resID,382
,,,resName,PHE
,closeContacts.98
,,ligandAtoms
,,,atomIndex,38
,,,atomName,C10
,,,chain,X
,,,resID,1
,,,resName,UNL
,,metrics
,,,distance,3.9092343240077083
,,receptorAtoms
,,,atomIndex,1533
,,,atomName,CZ
,,,chain,X
,,,resID,382
,,,resName,PHE
,closeContacts.99
,,ligandAtoms
,,,atomIndex,39
,,,atomName,C9
,,,chain,X
,,,resID,1
,,,resName,UNL
,,metrics
,,,distance,3.6540881215427734
,,receptorAtoms
,,,atomIndex,419
,,,atomName,CB
,,,chain,X
,,,resID,269
,,,resName,ALA
,closeContacts.100
,,ligandAtoms
,,,atomIndex,39
,,,atomName,C9
,,,chain,X
,,,resID,1
,,,resName,UNL
,,metrics
,,,distance,3.7463621020931765
,,receptorAtoms
,,,atomIndex,1420
,,,atomName,CD1
,,,chain,X
,,,resID,370
,,,resName,LEU
,closeContacts.101
,,ligandAtoms
,,,atomIndex,39
,,,atomName,C9
,,,chain,X
,,,resID,1
,,,resName,UNL
,,metrics
,,,distance,3.695705751274038
,,receptorAtoms
,,,atomIndex,1532
,,,atomName,CE2
,,,chain,X
,,,resID,382
,,,resName,PHE
,closeContacts.102
,,ligandAtoms
,,,atomIndex,39
,,,atomName,C9
,,,chain,X
,,,resID,1
,,,resName,UNL
,,metrics
,,,distance,3.5532479508190824
,,receptorAtoms
,,,atomIndex,1533
,,,atomName,CZ
,,,chain,X
,,,resID,382
,,,resName,PHE
,closeContacts.103
,,ligandAtoms
,,,atomIndex,40
,,,atomName,C8
,,,chain,X
,,,resID,1
,,,resName,UNL
,,metrics
,,,distance,3.969188708035938
,,receptorAtoms
,,,atomIndex,1420
,,,atomName,CD1
,,,chain,X
,,,resID,370
,,,resName,LEU
,closeContacts.104
,,ligandAtoms
,,,atomIndex,40
,,,atomName,C8
,,,chain,X
,,,resID,1
,,,resName,UNL
,,metrics
,,,distance,3.4386324316506998
,,receptorAtoms
,,,atomIndex,1421
,,,atomName,CD2
,,,chain,X
,,,resID,370
,,,resName,LEU
,closeContacts.105
,,ligandAtoms
,,,atomIndex,40
,,,atomName,C8
,,,chain,X
,,,resID,1
,,,resName,UNL
,,metrics
,,,distance,3.7549693740428807
,,receptorAtoms
,,,atomIndex,1532
,,,atomName,CE2
,,,chain,X
,,,resID,382
,,,resName,PHE
,closeContacts.106
,,ligandAtoms
,,,atomIndex,40
,,,atomName,C8
,,,chain,X
,,,resID,1
,,,resName,UNL
,,metrics
,,,distance,3.427059526766349
,,receptorAtoms
,,,atomIndex,1533
,,,atomName,CZ
,,,chain,X
,,,resID,382
,,,resName,PHE
,closeContacts.107
,,ligandAtoms
,,,atomIndex,41
,,,atomName,C7
,,,chain,X
,,,resID,1
,,,resName,UNL
,,metrics
,,,distance,3.6531094974008065
,,receptorAtoms
,,,atomIndex,1532
,,,atomName,CE2
,,,chain,X
,,,resID,382
,,,resName,PHE
,closeContacts.108
,,ligandAtoms
,,,atomIndex,41
,,,atomName,C7
,,,chain,X
,,,resID,1
,,,resName,UNL
,,metrics
,,,distance,3.6655620305759364
,,receptorAtoms
,,,atomIndex,1533
,,,atomName,CZ
,,,chain,X
,,,resID,382
,,,resName,PHE
,closeContacts.109
,,ligandAtoms
,,,atomIndex,42
,,,atomName,C12
,,,chain,X
,,,resID,1
,,,resName,UNL
,,metrics
,,,distance,3.802607920887978
,,receptorAtoms
,,,atomIndex,221
,,,atomName,CD1
,,,chain,X
,,,resID,248
,,,resName,LEU
,closeContacts.110
,,ligandAtoms
,,,atomIndex,42
,,,atomName,C12
,,,chain,X
,,,resID,1
,,,resName,UNL
,,metrics
,,,distance,3.4600210982015702
,,receptorAtoms
,,,atomIndex,284
,,,atomName,CB
,,,chain,X
,,,resID,256
,,,resName,VAL
,closeContacts.111
,,ligandAtoms
,,,atomIndex,42
,,,atomName,C12
,,,chain,X
,,,resID,1
,,,resName,UNL
,,metrics
,,,distance,3.975180247485643
,,receptorAtoms
,,,atomIndex,285
,,,atomName,CG1
,,,chain,X
,,,resID,256
,,,resName,VAL
,closeContacts.112
,,ligandAtoms
,,,atomIndex,42
,,,atomName,C12
,,,chain,X
,,,resID,1
,,,resName,UNL
,,metrics
,,,distance,3.2456729656575076
,,receptorAtoms
,,,atomIndex,286
,,,atomName,CG2
,,,chain,X
,,,resID,256
,,,resName,VAL
,closeContacts.113
,,ligandAtoms
,,,atomIndex,42
,,,atomName,C12
,,,chain,X
,,,resID,1
,,,resName,UNL
,,metrics
,,,distance,3.4565459638199516
,,receptorAtoms
,,,atomIndex,1532
,,,atomName,CE2
,,,chain,X
,,,resID,382
,,,resName,PHE
,closeContacts.114
,,ligandAtoms
,,,atomIndex,42
,,,atomName,C12
,,,chain,X
,,,resID,1
,,,resName,UNL
,,metrics
,,,distance,3.9793861335638194
,,receptorAtoms
,,,atomIndex,1533
,,,atomName,CZ
,,,chain,X
,,,resID,382
,,,resName,PHE
,closeContacts.115
,,ligandAtoms
,,,atomIndex,43
,,,atomName,C11
,,,chain,X
,,,resID,1
,,,resName,UNL
,,metrics
,,,distance,3.3863142205058288
,,receptorAtoms
,,,atomIndex,284
,,,atomName,CB
,,,chain,X
,,,resID,256
,,,resName,VAL
,closeContacts.116
,,ligandAtoms
,,,atomIndex,43
,,,atomName,C11
,,,chain,X
,,,resID,1
,,,resName,UNL
,,metrics
,,,distance,3.6275686072078646
,,receptorAtoms
,,,atomIndex,285
,,,atomName,CG1
,,,chain,X
,,,resID,256
,,,resName,VAL
,closeContacts.117
,,ligandAtoms
,,,atomIndex,43
,,,atomName,C11
,,,chain,X
,,,resID,1
,,,resName,UNL
,,metrics
,,,distance,3.7648132755822035
,,receptorAtoms
,,,atomIndex,286
,,,atomName,CG2
,,,chain,X
,,,resID,256
,,,resName,VAL
,closeContacts.118
,,ligandAtoms
,,,atomIndex,43
,,,atomName,C11
,,,chain,X
,,,resID,1
,,,resName,UNL
,,metrics
,,,distance,3.539914829483896
,,receptorAtoms
,,,atomIndex,419
,,,atomName,CB
,,,chain,X
,,,resID,269
,,,resName,ALA
,closeContacts.119
,,ligandAtoms
,,,atomIndex,43
,,,atomName,C11
,,,chain,X
,,,resID,1
,,,resName,UNL
,,metrics
,,,distance,3.39575823638845
,,receptorAtoms
,,,atomIndex,1532
,,,atomName,CE2
,,,chain,X
,,,resID,382
,,,resName,PHE
,closeContacts.120
,,ligandAtoms
,,,atomIndex,46
,,,atomName,N1
,,,chain,X
,,,resID,1
,,,resName,UNL
,,metrics
,,,distance,3.906077444188735
,,receptorAtoms
,,,atomIndex,934
,,,atomName,H
,,,chain,X
,,,resID,322
,,,resName,ASN
,closeContacts.121
,,ligandAtoms
,,,atomIndex,47
,,,atomName,O1
,,,chain,X
,,,resID,1
,,,resName,UNL
,,metrics
,,,distance,3.9263838324850515
,,receptorAtoms
,,,atomIndex,221
,,,atomName,CD1
,,,chain,X
,,,resID,248
,,,resName,LEU
,closeContacts.122
,,ligandAtoms
,,,atomIndex,48
,,,atomName,H41
,,,chain,X
,,,resID,1
,,,resName,UNL
,,metrics
,,,distance,3.627845228231215
,,receptorAtoms
,,,atomIndex,934
,,,atomName,H
,,,chain,X
,,,resID,322
,,,resName,ASN
,closeContacts.123
,,ligandAtoms
,,,atomIndex,48
,,,atomName,H41
,,,chain,X
,,,resID,1
,,,resName,UNL
,,metrics
,,,distance,3.4238755818516537
,,receptorAtoms
,,,atomIndex,9351
,,,atomName,1HD2
,,,chain,X
,,,resID,322
,,,resName,ASN
,closeContacts.124
,,ligandAtoms
,,,atomIndex,49
,,,atomName,H42
,,,chain,X
,,,resID,1
,,,resName,UNL
,,metrics
,,,distance,3.944355333891713
,,receptorAtoms
,,,atomIndex,219
,,,atomName,CB
,,,chain,X
,,,resID,248
,,,resName,LEU
,closeContacts.125
,,ligandAtoms
,,,atomIndex,50
,,,atomName,C3
,,,chain,X
,,,resID,1
,,,resName,UNL
,,metrics
,,,distance,3.560082723757975
,,receptorAtoms
,,,atomIndex,922
,,,atomName,CA
,,,chain,X
,,,resID,321
,,,resName,GLY
,closeContacts.126
,,ligandAtoms
,,,atomIndex,50
,,,atomName,C3
,,,chain,X
,,,resID,1
,,,resName,UNL
,,metrics
,,,distance,3.5659000266412404
,,receptorAtoms
,,,atomIndex,934
,,,atomName,H
,,,chain,X
,,,resID,322
,,,resName,ASN
,closeContacts.127
,,ligandAtoms
,,,atomIndex,51
,,,atomName,C2
,,,chain,X
,,,resID,1
,,,resName,UNL
,,metrics
,,,distance,3.8939786850983147
,,receptorAtoms
,,,atomIndex,228
,,,atomName,H
,,,chain,X
,,,resID,249
,,,resName,GLY
,closeContacts.128
,,ligandAtoms
,,,atomIndex,52
,,,atomName,C1
,,,chain,X
,,,resID,1
,,,resName,UNL
,,metrics
,,,distance,3.6623932066341545
,,receptorAtoms
,,,atomIndex,887
,,,atomName,CZ
,,,chain,X
,,,resID,317
,,,resName,PHE
,closeContacts.129
,,ligandAtoms
,,,atomIndex,53
,,,atomName,C4
,,,chain,X
,,,resID,1
,,,resName,UNL
,,metrics
,,,distance,3.874150358465712
,,receptorAtoms
,,,atomIndex,932
,,,atomName,ND2
,,,chain,X
,,,resID,322
,,,resName,ASN
,closeContacts.130
,,ligandAtoms
,,,atomIndex,53
,,,atomName,C4
,,,chain,X
,,,resID,1
,,,resName,UNL
,,metrics
,,,distance,3.221351424480105
,,receptorAtoms
,,,atomIndex,934
,,,atomName,H
,,,chain,X
,,,resID,322
,,,resName,ASN
,closeContacts.131
,,ligandAtoms
,,,atomIndex,53
,,,atomName,C4
,,,chain,X
,,,resID,1
,,,resName,UNL
,,metrics
,,,distance,3.0452444893637023
,,receptorAtoms
,,,atomIndex,9351
,,,atomName,1HD2
,,,chain,X
,,,resID,322
,,,resName,ASN
,closeContacts.132
,,ligandAtoms
,,,atomIndex,54
,,,atomName,C5
,,,chain,X
,,,resID,1
,,,resName,UNL
,,metrics
,,,distance,3.454223212243239
,,receptorAtoms
,,,atomIndex,922
,,,atomName,CA
,,,chain,X
,,,resID,321
,,,resName,GLY
,closeContacts.133
,,ligandAtoms
,,,atomIndex,54
,,,atomName,C5
,,,chain,X
,,,resID,1
,,,resName,UNL
,,metrics
,,,distance,3.9238321829558407
,,receptorAtoms
,,,atomIndex,923
,,,atomName,C
,,,chain,X
,,,resID,321
,,,resName,GLY
,closeContacts.134
,,ligandAtoms
,,,atomIndex,54
,,,atomName,C5
,,,chain,X
,,,resID,1
,,,resName,UNL
,,metrics
,,,distance,3.405279724193008
,,receptorAtoms
,,,atomIndex,926
,,,atomName,N
,,,chain,X
,,,resID,322
,,,resName,ASN
,closeContacts.135
,,ligandAtoms
,,,atomIndex,54
,,,atomName,C5
,,,chain,X
,,,resID,1
,,,resName,UNL
,,metrics
,,,distance,3.3832629220916317
,,receptorAtoms
,,,atomIndex,932
,,,atomName,ND2
,,,chain,X
,,,resID,322
,,,resName,ASN
,closeContacts.136
,,ligandAtoms
,,,atomIndex,54
,,,atomName,C5
,,,chain,X
,,,resID,1
,,,resName,UNL
,,metrics
,,,distance,2.5099370510034724
,,receptorAtoms
,,,atomIndex,934
,,,atomName,H
,,,chain,X
,,,resID,322
,,,resName,ASN
,closeContacts.137
,,ligandAtoms
,,,atomIndex,54
,,,atomName,C5
,,,chain,X
,,,resID,1
,,,resName,UNL
,,metrics
,,,distance,2.8397396007380675
,,receptorAtoms
,,,atomIndex,9351
,,,atomName,1HD2
,,,chain,X
,,,resID,322
,,,resName,ASN
,closeContacts.138
,,ligandAtoms
,,,atomIndex,54
,,,atomName,C5
,,,chain,X
,,,resID,1
,,,resName,UNL
,,metrics
,,,distance,3.6788710224741514
,,receptorAtoms
,,,atomIndex,9362
,,,atomName,2HD2
,,,chain,X
,,,resID,322
,,,resName,ASN
closestContacts
,closestContacts.1
,,ligandAtoms
,,,atomIndex,3
,,,atomName,O3
,,,chain,X
,,,resID,1
,,,resName,UNL
,,metrics
,,,distance,1.929895852112232
,,receptorAtoms
,,,atomIndex,1522
,,,atomName,H
,,,chain,X
,,,resID,381
,,,resName,ASP
,closestContacts.2
,,ligandAtoms
,,,atomIndex,4
,,,atomName,H43
,,,chain,X
,,,resID,1
,,,resName,UNL
,,metrics
,,,distance,2.1275288482180446
,,receptorAtoms
,,,atomIndex,590
,,,atomName,OE2
,,,chain,X
,,,resID,286
,,,resName,GLU
,closestContacts.3
,,ligandAtoms
,,,atomIndex,29
,,,atomName,H44
,,,chain,X
,,,resID,1
,,,resName,UNL
,,metrics
,,,distance,1.9324471532230838
,,receptorAtoms
,,,atomIndex,545
,,,atomName,OE1
,,,chain,X
,,,resID,282
,,,resName,GLU
electrostaticEnergies
,C_C,0
,C_HH,0
,C_N,0
,C_OO,0
,HH_HH,0
,HH_N,0
,HH_OO,0
,HH_SS,0
,N_OO,0
,N_SS,0
,OO_OO,0
halogenBonds,none
hydrogenBonds
,ligandAtoms
,,ligandAtoms.1
,,,atomIndex,2
,,,atomName,N3
,,,chain,X
,,,resID,1
,,,resName,UNL
,,ligandAtoms.2
,,,atomIndex,4
,,,atomName,H43
,,,chain,X
,,,resID,1
,,,resName,UNL
,metrics
,,angle,33.914401934138084
,,distance,3.0211357136017574
,receptorAtoms
,,atomIndex,590
,,atomName,OE2
,,chain,X
,,resID,286
,,resName,GLU
hydrophobicContacts
,hydrophobicContacts.1
,,ligandAtoms
,,,atomIndex,1
,,,atomName,C19
,,,chain,X
,,,resID,1
,,,resName,UNL
,,metrics
,,,distance,3.7972729688554123
,,receptorAtoms
,,,atomIndex,711
,,,atomName,CG2
,,,chain,X
,,,resID,299
,,,resName,VAL
,hydrophobicContacts.2
,,ligandAtoms
,,,atomIndex,1
,,,atomName,C19
,,,chain,X
,,,resID,1
,,,resName,UNL
,,metrics
,,,distance,3.9552739475287932
,,receptorAtoms
,,,atomIndex,1516
,,,atomName,C
,,,chain,X
,,,resID,381
,,,resName,ASP
,hydrophobicContacts.3
,,ligandAtoms
,,,atomIndex,5
,,,atomName,C20
,,,chain,X
,,,resID,1
,,,resName,UNL
,,metrics
,,,distance,3.6943688229520344
,,receptorAtoms
,,,atomIndex,1518
,,,atomName,CB
,,,chain,X
,,,resID,381
,,,resName,ASP
,hydrophobicContacts.4
,,ligandAtoms
,,,atomIndex,6
,,,atomName,C21
,,,chain,X
,,,resID,1
,,,resName,UNL
,,metrics
,,,distance,3.8294999673586627
,,receptorAtoms
,,,atomIndex,1518
,,,atomName,CB
,,,chain,X
,,,resID,381
,,,resName,ASP
,hydrophobicContacts.5
,,ligandAtoms
,,,atomIndex,10
,,,atomName,C23
,,,chain,X
,,,resID,1
,,,resName,UNL
,,metrics
,,,distance,3.7055570431447955
,,receptorAtoms
,,,atomIndex,587
,,,atomName,CG
,,,chain,X
,,,resID,286
,,,resName,GLU
,hydrophobicContacts.6
,,ligandAtoms
,,,atomIndex,10
,,,atomName,C23
,,,chain,X
,,,resID,1
,,,resName,UNL
,,metrics
,,,distance,3.9081147629003934
,,receptorAtoms
,,,atomIndex,588
,,,atomName,CD
,,,chain,X
,,,resID,286
,,,resName,GLU
,hydrophobicContacts.7
,,ligandAtoms
,,,atomIndex,10
,,,atomName,C23
,,,chain,X
,,,resID,1
,,,resName,UNL
,,metrics
,,,distance,3.9309090551677737
,,receptorAtoms
,,,atomIndex,1518
,,,atomName,CB
,,,chain,X
,,,resID,381
,,,resName,ASP
,hydrophobicContacts.8
,,ligandAtoms
,,,atomIndex,11
,,,atomName,C24
,,,chain,X
,,,resID,1
,,,resName,UNL
,,metrics
,,,distance,3.7260018786898104
,,receptorAtoms
,,,atomIndex,587
,,,atomName,CG
,,,chain,X
,,,resID,286
,,,resName,GLU
,hydrophobicContacts.9
,,ligandAtoms
,,,atomIndex,11
,,,atomName,C24
,,,chain,X
,,,resID,1
,,,resName,UNL
,,metrics
,,,distance,3.540678748488769
,,receptorAtoms
,,,atomIndex,588
,,,atomName,CD
,,,chain,X
,,,resID,286
,,,resName,GLU
,hydrophobicContacts.10
,,ligandAtoms
,,,atomIndex,11
,,,atomName,C24
,,,chain,X
,,,resID,1
,,,resName,UNL
,,metrics
,,,distance,3.756915090869103
,,receptorAtoms
,,,atomIndex,1518
,,,atomName,CB
,,,chain,X
,,,resID,381
,,,resName,ASP
,hydrophobicContacts.11
,,ligandAtoms
,,,atomIndex,13
,,,atomName,C25
,,,chain,X
,,,resID,1
,,,resName,UNL
,,metrics
,,,distance,3.8663529326744084
,,receptorAtoms
,,,atomIndex,609
,,,atomName,CG1
,,,chain,X
,,,resID,289
,,,resName,VAL
,hydrophobicContacts.12
,,ligandAtoms
,,,atomIndex,14
,,,atomName,C26
,,,chain,X
,,,resID,1
,,,resName,UNL
,,metrics
,,,distance,3.8352894284525645
,,receptorAtoms
,,,atomIndex,609
,,,atomName,CG1
,,,chain,X
,,,resID,289
,,,resName,VAL
,hydrophobicContacts.13
,,ligandAtoms
,,,atomIndex,14
,,,atomName,C26
,,,chain,X
,,,resID,1
,,,resName,UNL
,,metrics
,,,distance,3.630232637173546
,,receptorAtoms
,,,atomIndex,610
,,,atomName,CG2
,,,chain,X
,,,resID,289
,,,resName,VAL
,hydrophobicContacts.14
,,ligandAtoms
,,,atomIndex,15
,,,atomName,C27
,,,chain,X
,,,resID,1
,,,resName,UNL
,,metrics
,,,distance,3.6212733948156965
,,receptorAtoms
,,,atomIndex,609
,,,atomName,CG1
,,,chain,X
,,,resID,289
,,,resName,VAL
,hydrophobicContacts.15
,,ligandAtoms
,,,atomIndex,17
,,,atomName,C32
,,,chain,X
,,,resID,1
,,,resName,UNL
,,metrics
,,,distance,3.539118675602727
,,receptorAtoms
,,,atomIndex,609
,,,atomName,CG1
,,,chain,X
,,,resID,289
,,,resName,VAL
,hydrophobicContacts.16
,,ligandAtoms
,,,atomIndex,18
,,,atomName,C29
,,,chain,X
,,,resID,1
,,,resName,UNL
,,metrics
,,,distance,3.40698664511618
,,receptorAtoms
,,,atomIndex,1302
,,,atomName,CB
,,,chain,X
,,,resID,359
,,,resName,PHE
,hydrophobicContacts.17
,,ligandAtoms
,,,atomIndex,18
,,,atomName,C29
,,,chain,X
,,,resID,1
,,,resName,UNL
,,metrics
,,,distance,3.9767018998159767
,,receptorAtoms
,,,atomIndex,1303
,,,atomName,CG
,,,chain,X
,,,resID,359
,,,resName,PHE
,hydrophobicContacts.18
,,ligandAtoms
,,,atomIndex,18
,,,atomName,C29
,,,chain,X
,,,resID,1
,,,resName,UNL
,,metrics
,,,distance,3.660611560928037
,,receptorAtoms
,,,atomIndex,1312
,,,atomName,C
,,,chain,X
,,,resID,360
,,,resName,ILE
,hydrophobicContacts.19
,,ligandAtoms
,,,atomIndex,19
,,,atomName,C30
,,,chain,X
,,,resID,1
,,,resName,UNL
,,metrics
,,,distance,3.9381075404310635
,,receptorAtoms
,,,atomIndex,1302
,,,atomName,CB
,,,chain,X
,,,resID,359
,,,resName,PHE
,hydrophobicContacts.20
,,ligandAtoms
,,,atomIndex,21
,,,atomName,C33
,,,chain,X
,,,resID,1
,,,resName,UNL
,,metrics
,,,distance,3.6068780129081164
,,receptorAtoms
,,,atomIndex,610
,,,atomName,CG2
,,,chain,X
,,,resID,289
,,,resName,VAL
,hydrophobicContacts.21
,,ligandAtoms
,,,atomIndex,27
,,,atomName,C38
,,,chain,X
,,,resID,1
,,,resName,UNL
,,metrics
,,,distance,3.736782573284134
,,receptorAtoms
,,,atomIndex,575
,,,atomName,CD
,,,chain,X
,,,resID,285
,,,resName,LYS
,hydrophobicContacts.22
,,ligandAtoms
,,,atomIndex,33
,,,atomName,C13
,,,chain,X
,,,resID,1
,,,resName,UNL
,,metrics
,,,distance,3.681196272952586
,,receptorAtoms
,,,atomIndex,863
,,,atomName,CG1
,,,chain,X
,,,resID,315
,,,resName,ILE
,hydrophobicContacts.23
,,ligandAtoms
,,,atomIndex,33
,,,atomName,C13
,,,chain,X
,,,resID,1
,,,resName,UNL
,,metrics
,,,distance,3.4971830092232814
,,receptorAtoms
,,,atomIndex,865
,,,atomName,CD1
,,,chain,X
,,,resID,315
,,,resName,ILE
,hydrophobicContacts.24
,,ligandAtoms
,,,atomIndex,33
,,,atomName,C13
,,,chain,X
,,,resID,1
,,,resName,UNL
,,metrics
,,,distance,3.842469388297062
,,receptorAtoms
,,,atomIndex,1532
,,,atomName,CE2
,,,chain,X
,,,resID,382
,,,resName,PHE
,hydrophobicContacts.25
,,ligandAtoms
,,,atomIndex,34
,,,atomName,C39
,,,chain,X
,,,resID,1
,,,resName,UNL
,,metrics
,,,distance,3.7139962304773544
,,receptorAtoms
,,,atomIndex,430
,,,atomName,CA
,,,chain,X
,,,resID,271
,,,resName,LYS
,hydrophobicContacts.26
,,ligandAtoms
,,,atomIndex,34
,,,atomName,C39
,,,chain,X
,,,resID,1
,,,resName,UNL
,,metrics
,,,distance,3.062058457965818
,,receptorAtoms
,,,atomIndex,433
,,,atomName,CB
,,,chain,X
,,,resID,271
,,,resName,LYS
,hydrophobicContacts.27
,,ligandAtoms
,,,atomIndex,35
,,,atomName,C18
,,,chain,X
,,,resID,1
,,,resName,UNL
,,metrics
,,,distance,3.7991017359370627
,,receptorAtoms
,,,atomIndex,863
,,,atomName,CG1
,,,chain,X
,,,resID,315
,,,resName,ILE
,hydrophobicContacts.28
,,ligandAtoms
,,,atomIndex,35
,,,atomName,C18
,,,chain,X
,,,resID,1
,,,resName,UNL
,,metrics
,,,distance,3.0306944748687554
,,receptorAtoms
,,,atomIndex,865
,,,atomName,CD1
,,,chain,X
,,,resID,315
,,,resName,ILE
,hydrophobicContacts.29
,,ligandAtoms
,,,atomIndex,35
,,,atomName,C18
,,,chain,X
,,,resID,1
,,,resName,UNL
,,metrics
,,,distance,3.679844969560539
,,receptorAtoms
,,,atomIndex,1532
,,,atomName,CE2
,,,chain,X
,,,resID,382
,,,resName,PHE
,hydrophobicContacts.30
,,ligandAtoms
,,,atomIndex,35
,,,atomName,C18
,,,chain,X
,,,resID,1
,,,resName,UNL
,,metrics
,,,distance,3.8111343455721958
,,receptorAtoms
,,,atomIndex,1533
,,,atomName,CZ
,,,chain,X
,,,resID,382
,,,resName,PHE
,hydrophobicContacts.31
,,ligandAtoms
,,,atomIndex,36
,,,atomName,C17
,,,chain,X
,,,resID,1
,,,resName,UNL
,,metrics
,,,distance,3.90565858722956
,,receptorAtoms
,,,atomIndex,710
,,,atomName,CG1
,,,chain,X
,,,resID,299
,,,resName,VAL
,hydrophobicContacts.32
,,ligandAtoms
,,,atomIndex,36
,,,atomName,C17
,,,chain,X
,,,resID,1
,,,resName,UNL
,,metrics
,,,distance,3.793053782903691
,,receptorAtoms
,,,atomIndex,865
,,,atomName,CD1
,,,chain,X
,,,resID,315
,,,resName,ILE
,hydrophobicContacts.33
,,ligandAtoms
,,,atomIndex,38
,,,atomName,C10
,,,chain,X
,,,resID,1
,,,resName,UNL
,,metrics
,,,distance,3.168814604864096
,,receptorAtoms
,,,atomIndex,419
,,,atomName,CB
,,,chain,X
,,,resID,269
,,,resName,ALA
,hydrophobicContacts.34
,,ligandAtoms
,,,atomIndex,38
,,,atomName,C10
,,,chain,X
,,,resID,1
,,,resName,UNL
,,metrics
,,,distance,3.5389324661541646
,,receptorAtoms
,,,atomIndex,1532
,,,atomName,CE2
,,,chain,X
,,,resID,382
,,,resName,PHE
,hydrophobicContacts.35
,,ligandAtoms
,,,atomIndex,38
,,,atomName,C10
,,,chain,X
,,,resID,1
,,,resName,UNL
,,metrics
,,,distance,3.9092343240077083
,,receptorAtoms
,,,atomIndex,1533
,,,atomName,CZ
,,,chain,X
,,,resID,382
,,,resName,PHE
,hydrophobicContacts.36
,,ligandAtoms
,,,atomIndex,39
,,,atomName,C9
,,,chain,X
,,,resID,1
,,,resName,UNL
,,metrics
,,,distance,3.6540881215427734
,,receptorAtoms
,,,atomIndex,419
,,,atomName,CB
,,,chain,X
,,,resID,269
,,,resName,ALA
,hydrophobicContacts.37
,,ligandAtoms
,,,atomIndex,39
,,,atomName,C9
,,,chain,X
,,,resID,1
,,,resName,UNL
,,metrics
,,,distance,3.7463621020931765
,,receptorAtoms
,,,atomIndex,1420
,,,atomName,CD1
,,,chain,X
,,,resID,370
,,,resName,LEU
,hydrophobicContacts.38
,,ligandAtoms
,,,atomIndex,39
,,,atomName,C9
,,,chain,X
,,,resID,1
,,,resName,UNL
,,metrics
,,,distance,3.695705751274038
,,receptorAtoms
,,,atomIndex,1532
,,,atomName,CE2
,,,chain,X
,,,resID,382
,,,resName,PHE
,hydrophobicContacts.39
,,ligandAtoms
,,,atomIndex,39
,,,atomName,C9
,,,chain,X
,,,resID,1
,,,resName,UNL
,,metrics
,,,distance,3.5532479508190824
,,receptorAtoms
,,,atomIndex,1533
,,,atomName,CZ
,,,chain,X
,,,resID,382
,,,resName,PHE
,hydrophobicContacts.40
,,ligandAtoms
,,,atomIndex,40
,,,atomName,C8
,,,chain,X
,,,resID,1
,,,resName,UNL
,,metrics
,,,distance,3.969188708035938
,,receptorAtoms
,,,atomIndex,1420
,,,atomName,CD1
,,,chain,X
,,,resID,370
,,,resName,LEU
,hydrophobicContacts.41
,,ligandAtoms
,,,atomIndex,40
,,,atomName,C8
,,,chain,X
,,,resID,1
,,,resName,UNL
,,metrics
,,,distance,3.4386324316506998
,,receptorAtoms
,,,atomIndex,1421
,,,atomName,CD2
,,,chain,X
,,,resID,370
,,,resName,LEU
,hydrophobicContacts.42
,,ligandAtoms
,,,atomIndex,40
,,,atomName,C8
,,,chain,X
,,,resID,1
,,,resName,UNL
,,metrics
,,,distance,3.7549693740428807
,,receptorAtoms
,,,atomIndex,1532
,,,atomName,CE2
,,,chain,X
,,,resID,382
,,,resName,PHE
,hydrophobicContacts.43
,,ligandAtoms
,,,atomIndex,40
,,,atomName,C8
,,,chain,X
,,,resID,1
,,,resName,UNL
,,metrics
,,,distance,3.427059526766349
,,receptorAtoms
,,,atomIndex,1533
,,,atomName,CZ
,,,chain,X
,,,resID,382
,,,resName,PHE
,hydrophobicContacts.44
,,ligandAtoms
,,,atomIndex,41
,,,atomName,C7
,,,chain,X
,,,resID,1
,,,resName,UNL
,,metrics
,,,distance,3.6531094974008065
,,receptorAtoms
,,,atomIndex,1532
,,,atomName,CE2
,,,chain,X
,,,resID,382
,,,resName,PHE
,hydrophobicContacts.45
,,ligandAtoms
,,,atomIndex,41
,,,atomName,C7
,,,chain,X
,,,resID,1
,,,resName,UNL
,,metrics
,,,distance,3.6655620305759364
,,receptorAtoms
,,,atomIndex,1533
,,,atomName,CZ
,,,chain,X
,,,resID,382
,,,resName,PHE
,hydrophobicContacts.46
,,ligandAtoms
,,,atomIndex,42
,,,atomName,C12
,,,chain,X
,,,resID,1
,,,resName,UNL
,,metrics
,,,distance,3.802607920887978
,,receptorAtoms
,,,atomIndex,221
,,,atomName,CD1
,,,chain,X
,,,resID,248
,,,resName,LEU
,hydrophobicContacts.47
,,ligandAtoms
,,,atomIndex,42
,,,atomName,C12
,,,chain,X
,,,resID,1
,,,resName,UNL
,,metrics
,,,distance,3.4600210982015702
,,receptorAtoms
,,,atomIndex,284
,,,atomName,CB
,,,chain,X
,,,resID,256
,,,resName,VAL
,hydrophobicContacts.48
,,ligandAtoms
,,,atomIndex,42
,,,atomName,C12
,,,chain,X
,,,resID,1
,,,resName,UNL
,,metrics
,,,distance,3.975180247485643
,,receptorAtoms
,,,atomIndex,285
,,,atomName,CG1
,,,chain,X
,,,resID,256
,,,resName,VAL
,hydrophobicContacts.49
,,ligandAtoms
,,,atomIndex,42
,,,atomName,C12
,,,chain,X
,,,resID,1
,,,resName,UNL
,,metrics
,,,distance,3.2456729656575076
,,receptorAtoms
,,,atomIndex,286
,,,atomName,CG2
,,,chain,X
,,,resID,256
,,,resName,VAL
,hydrophobicContacts.50
,,ligandAtoms
,,,atomIndex,42
,,,atomName,C12
,,,chain,X
,,,resID,1
,,,resName,UNL
,,metrics
,,,distance,3.4565459638199516
,,receptorAtoms
,,,atomIndex,1532
,,,atomName,CE2
,,,chain,X
,,,resID,382
,,,resName,PHE
,hydrophobicContacts.51
,,ligandAtoms
,,,atomIndex,42
,,,atomName,C12
,,,chain,X
,,,resID,1
,,,resName,UNL
,,metrics
,,,distance,3.9793861335638194
,,receptorAtoms
,,,atomIndex,1533
,,,atomName,CZ
,,,chain,X
,,,resID,382
,,,resName,PHE
,hydrophobicContacts.52
,,ligandAtoms
,,,atomIndex,43
,,,atomName,C11
,,,chain,X
,,,resID,1
,,,resName,UNL
,,metrics
,,,distance,3.3863142205058288
,,receptorAtoms
,,,atomIndex,284
,,,atomName,CB
,,,chain,X
,,,resID,256
,,,resName,VAL
,hydrophobicContacts.53
,,ligandAtoms
,,,atomIndex,43
,,,atomName,C11
,,,chain,X
,,,resID,1
,,,resName,UNL
,,metrics
,,,distance,3.6275686072078646
,,receptorAtoms
,,,atomIndex,285
,,,atomName,CG1
,,,chain,X
,,,resID,256
,,,resName,VAL
,hydrophobicContacts.54
,,ligandAtoms
,,,atomIndex,43
,,,atomName,C11
,,,chain,X
,,,resID,1
,,,resName,UNL
,,metrics
,,,distance,3.7648132755822035
,,receptorAtoms
,,,atomIndex,286
,,,atomName,CG2
,,,chain,X
,,,resID,256
,,,resName,VAL
,hydrophobicContacts.55
,,ligandAtoms
,,,atomIndex,43
,,,atomName,C11
,,,chain,X
,,,resID,1
,,,resName,UNL
,,metrics
,,,distance,3.539914829483896
,,receptorAtoms
,,,atomIndex,419
,,,atomName,CB
,,,chain,X
,,,resID,269
,,,resName,ALA
,hydrophobicContacts.56
,,ligandAtoms
,,,atomIndex,43
,,,atomName,C11
,,,chain,X
,,,resID,1
,,,resName,UNL
,,metrics
,,,distance,3.39575823638845
,,receptorAtoms
,,,atomIndex,1532
,,,atomName,CE2
,,,chain,X
,,,resID,382
,,,resName,PHE
,hydrophobicContacts.57
,,ligandAtoms
,,,atomIndex,50
,,,atomName,C3
,,,chain,X
,,,resID,1
,,,resName,UNL
,,metrics
,,,distance,3.560082723757975
,,receptorAtoms
,,,atomIndex,922
,,,atomName,CA
,,,chain,X
,,,resID,321
,,,resName,GLY
,hydrophobicContacts.58
,,ligandAtoms
,,,atomIndex,52
,,,atomName,C1
,,,chain,X
,,,resID,1
,,,resName,UNL
,,metrics
,,,distance,3.6623932066341545
,,receptorAtoms
,,,atomIndex,887
,,,atomName,CZ
,,,chain,X
,,,resID,317
,,,resName,PHE
,hydrophobicContacts.59
,,ligandAtoms
,,,atomIndex,54
,,,atomName,C5
,,,chain,X
,,,resID,1
,,,resName,UNL
,,metrics
,,,distance,3.454223212243239
,,receptorAtoms
,,,atomIndex,922
,,,atomName,CA
,,,chain,X
,,,resID,321
,,,resName,GLY
,hydrophobicContacts.60
,,ligandAtoms
,,,atomIndex,54
,,,atomName,C5
,,,chain,X
,,,resID,1
,,,resName,UNL
,,metrics
,,,distance,3.9238321829558407
,,receptorAtoms
,,,atomIndex,923
,,,atomName,C
,,,chain,X
,,,resID,321
,,,resName,GLY
ligandAtomTypes
,C,39
,HH,5
,N,6
,OO,4
metalCoordinations,none
piPiStackingInteractions
,piPiStackingInteractions.1
,,ligandAtoms
,,,ligandAtoms.1
,,,,atomIndex,38
,,,,atomName,C10
,,,,chain,X
,,,,resID,1
,,,,resName,UNL
,,,ligandAtoms.2
,,,,atomIndex,39
,,,,atomName,C9
,,,,chain,X
,,,,resID,1
,,,,resName,UNL
,,,ligandAtoms.3
,,,,atomIndex,40
,,,,atomName,C8
,,,,chain,X
,,,,resID,1
,,,,resName,UNL
,,,ligandAtoms.4
,,,,atomIndex,41
,,,,atomName,C7
,,,,chain,X
,,,,resID,1
,,,,resName,UNL
,,,ligandAtoms.5
,,,,atomIndex,42
,,,,atomName,C12
,,,,chain,X
,,,,resID,1
,,,,resName,UNL
,,,ligandAtoms.6
,,,,atomIndex,43
,,,,atomName,C11
,,,,chain,X
,,,,resID,1
,,,,resName,UNL
,,metrics
,,,angle,20.743143836195372
,,,distance,7.143964846093674
,,receptorAtoms
,,,receptorAtoms.1
,,,,atomIndex,882
,,,,atomName,CG
,,,,chain,X
,,,,resID,317
,,,,resName,PHE
,,,receptorAtoms.2
,,,,atomIndex,883
,,,,atomName,CD1
,,,,chain,X
,,,,resID,317
,,,,resName,PHE
,,,receptorAtoms.3
,,,,atomIndex,885
,,,,atomName,CE1
,,,,chain,X
,,,,resID,317
,,,,resName,PHE
,,,receptorAtoms.4
,,,,atomIndex,887
,,,,atomName,CZ
,,,,chain,X
,,,,resID,317
,,,,resName,PHE
,,,receptorAtoms.5
,,,,atomIndex,886
,,,,atomName,CE2
,,,,chain,X
,,,,resID,317
,,,,resName,PHE
,,,receptorAtoms.6
,,,,atomIndex,884
,,,,atomName,CD2
,,,,chain,X
,,,,resID,317
,,,,resName,PHE
,piPiStackingInteractions.2
,,ligandAtoms
,,,ligandAtoms.1
,,,,atomIndex,39
,,,,atomName,C9
,,,,chain,X
,,,,resID,1
,,,,resName,UNL
,,,ligandAtoms.2
,,,,atomIndex,38
,,,,atomName,C10
,,,,chain,X
,,,,resID,1
,,,,resName,UNL
,,,ligandAtoms.3
,,,,atomIndex,43
,,,,atomName,C11
,,,,chain,X
,,,,resID,1
,,,,resName,UNL
,,,ligandAtoms.4
,,,,atomIndex,42
,,,,atomName,C12
,,,,chain,X
,,,,resID,1
,,,,resName,UNL
,,,ligandAtoms.5
,,,,atomIndex,41
,,,,atomName,C7
,,,,chain,X
,,,,resID,1
,,,,resName,UNL
,,,ligandAtoms.6
,,,,atomIndex,40
,,,,atomName,C8
,,,,chain,X
,,,,resID,1
,,,,resName,UNL
,,metrics
,,,angle,20.770782144697378
,,,distance,7.143964846093674
,,receptorAtoms
,,,receptorAtoms.1
,,,,atomIndex,882
,,,,atomName,CG
,,,,chain,X
,,,,resID,317
,,,,resName,PHE
,,,receptorAtoms.2
,,,,atomIndex,883
,,,,atomName,CD1
,,,,chain,X
,,,,resID,317
,,,,resName,PHE
,,,receptorAtoms.3
,,,,atomIndex,885
,,,,atomName,CE1
,,,,chain,X
,,,,resID,317
,,,,resName,PHE
,,,receptorAtoms.4
,,,,atomIndex,887
,,,,atomName,CZ
,,,,chain,X
,,,,resID,317
,,,,resName,PHE
,,,receptorAtoms.5
,,,,atomIndex,886
,,,,atomName,CE2
,,,,chain,X
,,,,resID,317
,,,,resName,PHE
,,,receptorAtoms.6
,,,,atomIndex,884
,,,,atomName,CD2
,,,,chain,X
,,,,resID,317
,,,,resName,PHE
,piPiStackingInteractions.3
,,ligandAtoms
,,,ligandAtoms.1
,,,,atomIndex,40
,,,,atomName,C8
,,,,chain,X
,,,,resID,1
,,,,resName,UNL
,,,ligandAtoms.2
,,,,atomIndex,39
,,,,atomName,C9
,,,,chain,X
,,,,resID,1
,,,,resName,UNL
,,,ligandAtoms.3
,,,,atomIndex,38
,,,,atomName,C10
,,,,chain,X
,,,,resID,1
,,,,resName,UNL
,,,ligandAtoms.4
,,,,atomIndex,43
,,,,atomName,C11
,,,,chain,X
,,,,resID,1
,,,,resName,UNL
,,,ligandAtoms.5
,,,,atomIndex,42
,,,,atomName,C12
,,,,chain,X
,,,,resID,1
,,,,resName,UNL
,,,ligandAtoms.6
,,,,atomIndex,41
,,,,atomName,C7
,,,,chain,X
,,,,resID,1
,,,,resName,UNL
,,metrics
,,,angle,20.743143836195387
,,,distance,7.143964846093674
,,receptorAtoms
,,,receptorAtoms.1
,,,,atomIndex,882
,,,,atomName,CG
,,,,chain,X
,,,,resID,317
,,,,resName,PHE
,,,receptorAtoms.2
,,,,atomIndex,883
,,,,atomName,CD1
,,,,chain,X
,,,,resID,317
,,,,resName,PHE
,,,receptorAtoms.3
,,,,atomIndex,885
,,,,atomName,CE1
,,,,chain,X
,,,,resID,317
,,,,resName,PHE
,,,receptorAtoms.4
,,,,atomIndex,887
,,,,atomName,CZ
,,,,chain,X
,,,,resID,317
,,,,resName,PHE
,,,receptorAtoms.5
,,,,atomIndex,886
,,,,atomName,CE2
,,,,chain,X
,,,,resID,317
,,,,resName,PHE
,,,receptorAtoms.6
,,,,atomIndex,884
,,,,atomName,CD2
,,,,chain,X
,,,,resID,317
,,,,resName,PHE
,piPiStackingInteractions.4
,,ligandAtoms
,,,ligandAtoms.1
,,,,atomIndex,41
,,,,atomName,C7
,,,,chain,X
,,,,resID,1
,,,,resName,UNL
,,,ligandAtoms.2
,,,,atomIndex,40
,,,,atomName,C8
,,,,chain,X
,,,,resID,1
,,,,resName,UNL
,,,ligandAtoms.3
,,,,atomIndex,39
,,,,atomName,C9
,,,,chain,X
,,,,resID,1
,,,,resName,UNL
,,,ligandAtoms.4
,,,,atomIndex,38
,,,,atomName,C10
,,,,chain,X
,,,,resID,1
,,,,resName,UNL
,,,ligandAtoms.5
,,,,atomIndex,43
,,,,atomName,C11
,,,,chain,X
,,,,resID,1
,,,,resName,UNL
,,,ligandAtoms.6
,,,,atomIndex,42
,,,,atomName,C12
,,,,chain,X
,,,,resID,1
,,,,resName,UNL
,,metrics
,,,angle,20.770782144697414
,,,distance,7.143964846093674
,,receptorAtoms
,,,receptorAtoms.1
,,,,atomIndex,882
,,,,atomName,CG
,,,,chain,X
,,,,resID,317
,,,,resName,PHE
,,,receptorAtoms.2
,,,,atomIndex,883
,,,,atomName,CD1
,,,,chain,X
,,,,resID,317
,,,,resName,PHE
,,,receptorAtoms.3
,,,,atomIndex,885
,,,,atomName,CE1
,,,,chain,X
,,,,resID,317
,,,,resName,PHE
,,,receptorAtoms.4
,,,,atomIndex,887
,,,,atomName,CZ
,,,,chain,X
,,,,resID,317
,,,,resName,PHE
,,,receptorAtoms.5
,,,,atomIndex,886
,,,,atomName,CE2
,,,,chain,X
,,,,resID,317
,,,,resName,PHE
,,,receptorAtoms.6
,,,,atomIndex,884
,,,,atomName,CD2
,,,,chain,X
,,,,resID,317
,,,,resName,PHE
,piPiStackingInteractions.5
,,ligandAtoms
,,,ligandAtoms.1
,,,,atomIndex,42
,,,,atomName,C12
,,,,chain,X
,,,,resID,1
,,,,resName,UNL
,,,ligandAtoms.2
,,,,atomIndex,41
,,,,atomName,C7
,,,,chain,X
,,,,resID,1
,,,,resName,UNL
,,,ligandAtoms.3
,,,,atomIndex,40
,,,,atomName,C8
,,,,chain,X
,,,,resID,1
,,,,resName,UNL
,,,ligandAtoms.4
,,,,atomIndex,39
,,,,atomName,C9
,,,,chain,X
,,,,resID,1
,,,,resName,UNL
,,,ligandAtoms.5
,,,,atomIndex,38
,,,,atomName,C10
,,,,chain,X
,,,,resID,1
,,,,resName,UNL
,,,ligandAtoms.6
,,,,atomIndex,43
,,,,atomName,C11
,,,,chain,X
,,,,resID,1
,,,,resName,UNL
,,metrics
,,,angle,20.743143836195372
,,,distance,7.143964846093674
,,receptorAtoms
,,,receptorAtoms.1
,,,,atomIndex,882
,,,,atomName,CG
,,,,chain,X
,,,,resID,317
,,,,resName,PHE
,,,receptorAtoms.2
,,,,atomIndex,883
,,,,atomName,CD1
,,,,chain,X
,,,,resID,317
,,,,resName,PHE
,,,receptorAtoms.3
,,,,atomIndex,885
,,,,atomName,CE1
,,,,chain,X
,,,,resID,317
,,,,resName,PHE
,,,receptorAtoms.4
,,,,atomIndex,887
,,,,atomName,CZ
,,,,chain,X
,,,,resID,317
,,,,resName,PHE
,,,receptorAtoms.5
,,,,atomIndex,886
,,,,atomName,CE2
,,,,chain,X
,,,,resID,317
,,,,resName,PHE
,,,receptorAtoms.6
,,,,atomIndex,884
,,,,atomName,CD2
,,,,chain,X
,,,,resID,317
,,,,resName,PHE
,piPiStackingInteractions.6
,,ligandAtoms
,,,ligandAtoms.1
,,,,atomIndex,43
,,,,atomName,C11
,,,,chain,X
,,,,resID,1
,,,,resName,UNL
,,,ligandAtoms.2
,,,,atomIndex,38
,,,,atomName,C10
,,,,chain,X
,,,,resID,1
,,,,resName,UNL
,,,ligandAtoms.3
,,,,atomIndex,39
,,,,atomName,C9
,,,,chain,X
,,,,resID,1
,,,,resName,UNL
,,,ligandAtoms.4
,,,,atomIndex,40
,,,,atomName,C8
,,,,chain,X
,,,,resID,1
,,,,resName,UNL
,,,ligandAtoms.5
,,,,atomIndex,41
,,,,atomName,C7
,,,,chain,X
,,,,resID,1
,,,,resName,UNL
,,,ligandAtoms.6
,,,,atomIndex,42
,,,,atomName,C12
,,,,chain,X
,,,,resID,1
,,,,resName,UNL
,,metrics
,,,angle,20.770782144697364
,,,distance,7.143964846093673
,,receptorAtoms
,,,receptorAtoms.1
,,,,atomIndex,882
,,,,atomName,CG
,,,,chain,X
,,,,resID,317
,,,,resName,PHE
,,,receptorAtoms.2
,,,,atomIndex,883
,,,,atomName,CD1
,,,,chain,X
,,,,resID,317
,,,,resName,PHE
,,,receptorAtoms.3
,,,,atomIndex,885
,,,,atomName,CE1
,,,,chain,X
,,,,resID,317
,,,,resName,PHE
,,,receptorAtoms.4
,,,,atomIndex,887
,,,,atomName,CZ
,,,,chain,X
,,,,resID,317
,,,,resName,PHE
,,,receptorAtoms.5
,,,,atomIndex,886
,,,,atomName,CE2
,,,,chain,X
,,,,resID,317
,,,,resName,PHE
,,,receptorAtoms.6
,,,,atomIndex,884
,,,,atomName,CD2
,,,,chain,X
,,,,resID,317
,,,,resName,PHE
saltBridges
,ligandAtoms
,,ligandAtoms.1
,,,atomIndex,22
,,,atomName,N6
,,,chain,X
,,,resID,1
,,,resName,UNL
,,ligandAtoms.2
,,,atomIndex,21
,,,atomName,C33
,,,chain,X
,,,resID,1
,,,resName,UNL
,,ligandAtoms.3
,,,atomIndex,23
,,,atomName,C34
,,,chain,X
,,,resID,1
,,,resName,UNL
,,ligandAtoms.4
,,,atomIndex,27
,,,atomName,C38
,,,chain,X
,,,resID,1
,,,resName,UNL
,metrics
,,distance,4.9722666360524155
,receptorAtoms
,,receptorAtoms.1
,,,atomIndex,544
,,,atomName,CD
,,,chain,X
,,,resID,282
,,,resName,GLU
,,receptorAtoms.2
,,,atomIndex,545
,,,atomName,OE1
,,,chain,X
,,,resID,282
,,,resName,GLU
,,receptorAtoms.3
,,,atomIndex,546
,,,atomName,OE2
,,,chain,X
,,,resID,282
,,,resName,GLU
tStackingInteractions
,tStackingInteractions.1
,,ligandAtoms
,,,ligandAtoms.1
,,,,atomIndex,38
,,,,atomName,C10
,,,,chain,X
,,,,resID,1
,,,,resName,UNL
,,,ligandAtoms.2
,,,,atomIndex,39
,,,,atomName,C9
,,,,chain,X
,,,,resID,1
,,,,resName,UNL
,,,ligandAtoms.3
,,,,atomIndex,40
,,,,atomName,C8
,,,,chain,X
,,,,resID,1
,,,,resName,UNL
,,,ligandAtoms.4
,,,,atomIndex,41
,,,,atomName,C7
,,,,chain,X
,,,,resID,1
,,,,resName,UNL
,,,ligandAtoms.5
,,,,atomIndex,42
,,,,atomName,C12
,,,,chain,X
,,,,resID,1
,,,,resName,UNL
,,,ligandAtoms.6
,,,,atomIndex,43
,,,,atomName,C11
,,,,chain,X
,,,,resID,1
,,,,resName,UNL
,,metrics
,,,angle,70.95307288054276
,,,distance,4.364936311104665
,,receptorAtoms
,,,receptorAtoms.1
,,,,atomIndex,1528
,,,,atomName,CG
,,,,chain,X
,,,,resID,382
,,,,resName,PHE
,,,receptorAtoms.2
,,,,atomIndex,1529
,,,,atomName,CD1
,,,,chain,X
,,,,resID,382
,,,,resName,PHE
,,,receptorAtoms.3
,,,,atomIndex,1531
,,,,atomName,CE1
,,,,chain,X
,,,,resID,382
,,,,resName,PHE
,,,receptorAtoms.4
,,,,atomIndex,1533
,,,,atomName,CZ
,,,,chain,X
,,,,resID,382
,,,,resName,PHE
,,,receptorAtoms.5
,,,,atomIndex,1532
,,,,atomName,CE2
,,,,chain,X
,,,,resID,382
,,,,resName,PHE
,,,receptorAtoms.6
,,,,atomIndex,1530
,,,,atomName,CD2
,,,,chain,X
,,,,resID,382
,,,,resName,PHE
,tStackingInteractions.2
,,ligandAtoms
,,,ligandAtoms.1
,,,,atomIndex,39
,,,,atomName,C9
,,,,chain,X
,,,,resID,1
,,,,resName,UNL
,,,ligandAtoms.2
,,,,atomIndex,38
,,,,atomName,C10
,,,,chain,X
,,,,resID,1
,,,,resName,UNL
,,,ligandAtoms.3
,,,,atomIndex,43
,,,,atomName,C11
,,,,chain,X
,,,,resID,1
,,,,resName,UNL
,,,ligandAtoms.4
,,,,atomIndex,42
,,,,atomName,C12
,,,,chain,X
,,,,resID,1
,,,,resName,UNL
,,,ligandAtoms.5
,,,,atomIndex,41
,,,,atomName,C7
,,,,chain,X
,,,,resID,1
,,,,resName,UNL
,,,ligandAtoms.6
,,,,atomIndex,40
,,,,atomName,C8
,,,,chain,X
,,,,resID,1
,,,,resName,UNL
,,metrics
,,,angle,71.73028067299924
,,,distance,5.058904426849749
,,receptorAtoms
,,,receptorAtoms.1
,,,,atomIndex,1528
,,,,atomName,CG
,,,,chain,X
,,,,resID,382
,,,,resName,PHE
,,,receptorAtoms.2
,,,,atomIndex,1529
,,,,atomName,CD1
,,,,chain,X
,,,,resID,382
,,,,resName,PHE
,,,receptorAtoms.3
,,,,atomIndex,1531
,,,,atomName,CE1
,,,,chain,X
,,,,resID,382
,,,,resName,PHE
,,,receptorAtoms.4
,,,,atomIndex,1533
,,,,atomName,CZ
,,,,chain,X
,,,,resID,382
,,,,resName,PHE
,,,receptorAtoms.5
,,,,atomIndex,1532
,,,,atomName,CE2
,,,,chain,X
,,,,resID,382
,,,,resName,PHE
,,,receptorAtoms.6
,,,,atomIndex,1530
,,,,atomName,CD2
,,,,chain,X
,,,,resID,382
,,,,resName,PHE
,tStackingInteractions.3
,,ligandAtoms
,,,ligandAtoms.1
,,,,atomIndex,40
,,,,atomName,C8
,,,,chain,X
,,,,resID,1
,,,,resName,UNL
,,,ligandAtoms.2
,,,,atomIndex,39
,,,,atomName,C9
,,,,chain,X
,,,,resID,1
,,,,resName,UNL
,,,ligandAtoms.3
,,,,atomIndex,38
,,,,atomName,C10
,,,,chain,X
,,,,resID,1
,,,,resName,UNL
,,,ligandAtoms.4
,,,,atomIndex,43
,,,,atomName,C11
,,,,chain,X
,,,,resID,1
,,,,resName,UNL
,,,ligandAtoms.5
,,,,atomIndex,42
,,,,atomName,C12
,,,,chain,X
,,,,resID,1
,,,,resName,UNL
,,,ligandAtoms.6
,,,,atomIndex,41
,,,,atomName,C7
,,,,chain,X
,,,,resID,1
,,,,resName,UNL
,,metrics
,,,angle,70.95307288054278
,,,distance,4.758337734965854
,,receptorAtoms
,,,receptorAtoms.1
,,,,atomIndex,1528
,,,,atomName,CG
,,,,chain,X
,,,,resID,382
,,,,resName,PHE
,,,receptorAtoms.2
,,,,atomIndex,1529
,,,,atomName,CD1
,,,,chain,X
,,,,resID,382
,,,,resName,PHE
,,,receptorAtoms.3
,,,,atomIndex,1531
,,,,atomName,CE1
,,,,chain,X
,,,,resID,382
,,,,resName,PHE
,,,receptorAtoms.4
,,,,atomIndex,1533
,,,,atomName,CZ
,,,,chain,X
,,,,resID,382
,,,,resName,PHE
,,,receptorAtoms.5
,,,,atomIndex,1532
,,,,atomName,CE2
,,,,chain,X
,,,,resID,382
,,,,resName,PHE
,,,receptorAtoms.6
,,,,atomIndex,1530
,,,,atomName,CD2
,,,,chain,X
,,,,resID,382
,,,,resName,PHE
,tStackingInteractions.4
,,ligandAtoms
,,,ligandAtoms.1
,,,,atomIndex,41
,,,,atomName,C7
,,,,chain,X
,,,,resID,1
,,,,resName,UNL
,,,ligandAtoms.2
,,,,atomIndex,40
,,,,atomName,C8
,,,,chain,X
,,,,resID,1
,,,,resName,UNL
,,,ligandAtoms.3
,,,,atomIndex,39
,,,,atomName,C9
,,,,chain,X
,,,,resID,1
,,,,resName,UNL
,,,ligandAtoms.4
,,,,atomIndex,38
,,,,atomName,C10
,,,,chain,X
,,,,resID,1
,,,,resName,UNL
,,,ligandAtoms.5
,,,,atomIndex,43
,,,,atomName,C11
,,,,chain,X
,,,,resID,1
,,,,resName,UNL
,,,ligandAtoms.6
,,,,atomIndex,42
,,,,atomName,C12
,,,,chain,X
,,,,resID,1
,,,,resName,UNL
,,metrics
,,,angle,71.73028067299924
,,,distance,4.38608766442259
,,receptorAtoms
,,,receptorAtoms.1
,,,,atomIndex,1528
,,,,atomName,CG
,,,,chain,X
,,,,resID,382
,,,,resName,PHE
,,,receptorAtoms.2
,,,,atomIndex,1529
,,,,atomName,CD1
,,,,chain,X
,,,,resID,382
,,,,resName,PHE
,,,receptorAtoms.3
,,,,atomIndex,1531
,,,,atomName,CE1
,,,,chain,X
,,,,resID,382
,,,,resName,PHE
,,,receptorAtoms.4
,,,,atomIndex,1533
,,,,atomName,CZ
,,,,chain,X
,,,,resID,382
,,,,resName,PHE
,,,receptorAtoms.5
,,,,atomIndex,1532
,,,,atomName,CE2
,,,,chain,X
,,,,resID,382
,,,,resName,PHE
,,,receptorAtoms.6
,,,,atomIndex,1530
,,,,atomName,CD2
,,,,chain,X
,,,,resID,382
,,,,resName,PHE
,tStackingInteractions.5
,,ligandAtoms
,,,ligandAtoms.1
,,,,atomIndex,42
,,,,atomName,C12
,,,,chain,X
,,,,resID,1
,,,,resName,UNL
,,,ligandAtoms.2
,,,,atomIndex,41
,,,,atomName,C7
,,,,chain,X
,,,,resID,1
,,,,resName,UNL
,,,ligandAtoms.3
,,,,atomIndex,40
,,,,atomName,C8
,,,,chain,X
,,,,resID,1
,,,,resName,UNL
,,,ligandAtoms.4
,,,,atomIndex,39
,,,,atomName,C9
,,,,chain,X
,,,,resID,1
,,,,resName,UNL
,,,ligandAtoms.5
,,,,atomIndex,38
,,,,atomName,C10
,,,,chain,X
,,,,resID,1
,,,,resName,UNL
,,,ligandAtoms.6
,,,,atomIndex,43
,,,,atomName,C11
,,,,chain,X
,,,,resID,1
,,,,resName,UNL
,,metrics
,,,angle,70.95307288054278
,,,distance,4.364936311104665
,,receptorAtoms
,,,receptorAtoms.1
,,,,atomIndex,1528
,,,,atomName,CG
,,,,chain,X
,,,,resID,382
,,,,resName,PHE
,,,receptorAtoms.2
,,,,atomIndex,1529
,,,,atomName,CD1
,,,,chain,X
,,,,resID,382
,,,,resName,PHE
,,,receptorAtoms.3
,,,,atomIndex,1531
,,,,atomName,CE1
,,,,chain,X
,,,,resID,382
,,,,resName,PHE
,,,receptorAtoms.4
,,,,atomIndex,1533
,,,,atomName,CZ
,,,,chain,X
,,,,resID,382
,,,,resName,PHE
,,,receptorAtoms.5
,,,,atomIndex,1532
,,,,atomName,CE2
,,,,chain,X
,,,,resID,382
,,,,resName,PHE
,,,receptorAtoms.6
,,,,atomIndex,1530
,,,,atomName,CD2
,,,,chain,X
,,,,resID,382
,,,,resName,PHE
,tStackingInteractions.6
,,ligandAtoms
,,,ligandAtoms.1
,,,,atomIndex,43
,,,,atomName,C11
,,,,chain,X
,,,,resID,1
,,,,resName,UNL
,,,ligandAtoms.2
,,,,atomIndex,38
,,,,atomName,C10
,,,,chain,X
,,,,resID,1
,,,,resName,UNL
,,,ligandAtoms.3
,,,,atomIndex,39
,,,,atomName,C9
,,,,chain,X
,,,,resID,1
,,,,resName,UNL
,,,ligandAtoms.4
,,,,atomIndex,40
,,,,atomName,C8
,,,,chain,X
,,,,resID,1
,,,,resName,UNL
,,,ligandAtoms.5
,,,,atomIndex,41
,,,,atomName,C7
,,,,chain,X
,,,,resID,1
,,,,resName,UNL
,,,ligandAtoms.6
,,,,atomIndex,42
,,,,atomName,C12
,,,,chain,X
,,,,resID,1
,,,,resName,UNL
,,metrics
,,,angle,71.73028067299923
,,,distance,4.38608766442259
,,receptorAtoms
,,,receptorAtoms.1
,,,,atomIndex,1528
,,,,atomName,CG
,,,,chain,X
,,,,resID,382
,,,,resName,PHE
,,,receptorAtoms.2
,,,,atomIndex,1529
,,,,atomName,CD1
,,,,chain,X
,,,,resID,382
,,,,resName,PHE
,,,receptorAtoms.3
,,,,atomIndex,1531
,,,,atomName,CE1
,,,,chain,X
,,,,resID,382
,,,,resName,PHE
,,,receptorAtoms.4
,,,,atomIndex,1533
,,,,atomName,CZ
,,,,chain,X
,,,,resID,382
,,,,resName,PHE
,,,receptorAtoms.5
,,,,atomIndex,1532
,,,,atomName,CE2
,,,,chain,X
,,,,resID,382
,,,,resName,PHE
,,,receptorAtoms.6
,,,,atomIndex,1530
,,,,atomName,CD2
,,,,chain,X
,,,,resID,382
,,,,resName,PHE
