activeSiteFlexibility
,BACKBONE_ALPHA,8
,BACKBONE_BETA,29
,BACKBONE_OTHER,72
,SIDECHAIN_ALPHA,33
,SIDECHAIN_BETA,44
,SIDECHAIN_OTHER,78
cationPiInteractions,none
closeContacts
,closeContacts.1
,,ligandAtoms
,,,atomIndex,1
,,,atomName,C12
,,,chain,X
,,,resID,1
,,,resName,UNL
,,metrics
,,,distance,3.4577411701861083
,,receptorAtoms
,,,atomIndex,419
,,,atomName,CB
,,,chain,X
,,,resID,269
,,,resName,ALA
,closeContacts.2
,,ligandAtoms
,,,atomIndex,1
,,,atomName,C12
,,,chain,X
,,,resID,1
,,,resName,UNL
,,metrics
,,,distance,3.827266518025626
,,receptorAtoms
,,,atomIndex,1532
,,,atomName,CE2
,,,chain,X
,,,resID,382
,,,resName,PHE
,closeContacts.3
,,ligandAtoms
,,,atomIndex,2
,,,atomName,C13
,,,chain,X
,,,resID,1
,,,resName,UNL
,,metrics
,,,distance,3.9928273190810555
,,receptorAtoms
,,,atomIndex,284
,,,atomName,CB
,,,chain,X
,,,resID,256
,,,resName,VAL
,closeContacts.4
,,ligandAtoms
,,,atomIndex,2
,,,atomName,C13
,,,chain,X
,,,resID,1
,,,resName,UNL
,,metrics
,,,distance,3.865406058876609
,,receptorAtoms
,,,atomIndex,285
,,,atomName,CG1
,,,chain,X
,,,resID,256
,,,resName,VAL
,closeContacts.5
,,ligandAtoms
,,,atomIndex,2
,,,atomName,C13
,,,chain,X
,,,resID,1
,,,resName,UNL
,,metrics
,,,distance,3.519692884329543
,,receptorAtoms
,,,atomIndex,417
,,,atomName,C
,,,chain,X
,,,resID,269
,,,resName,ALA
,closeContacts.6
,,ligandAtoms
,,,atomIndex,2
,,,atomName,C13
,,,chain,X
,,,resID,1
,,,resName,UNL
,,metrics
,,,distance,3.7383052309836886
,,receptorAtoms
,,,atomIndex,418
,,,atomName,O
,,,chain,X
,,,resID,269
,,,resName,ALA
,closeContacts.7
,,ligandAtoms
,,,atomIndex,2
,,,atomName,C13
,,,chain,X
,,,resID,1
,,,resName,UNL
,,metrics
,,,distance,3.451718557472496
,,receptorAtoms
,,,atomIndex,419
,,,atomName,CB
,,,chain,X
,,,resID,269
,,,resName,ALA
,closeContacts.8
,,ligandAtoms
,,,atomIndex,2
,,,atomName,C13
,,,chain,X
,,,resID,1
,,,resName,UNL
,,metrics
,,,distance,3.4990482991807936
,,receptorAtoms
,,,atomIndex,421
,,,atomName,N
,,,chain,X
,,,resID,270
,,,resName,VAL
,closeContacts.9
,,ligandAtoms
,,,atomIndex,2
,,,atomName,C13
,,,chain,X
,,,resID,1
,,,resName,UNL
,,metrics
,,,distance,3.865142817542452
,,receptorAtoms
,,,atomIndex,422
,,,atomName,CA
,,,chain,X
,,,resID,270
,,,resName,VAL
,closeContacts.10
,,ligandAtoms
,,,atomIndex,2
,,,atomName,C13
,,,chain,X
,,,resID,1
,,,resName,UNL
,,metrics
,,,distance,3.6113341025166874
,,receptorAtoms
,,,atomIndex,423
,,,atomName,C
,,,chain,X
,,,resID,270
,,,resName,VAL
,closeContacts.11
,,ligandAtoms
,,,atomIndex,2
,,,atomName,C13
,,,chain,X
,,,resID,1
,,,resName,UNL
,,metrics
,,,distance,3.819253984746238
,,receptorAtoms
,,,atomIndex,428
,,,atomName,H
,,,chain,X
,,,resID,270
,,,resName,VAL
,closeContacts.12
,,ligandAtoms
,,,atomIndex,2
,,,atomName,C13
,,,chain,X
,,,resID,1
,,,resName,UNL
,,metrics
,,,distance,3.519200193225728
,,receptorAtoms
,,,atomIndex,429
,,,atomName,N
,,,chain,X
,,,resID,271
,,,resName,LYS
,closeContacts.13
,,ligandAtoms
,,,atomIndex,2
,,,atomName,C13
,,,chain,X
,,,resID,1
,,,resName,UNL
,,metrics
,,,distance,3.553269058205415
,,receptorAtoms
,,,atomIndex,438
,,,atomName,H
,,,chain,X
,,,resID,271
,,,resName,LYS
,closeContacts.14
,,ligandAtoms
,,,atomIndex,3
,,,atomName,C14
,,,chain,X
,,,resID,1
,,,resName,UNL
,,metrics
,,,distance,3.9635727569958896
,,receptorAtoms
,,,atomIndex,417
,,,atomName,C
,,,chain,X
,,,resID,269
,,,resName,ALA
,closeContacts.15
,,ligandAtoms
,,,atomIndex,3
,,,atomName,C14
,,,chain,X
,,,resID,1
,,,resName,UNL
,,metrics
,,,distance,3.8146046977373675
,,receptorAtoms
,,,atomIndex,418
,,,atomName,O
,,,chain,X
,,,resID,269
,,,resName,ALA
,closeContacts.16
,,ligandAtoms
,,,atomIndex,3
,,,atomName,C14
,,,chain,X
,,,resID,1
,,,resName,UNL
,,metrics
,,,distance,3.909830942636776
,,receptorAtoms
,,,atomIndex,421
,,,atomName,N
,,,chain,X
,,,resID,270
,,,resName,VAL
,closeContacts.17
,,ligandAtoms
,,,atomIndex,3
,,,atomName,C14
,,,chain,X
,,,resID,1
,,,resName,UNL
,,metrics
,,,distance,3.7949624504071173
,,receptorAtoms
,,,atomIndex,422
,,,atomName,CA
,,,chain,X
,,,resID,270
,,,resName,VAL
,closeContacts.18
,,ligandAtoms
,,,atomIndex,3
,,,atomName,C14
,,,chain,X
,,,resID,1
,,,resName,UNL
,,metrics
,,,distance,3.4749798560567227
,,receptorAtoms
,,,atomIndex,423
,,,atomName,C
,,,chain,X
,,,resID,270
,,,resName,VAL
,closeContacts.19
,,ligandAtoms
,,,atomIndex,3
,,,atomName,C14
,,,chain,X
,,,resID,1
,,,resName,UNL
,,metrics
,,,distance,2.9232599952792424
,,receptorAtoms
,,,atomIndex,429
,,,atomName,N
,,,chain,X
,,,resID,271
,,,resName,LYS
,closeContacts.20
,,ligandAtoms
,,,atomIndex,3
,,,atomName,C14
,,,chain,X
,,,resID,1
,,,resName,UNL
,,metrics
,,,distance,3.614289556745558
,,receptorAtoms
,,,atomIndex,430
,,,atomName,CA
,,,chain,X
,,,resID,271
,,,resName,LYS
,closeContacts.21
,,ligandAtoms
,,,atomIndex,3
,,,atomName,C14
,,,chain,X
,,,resID,1
,,,resName,UNL
,,metrics
,,,distance,3.2686683833022907
,,receptorAtoms
,,,atomIndex,433
,,,atomName,CB
,,,chain,X
,,,resID,271
,,,resName,LYS
,closeContacts.22
,,ligandAtoms
,,,atomIndex,3
,,,atomName,C14
,,,chain,X
,,,resID,1
,,,resName,UNL
,,metrics
,,,distance,2.6473469738589235
,,receptorAtoms
,,,atomIndex,438
,,,atomName,H
,,,chain,X
,,,resID,271
,,,resName,LYS
,closeContacts.23
,,ligandAtoms
,,,atomIndex,3
,,,atomName,C14
,,,chain,X
,,,resID,1
,,,resName,UNL
,,metrics
,,,distance,3.301204174237031
,,receptorAtoms
,,,atomIndex,843
,,,atomName,O
,,,chain,X
,,,resID,313
,,,resName,ILE
,closeContacts.24
,,ligandAtoms
,,,atomIndex,4
,,,atomName,C15
,,,chain,X
,,,resID,1
,,,resName,UNL
,,metrics
,,,distance,3.7153975561169763
,,receptorAtoms
,,,atomIndex,433
,,,atomName,CB
,,,chain,X
,,,resID,271
,,,resName,LYS
,closeContacts.25
,,ligandAtoms
,,,atomIndex,4
,,,atomName,C15
,,,chain,X
,,,resID,1
,,,resName,UNL
,,metrics
,,,distance,3.5599151675285747
,,receptorAtoms
,,,atomIndex,438
,,,atomName,H
,,,chain,X
,,,resID,271
,,,resName,LYS
,closeContacts.26
,,ligandAtoms
,,,atomIndex,4
,,,atomName,C15
,,,chain,X
,,,resID,1
,,,resName,UNL
,,metrics
,,,distance,3.7269667291243684
,,receptorAtoms
,,,atomIndex,843
,,,atomName,O
,,,chain,X
,,,resID,313
,,,resName,ILE
,closeContacts.27
,,ligandAtoms
,,,atomIndex,4
,,,atomName,C15
,,,chain,X
,,,resID,1
,,,resName,UNL
,,metrics
,,,distance,3.9797513741438664
,,receptorAtoms
,,,atomIndex,846
,,,atomName,CG2
,,,chain,X
,,,resID,313
,,,resName,ILE
,closeContacts.28
,,ligandAtoms
,,,atomIndex,5
,,,atomName,C16
,,,chain,X
,,,resID,1
,,,resName,UNL
,,metrics
,,,distance,3.978271106900584
,,receptorAtoms
,,,atomIndex,865
,,,atomName,CD1
,,,chain,X
,,,resID,315
,,,resName,ILE
,closeContacts.29
,,ligandAtoms
,,,atomIndex,6
,,,atomName,C17
,,,chain,X
,,,resID,1
,,,resName,UNL
,,metrics
,,,distance,3.9374603490067046
,,receptorAtoms
,,,atomIndex,863
,,,atomName,CG1
,,,chain,X
,,,resID,315
,,,resName,ILE
,closeContacts.30
,,ligandAtoms
,,,atomIndex,6
,,,atomName,C17
,,,chain,X
,,,resID,1
,,,resName,UNL
,,metrics
,,,distance,3.7356941791319054
,,receptorAtoms
,,,atomIndex,865
,,,atomName,CD1
,,,chain,X
,,,resID,315
,,,resName,ILE
,closeContacts.31
,,ligandAtoms
,,,atomIndex,6
,,,atomName,C17
,,,chain,X
,,,resID,1
,,,resName,UNL
,,metrics
,,,distance,3.534778210864155
,,receptorAtoms
,,,atomIndex,1532
,,,atomName,CE2
,,,chain,X
,,,resID,382
,,,resName,PHE
,closeContacts.32
,,ligandAtoms
,,,atomIndex,7
,,,atomName,C11
,,,chain,X
,,,resID,1
,,,resName,UNL
,,metrics
,,,distance,3.0908307944628732
,,receptorAtoms
,,,atomIndex,419
,,,atomName,CB
,,,chain,X
,,,resID,269
,,,resName,ALA
,closeContacts.33
,,ligandAtoms
,,,atomIndex,7
,,,atomName,C11
,,,chain,X
,,,resID,1
,,,resName,UNL
,,metrics
,,,distance,3.581759623425335
,,receptorAtoms
,,,atomIndex,1532
,,,atomName,CE2
,,,chain,X
,,,resID,382
,,,resName,PHE
,closeContacts.34
,,ligandAtoms
,,,atomIndex,8
,,,atomName,N4
,,,chain,X
,,,resID,1
,,,resName,UNL
,,metrics
,,,distance,3.37029746461644
,,receptorAtoms
,,,atomIndex,419
,,,atomName,CB
,,,chain,X
,,,resID,269
,,,resName,ALA
,closeContacts.35
,,ligandAtoms
,,,atomIndex,8
,,,atomName,N4
,,,chain,X
,,,resID,1
,,,resName,UNL
,,metrics
,,,distance,3.6976303222469378
,,receptorAtoms
,,,atomIndex,1532
,,,atomName,CE2
,,,chain,X
,,,resID,382
,,,resName,PHE
,closeContacts.36
,,ligandAtoms
,,,atomIndex,8
,,,atomName,N4
,,,chain,X
,,,resID,1
,,,resName,UNL
,,metrics
,,,distance,3.7023735629998225
,,receptorAtoms
,,,atomIndex,1533
,,,atomName,CZ
,,,chain,X
,,,resID,382
,,,resName,PHE
,closeContacts.37
,,ligandAtoms
,,,atomIndex,9
,,,atomName,H34
,,,chain,X
,,,resID,1
,,,resName,UNL
,,metrics
,,,distance,3.4794421966746345
,,receptorAtoms
,,,atomIndex,419
,,,atomName,CB
,,,chain,X
,,,resID,269
,,,resName,ALA
,closeContacts.38
,,ligandAtoms
,,,atomIndex,9
,,,atomName,H34
,,,chain,X
,,,resID,1
,,,resName,UNL
,,metrics
,,,distance,3.600398033551291
,,receptorAtoms
,,,atomIndex,863
,,,atomName,CG1
,,,chain,X
,,,resID,315
,,,resName,ILE
,closeContacts.39
,,ligandAtoms
,,,atomIndex,9
,,,atomName,H34
,,,chain,X
,,,resID,1
,,,resName,UNL
,,metrics
,,,distance,3.1635209814382454
,,receptorAtoms
,,,atomIndex,865
,,,atomName,CD1
,,,chain,X
,,,resID,315
,,,resName,ILE
,closeContacts.40
,,ligandAtoms
,,,atomIndex,9
,,,atomName,H34
,,,chain,X
,,,resID,1
,,,resName,UNL
,,metrics
,,,distance,3.6899464765765906
,,receptorAtoms
,,,atomIndex,1420
,,,atomName,CD1
,,,chain,X
,,,resID,370
,,,resName,LEU
,closeContacts.41
,,ligandAtoms
,,,atomIndex,10
,,,atomName,O2
,,,chain,X
,,,resID,1
,,,resName,UNL
,,metrics
,,,distance,3.6851226573887605
,,receptorAtoms
,,,atomIndex,221
,,,atomName,CD1
,,,chain,X
,,,resID,248
,,,resName,LEU
,closeContacts.42
,,ligandAtoms
,,,atomIndex,10
,,,atomName,O2
,,,chain,X
,,,resID,1
,,,resName,UNL
,,metrics
,,,distance,3.226296018656688
,,receptorAtoms
,,,atomIndex,284
,,,atomName,CB
,,,chain,X
,,,resID,256
,,,resName,VAL
,closeContacts.43
,,ligandAtoms
,,,atomIndex,10
,,,atomName,O2
,,,chain,X
,,,resID,1
,,,resName,UNL
,,metrics
,,,distance,3.7767671360569754
,,receptorAtoms
,,,atomIndex,285
,,,atomName,CG1
,,,chain,X
,,,resID,256
,,,resName,VAL
,closeContacts.44
,,ligandAtoms
,,,atomIndex,10
,,,atomName,O2
,,,chain,X
,,,resID,1
,,,resName,UNL
,,metrics
,,,distance,3.524887090390272
,,receptorAtoms
,,,atomIndex,286
,,,atomName,CG2
,,,chain,X
,,,resID,256
,,,resName,VAL
,closeContacts.45
,,ligandAtoms
,,,atomIndex,10
,,,atomName,O2
,,,chain,X
,,,resID,1
,,,resName,UNL
,,metrics
,,,distance,3.2658320532446248
,,receptorAtoms
,,,atomIndex,419
,,,atomName,CB
,,,chain,X
,,,resID,269
,,,resName,ALA
,closeContacts.46
,,ligandAtoms
,,,atomIndex,10
,,,atomName,O2
,,,chain,X
,,,resID,1
,,,resName,UNL
,,metrics
,,,distance,3.9907695999643966
,,receptorAtoms
,,,atomIndex,1532
,,,atomName,CE2
,,,chain,X
,,,resID,382
,,,resName,PHE
,closeContacts.47
,,ligandAtoms
,,,atomIndex,11
,,,atomName,C9
,,,chain,X
,,,resID,1
,,,resName,UNL
,,metrics
,,,distance,3.933463105203862
,,receptorAtoms
,,,atomIndex,419
,,,atomName,CB
,,,chain,X
,,,resID,269
,,,resName,ALA
,closeContacts.48
,,ligandAtoms
,,,atomIndex,11
,,,atomName,C9
,,,chain,X
,,,resID,1
,,,resName,UNL
,,metrics
,,,distance,3.9249872611258243
,,receptorAtoms
,,,atomIndex,1420
,,,atomName,CD1
,,,chain,X
,,,resID,370
,,,resName,LEU
,closeContacts.49
,,ligandAtoms
,,,atomIndex,11
,,,atomName,C9
,,,chain,X
,,,resID,1
,,,resName,UNL
,,metrics
,,,distance,3.618225670131701
,,receptorAtoms
,,,atomIndex,1421
,,,atomName,CD2
,,,chain,X
,,,resID,370
,,,resName,LEU
,closeContacts.50
,,ligandAtoms
,,,atomIndex,11
,,,atomName,C9
,,,chain,X
,,,resID,1
,,,resName,UNL
,,metrics
,,,distance,3.90545503110713
,,receptorAtoms
,,,atomIndex,1533
,,,atomName,CZ
,,,chain,X
,,,resID,382
,,,resName,PHE
,closeContacts.51
,,ligandAtoms
,,,atomIndex,12
,,,atomName,C10
,,,chain,X
,,,resID,1
,,,resName,UNL
,,metrics
,,,distance,3.6352123734384487
,,receptorAtoms
,,,atomIndex,1421
,,,atomName,CD2
,,,chain,X
,,,resID,370
,,,resName,LEU
,closeContacts.52
,,ligandAtoms
,,,atomIndex,12
,,,atomName,C10
,,,chain,X
,,,resID,1
,,,resName,UNL
,,metrics
,,,distance,3.8616795568767737
,,receptorAtoms
,,,atomIndex,1533
,,,atomName,CZ
,,,chain,X
,,,resID,382
,,,resName,PHE
,closeContacts.53
,,ligandAtoms
,,,atomIndex,13
,,,atomName,C7
,,,chain,X
,,,resID,1
,,,resName,UNL
,,metrics
,,,distance,3.995742859594448
,,receptorAtoms
,,,atomIndex,922
,,,atomName,CA
,,,chain,X
,,,resID,321
,,,resName,GLY
,closeContacts.54
,,ligandAtoms
,,,atomIndex,13
,,,atomName,C7
,,,chain,X
,,,resID,1
,,,resName,UNL
,,metrics
,,,distance,3.2926635115055407
,,receptorAtoms
,,,atomIndex,1421
,,,atomName,CD2
,,,chain,X
,,,resID,370
,,,resName,LEU
,closeContacts.55
,,ligandAtoms
,,,atomIndex,14
,,,atomName,C8
,,,chain,X
,,,resID,1
,,,resName,UNL
,,metrics
,,,distance,3.6036793697553056
,,receptorAtoms
,,,atomIndex,892
,,,atomName,O
,,,chain,X
,,,resID,318
,,,resName,MET
,closeContacts.56
,,ligandAtoms
,,,atomIndex,14
,,,atomName,C8
,,,chain,X
,,,resID,1
,,,resName,UNL
,,metrics
,,,distance,3.9869242531053937
,,receptorAtoms
,,,atomIndex,893
,,,atomName,CB
,,,chain,X
,,,resID,318
,,,resName,MET
,closeContacts.57
,,ligandAtoms
,,,atomIndex,14
,,,atomName,C8
,,,chain,X
,,,resID,1
,,,resName,UNL
,,metrics
,,,distance,3.115324220687149
,,receptorAtoms
,,,atomIndex,897
,,,atomName,H
,,,chain,X
,,,resID,318
,,,resName,MET
,closeContacts.58
,,ligandAtoms
,,,atomIndex,14
,,,atomName,C8
,,,chain,X
,,,resID,1
,,,resName,UNL
,,metrics
,,,distance,3.998856586575718
,,receptorAtoms
,,,atomIndex,922
,,,atomName,CA
,,,chain,X
,,,resID,321
,,,resName,GLY
,closeContacts.59
,,ligandAtoms
,,,atomIndex,14
,,,atomName,C8
,,,chain,X
,,,resID,1
,,,resName,UNL
,,metrics
,,,distance,3.067942959052532
,,receptorAtoms
,,,atomIndex,1421
,,,atomName,CD2
,,,chain,X
,,,resID,370
,,,resName,LEU
,closeContacts.60
,,ligandAtoms
,,,atomIndex,15
,,,atomName,N3
,,,chain,X
,,,resID,1
,,,resName,UNL
,,metrics
,,,distance,3.790753355205267
,,receptorAtoms
,,,atomIndex,889
,,,atomName,N
,,,chain,X
,,,resID,318
,,,resName,MET
,closeContacts.61
,,ligandAtoms
,,,atomIndex,15
,,,atomName,N3
,,,chain,X
,,,resID,1
,,,resName,UNL
,,metrics
,,,distance,2.859132036125647
,,receptorAtoms
,,,atomIndex,897
,,,atomName,H
,,,chain,X
,,,resID,318
,,,resName,MET
,closeContacts.62
,,ligandAtoms
,,,atomIndex,15
,,,atomName,N3
,,,chain,X
,,,resID,1
,,,resName,UNL
,,metrics
,,,distance,3.629964324893567
,,receptorAtoms
,,,atomIndex,1420
,,,atomName,CD1
,,,chain,X
,,,resID,370
,,,resName,LEU
,closeContacts.63
,,ligandAtoms
,,,atomIndex,15
,,,atomName,N3
,,,chain,X
,,,resID,1
,,,resName,UNL
,,metrics
,,,distance,3.320362179040112
,,receptorAtoms
,,,atomIndex,1421
,,,atomName,CD2
,,,chain,X
,,,resID,370
,,,resName,LEU
,closeContacts.64
,,ligandAtoms
,,,atomIndex,16
,,,atomName,C34
,,,chain,X
,,,resID,1
,,,resName,UNL
,,metrics
,,,distance,3.532665424293674
,,receptorAtoms
,,,atomIndex,870
,,,atomName,O
,,,chain,X
,,,resID,316
,,,resName,GLU
,closeContacts.65
,,ligandAtoms
,,,atomIndex,16
,,,atomName,C34
,,,chain,X
,,,resID,1
,,,resName,UNL
,,metrics
,,,distance,3.7195259106504426
,,receptorAtoms
,,,atomIndex,878
,,,atomName,CA
,,,chain,X
,,,resID,317
,,,resName,PHE
,closeContacts.66
,,ligandAtoms
,,,atomIndex,16
,,,atomName,C34
,,,chain,X
,,,resID,1
,,,resName,UNL
,,metrics
,,,distance,3.6022855244969123
,,receptorAtoms
,,,atomIndex,879
,,,atomName,C
,,,chain,X
,,,resID,317
,,,resName,PHE
,closeContacts.67
,,ligandAtoms
,,,atomIndex,16
,,,atomName,C34
,,,chain,X
,,,resID,1
,,,resName,UNL
,,metrics
,,,distance,2.7473125049764517
,,receptorAtoms
,,,atomIndex,889
,,,atomName,N
,,,chain,X
,,,resID,318
,,,resName,MET
,closeContacts.68
,,ligandAtoms
,,,atomIndex,16
,,,atomName,C34
,,,chain,X
,,,resID,1
,,,resName,UNL
,,metrics
,,,distance,3.575446965066044
,,receptorAtoms
,,,atomIndex,890
,,,atomName,CA
,,,chain,X
,,,resID,318
,,,resName,MET
,closeContacts.69
,,ligandAtoms
,,,atomIndex,16
,,,atomName,C34
,,,chain,X
,,,resID,1
,,,resName,UNL
,,metrics
,,,distance,3.279205544030444
,,receptorAtoms
,,,atomIndex,893
,,,atomName,CB
,,,chain,X
,,,resID,318
,,,resName,MET
,closeContacts.70
,,ligandAtoms
,,,atomIndex,16
,,,atomName,C34
,,,chain,X
,,,resID,1
,,,resName,UNL
,,metrics
,,,distance,3.3115220065703914
,,receptorAtoms
,,,atomIndex,894
,,,atomName,CG
,,,chain,X
,,,resID,318
,,,resName,MET
,closeContacts.71
,,ligandAtoms
,,,atomIndex,16
,,,atomName,C34
,,,chain,X
,,,resID,1
,,,resName,UNL
,,metrics
,,,distance,1.9755335988031157
,,receptorAtoms
,,,atomIndex,897
,,,atomName,H
,,,chain,X
,,,resID,318
,,,resName,MET
,closeContacts.72
,,ligandAtoms
,,,atomIndex,16
,,,atomName,C34
,,,chain,X
,,,resID,1
,,,resName,UNL
,,metrics
,,,distance,3.65261303726524
,,receptorAtoms
,,,atomIndex,1420
,,,atomName,CD1
,,,chain,X
,,,resID,370
,,,resName,LEU
,closeContacts.73
,,ligandAtoms
,,,atomIndex,17
,,,atomName,N2
,,,chain,X
,,,resID,1
,,,resName,UNL
,,metrics
,,,distance,3.291703966033398
,,receptorAtoms
,,,atomIndex,922
,,,atomName,CA
,,,chain,X
,,,resID,321
,,,resName,GLY
,closeContacts.74
,,ligandAtoms
,,,atomIndex,17
,,,atomName,N2
,,,chain,X
,,,resID,1
,,,resName,UNL
,,metrics
,,,distance,3.9694047412678897
,,receptorAtoms
,,,atomIndex,923
,,,atomName,C
,,,chain,X
,,,resID,321
,,,resName,GLY
,closeContacts.75
,,ligandAtoms
,,,atomIndex,17
,,,atomName,N2
,,,chain,X
,,,resID,1
,,,resName,UNL
,,metrics
,,,distance,3.6685813334312214
,,receptorAtoms
,,,atomIndex,934
,,,atomName,H
,,,chain,X
,,,resID,322
,,,resName,ASN
,closeContacts.76
,,ligandAtoms
,,,atomIndex,17
,,,atomName,N2
,,,chain,X
,,,resID,1
,,,resName,UNL
,,metrics
,,,distance,3.912118991032865
,,receptorAtoms
,,,atomIndex,1421
,,,atomName,CD2
,,,chain,X
,,,resID,370
,,,resName,LEU
,closeContacts.77
,,ligandAtoms
,,,atomIndex,18
,,,atomName,C6
,,,chain,X
,,,resID,1
,,,resName,UNL
,,metrics
,,,distance,3.7392210418748975
,,receptorAtoms
,,,atomIndex,934
,,,atomName,H
,,,chain,X
,,,resID,322
,,,resName,ASN
,closeContacts.78
,,ligandAtoms
,,,atomIndex,18
,,,atomName,C6
,,,chain,X
,,,resID,1
,,,resName,UNL
,,metrics
,,,distance,3.977786444745368
,,receptorAtoms
,,,atomIndex,9351
,,,atomName,1HD2
,,,chain,X
,,,resID,322
,,,resName,ASN
,closeContacts.79
,,ligandAtoms
,,,atomIndex,20
,,,atomName,H33
,,,chain,X
,,,resID,1
,,,resName,UNL
,,metrics
,,,distance,3.4109813837076266
,,receptorAtoms
,,,atomIndex,921
,,,atomName,N
,,,chain,X
,,,resID,321
,,,resName,GLY
,closeContacts.80
,,ligandAtoms
,,,atomIndex,20
,,,atomName,H33
,,,chain,X
,,,resID,1
,,,resName,UNL
,,metrics
,,,distance,2.3605942048560578
,,receptorAtoms
,,,atomIndex,922
,,,atomName,CA
,,,chain,X
,,,resID,321
,,,resName,GLY
,closeContacts.81
,,ligandAtoms
,,,atomIndex,20
,,,atomName,H33
,,,chain,X
,,,resID,1
,,,resName,UNL
,,metrics
,,,distance,3.268113829106936
,,receptorAtoms
,,,atomIndex,923
,,,atomName,C
,,,chain,X
,,,resID,321
,,,resName,GLY
,closeContacts.82
,,ligandAtoms
,,,atomIndex,20
,,,atomName,H33
,,,chain,X
,,,resID,1
,,,resName,UNL
,,metrics
,,,distance,3.5480725753569358
,,receptorAtoms
,,,atomIndex,925
,,,atomName,H
,,,chain,X
,,,resID,321
,,,resName,GLY
,closeContacts.83
,,ligandAtoms
,,,atomIndex,20
,,,atomName,H33
,,,chain,X
,,,resID,1
,,,resName,UNL
,,metrics
,,,distance,3.5121943283366313
,,receptorAtoms
,,,atomIndex,926
,,,atomName,N
,,,chain,X
,,,resID,322
,,,resName,ASN
,closeContacts.84
,,ligandAtoms
,,,atomIndex,20
,,,atomName,H33
,,,chain,X
,,,resID,1
,,,resName,UNL
,,metrics
,,,distance,3.196299579200924
,,receptorAtoms
,,,atomIndex,934
,,,atomName,H
,,,chain,X
,,,resID,322
,,,resName,ASN
,closeContacts.85
,,ligandAtoms
,,,atomIndex,21
,,,atomName,C5
,,,chain,X
,,,resID,1
,,,resName,UNL
,,metrics
,,,distance,3.9994630889658187
,,receptorAtoms
,,,atomIndex,922
,,,atomName,CA
,,,chain,X
,,,resID,321
,,,resName,GLY
,closeContacts.86
,,ligandAtoms
,,,atomIndex,21
,,,atomName,C5
,,,chain,X
,,,resID,1
,,,resName,UNL
,,metrics
,,,distance,3.222651548026873
,,receptorAtoms
,,,atomIndex,934
,,,atomName,H
,,,chain,X
,,,resID,322
,,,resName,ASN
,closeContacts.87
,,ligandAtoms
,,,atomIndex,21
,,,atomName,C5
,,,chain,X
,,,resID,1
,,,resName,UNL
,,metrics
,,,distance,3.140828234717715
,,receptorAtoms
,,,atomIndex,9351
,,,atomName,1HD2
,,,chain,X
,,,resID,322
,,,resName,ASN
,closeContacts.88
,,ligandAtoms
,,,atomIndex,22
,,,atomName,C4
,,,chain,X
,,,resID,1
,,,resName,UNL
,,metrics
,,,distance,3.417326440362407
,,receptorAtoms
,,,atomIndex,922
,,,atomName,CA
,,,chain,X
,,,resID,321
,,,resName,GLY
,closeContacts.89
,,ligandAtoms
,,,atomIndex,22
,,,atomName,C4
,,,chain,X
,,,resID,1
,,,resName,UNL
,,metrics
,,,distance,3.9539772381742417
,,receptorAtoms
,,,atomIndex,926
,,,atomName,N
,,,chain,X
,,,resID,322
,,,resName,ASN
,closeContacts.90
,,ligandAtoms
,,,atomIndex,22
,,,atomName,C4
,,,chain,X
,,,resID,1
,,,resName,UNL
,,metrics
,,,distance,3.096196053224021
,,receptorAtoms
,,,atomIndex,934
,,,atomName,H
,,,chain,X
,,,resID,322
,,,resName,ASN
,closeContacts.91
,,ligandAtoms
,,,atomIndex,22
,,,atomName,C4
,,,chain,X
,,,resID,1
,,,resName,UNL
,,metrics
,,,distance,3.492161078759111
,,receptorAtoms
,,,atomIndex,9351
,,,atomName,1HD2
,,,chain,X
,,,resID,322
,,,resName,ASN
,closeContacts.92
,,ligandAtoms
,,,atomIndex,23
,,,atomName,C3
,,,chain,X
,,,resID,1
,,,resName,UNL
,,metrics
,,,distance,3.942484115377004
,,receptorAtoms
,,,atomIndex,932
,,,atomName,ND2
,,,chain,X
,,,resID,322
,,,resName,ASN
,closeContacts.93
,,ligandAtoms
,,,atomIndex,23
,,,atomName,C3
,,,chain,X
,,,resID,1
,,,resName,UNL
,,metrics
,,,distance,3.5267782748565297
,,receptorAtoms
,,,atomIndex,934
,,,atomName,H
,,,chain,X
,,,resID,322
,,,resName,ASN
,closeContacts.94
,,ligandAtoms
,,,atomIndex,23
,,,atomName,C3
,,,chain,X
,,,resID,1
,,,resName,UNL
,,metrics
,,,distance,3.2775942396825126
,,receptorAtoms
,,,atomIndex,9351
,,,atomName,1HD2
,,,chain,X
,,,resID,322
,,,resName,ASN
,closeContacts.95
,,ligandAtoms
,,,atomIndex,24
,,,atomName,C2
,,,chain,X
,,,resID,1
,,,resName,UNL
,,metrics
,,,distance,3.429123648980889
,,receptorAtoms
,,,atomIndex,932
,,,atomName,ND2
,,,chain,X
,,,resID,322
,,,resName,ASN
,closeContacts.96
,,ligandAtoms
,,,atomIndex,24
,,,atomName,C2
,,,chain,X
,,,resID,1
,,,resName,UNL
,,metrics
,,,distance,3.857159706312406
,,receptorAtoms
,,,atomIndex,934
,,,atomName,H
,,,chain,X
,,,resID,322
,,,resName,ASN
,closeContacts.97
,,ligandAtoms
,,,atomIndex,24
,,,atomName,C2
,,,chain,X
,,,resID,1
,,,resName,UNL
,,metrics
,,,distance,2.7305867501326535
,,receptorAtoms
,,,atomIndex,9351
,,,atomName,1HD2
,,,chain,X
,,,resID,322
,,,resName,ASN
,closeContacts.98
,,ligandAtoms
,,,atomIndex,24
,,,atomName,C2
,,,chain,X
,,,resID,1
,,,resName,UNL
,,metrics
,,,distance,3.451058533261934
,,receptorAtoms
,,,atomIndex,9362
,,,atomName,2HD2
,,,chain,X
,,,resID,322
,,,resName,ASN
,closeContacts.99
,,ligandAtoms
,,,atomIndex,25
,,,atomName,N1
,,,chain,X
,,,resID,1
,,,resName,UNL
,,metrics
,,,distance,3.737265577932614
,,receptorAtoms
,,,atomIndex,225
,,,atomName,CA
,,,chain,X
,,,resID,249
,,,resName,GLY
,closeContacts.100
,,ligandAtoms
,,,atomIndex,25
,,,atomName,N1
,,,chain,X
,,,resID,1
,,,resName,UNL
,,metrics
,,,distance,3.5541416685326435
,,receptorAtoms
,,,atomIndex,932
,,,atomName,ND2
,,,chain,X
,,,resID,322
,,,resName,ASN
,closeContacts.101
,,ligandAtoms
,,,atomIndex,25
,,,atomName,N1
,,,chain,X
,,,resID,1
,,,resName,UNL
,,metrics
,,,distance,3.690568926331007
,,receptorAtoms
,,,atomIndex,934
,,,atomName,H
,,,chain,X
,,,resID,322
,,,resName,ASN
,closeContacts.102
,,ligandAtoms
,,,atomIndex,25
,,,atomName,N1
,,,chain,X
,,,resID,1
,,,resName,UNL
,,metrics
,,,distance,2.62850565911508
,,receptorAtoms
,,,atomIndex,9351
,,,atomName,1HD2
,,,chain,X
,,,resID,322
,,,resName,ASN
,closeContacts.103
,,ligandAtoms
,,,atomIndex,25
,,,atomName,N1
,,,chain,X
,,,resID,1
,,,resName,UNL
,,metrics
,,,distance,3.8576297126603536
,,receptorAtoms
,,,atomIndex,9362
,,,atomName,2HD2
,,,chain,X
,,,resID,322
,,,resName,ASN
,closeContacts.104
,,ligandAtoms
,,,atomIndex,26
,,,atomName,C1
,,,chain,X
,,,resID,1
,,,resName,UNL
,,metrics
,,,distance,3.988813482728918
,,receptorAtoms
,,,atomIndex,224
,,,atomName,N
,,,chain,X
,,,resID,249
,,,resName,GLY
,closeContacts.105
,,ligandAtoms
,,,atomIndex,26
,,,atomName,C1
,,,chain,X
,,,resID,1
,,,resName,UNL
,,metrics
,,,distance,3.221631574218257
,,receptorAtoms
,,,atomIndex,225
,,,atomName,CA
,,,chain,X
,,,resID,249
,,,resName,GLY
,closeContacts.106
,,ligandAtoms
,,,atomIndex,26
,,,atomName,C1
,,,chain,X
,,,resID,1
,,,resName,UNL
,,metrics
,,,distance,3.476760129775994
,,receptorAtoms
,,,atomIndex,256
,,,atomName,CG
,,,chain,X
,,,resID,253
,,,resName,TYR
,closeContacts.107
,,ligandAtoms
,,,atomIndex,26
,,,atomName,C1
,,,chain,X
,,,resID,1
,,,resName,UNL
,,metrics
,,,distance,3.0950917595444567
,,receptorAtoms
,,,atomIndex,257
,,,atomName,CD1
,,,chain,X
,,,resID,253
,,,resName,TYR
,closeContacts.108
,,ligandAtoms
,,,atomIndex,26
,,,atomName,C1
,,,chain,X
,,,resID,1
,,,resName,UNL
,,metrics
,,,distance,3.989495456821576
,,receptorAtoms
,,,atomIndex,258
,,,atomName,CD2
,,,chain,X
,,,resID,253
,,,resName,TYR
,closeContacts.109
,,ligandAtoms
,,,atomIndex,26
,,,atomName,C1
,,,chain,X
,,,resID,1
,,,resName,UNL
,,metrics
,,,distance,3.3342370941491235
,,receptorAtoms
,,,atomIndex,259
,,,atomName,CE1
,,,chain,X
,,,resID,253
,,,resName,TYR
,closeContacts.110
,,ligandAtoms
,,,atomIndex,26
,,,atomName,C1
,,,chain,X
,,,resID,1
,,,resName,UNL
,,metrics
,,,distance,3.8775503865198186
,,receptorAtoms
,,,atomIndex,261
,,,atomName,CZ
,,,chain,X
,,,resID,253
,,,resName,TYR
,closeContacts.111
,,ligandAtoms
,,,atomIndex,26
,,,atomName,C1
,,,chain,X
,,,resID,1
,,,resName,UNL
,,metrics
,,,distance,3.8600097150136814
,,receptorAtoms
,,,atomIndex,932
,,,atomName,ND2
,,,chain,X
,,,resID,322
,,,resName,ASN
,closeContacts.112
,,ligandAtoms
,,,atomIndex,26
,,,atomName,C1
,,,chain,X
,,,resID,1
,,,resName,UNL
,,metrics
,,,distance,3.0352116894872427
,,receptorAtoms
,,,atomIndex,9351
,,,atomName,1HD2
,,,chain,X
,,,resID,322
,,,resName,ASN
,closeContacts.113
,,ligandAtoms
,,,atomIndex,28
,,,atomName,C35
,,,chain,X
,,,resID,1
,,,resName,UNL
,,metrics
,,,distance,3.8303944966543595
,,receptorAtoms
,,,atomIndex,959
,,,atomName,CB
,,,chain,X
,,,resID,325
,,,resName,ASP
,closeContacts.114
,,ligandAtoms
,,,atomIndex,28
,,,atomName,C35
,,,chain,X
,,,resID,1
,,,resName,UNL
,,metrics
,,,distance,3.735533830659282
,,receptorAtoms
,,,atomIndex,962
,,,atomName,OD2
,,,chain,X
,,,resID,325
,,,resName,ASP
,closeContacts.115
,,ligandAtoms
,,,atomIndex,29
,,,atomName,O6
,,,chain,X
,,,resID,1
,,,resName,UNL
,,metrics
,,,distance,3.835060494959631
,,receptorAtoms
,,,atomIndex,932
,,,atomName,ND2
,,,chain,X
,,,resID,322
,,,resName,ASN
,closeContacts.116
,,ligandAtoms
,,,atomIndex,29
,,,atomName,O6
,,,chain,X
,,,resID,1
,,,resName,UNL
,,metrics
,,,distance,3.867752318853936
,,receptorAtoms
,,,atomIndex,9351
,,,atomName,1HD2
,,,chain,X
,,,resID,322
,,,resName,ASN
,closeContacts.117
,,ligandAtoms
,,,atomIndex,29
,,,atomName,O6
,,,chain,X
,,,resID,1
,,,resName,UNL
,,metrics
,,,distance,3.290307736367528
,,receptorAtoms
,,,atomIndex,9362
,,,atomName,2HD2
,,,chain,X
,,,resID,322
,,,resName,ASN
,closeContacts.118
,,ligandAtoms
,,,atomIndex,29
,,,atomName,O6
,,,chain,X
,,,resID,1
,,,resName,UNL
,,metrics
,,,distance,3.181368887758853
,,receptorAtoms
,,,atomIndex,959
,,,atomName,CB
,,,chain,X
,,,resID,325
,,,resName,ASP
,closeContacts.119
,,ligandAtoms
,,,atomIndex,29
,,,atomName,O6
,,,chain,X
,,,resID,1
,,,resName,UNL
,,metrics
,,,distance,2.992064337543562
,,receptorAtoms
,,,atomIndex,960
,,,atomName,CG
,,,chain,X
,,,resID,325
,,,resName,ASP
,closeContacts.120
,,ligandAtoms
,,,atomIndex,29
,,,atomName,O6
,,,chain,X
,,,resID,1
,,,resName,UNL
,,metrics
,,,distance,3.9074670823949367
,,receptorAtoms
,,,atomIndex,961
,,,atomName,OD1
,,,chain,X
,,,resID,325
,,,resName,ASP
,closeContacts.121
,,ligandAtoms
,,,atomIndex,29
,,,atomName,O6
,,,chain,X
,,,resID,1
,,,resName,UNL
,,metrics
,,,distance,2.6053105381124912
,,receptorAtoms
,,,atomIndex,962
,,,atomName,OD2
,,,chain,X
,,,resID,325
,,,resName,ASP
,closeContacts.122
,,ligandAtoms
,,,atomIndex,31
,,,atomName,C36
,,,chain,X
,,,resID,1
,,,resName,UNL
,,metrics
,,,distance,3.5984159014766504
,,receptorAtoms
,,,atomIndex,1011
,,,atomName,OE1
,,,chain,X
,,,resID,329
,,,resName,GLU
,closeContacts.123
,,ligandAtoms
,,,atomIndex,31
,,,atomName,C36
,,,chain,X
,,,resID,1
,,,resName,UNL
,,metrics
,,,distance,3.6372853888580146
,,receptorAtoms
,,,atomIndex,1012
,,,atomName,OE2
,,,chain,X
,,,resID,329
,,,resName,GLU
,closeContacts.124
,,ligandAtoms
,,,atomIndex,32
,,,atomName,C37
,,,chain,X
,,,resID,1
,,,resName,UNL
,,metrics
,,,distance,3.4616355960730463
,,receptorAtoms
,,,atomIndex,1010
,,,atomName,CD
,,,chain,X
,,,resID,329
,,,resName,GLU
,closeContacts.125
,,ligandAtoms
,,,atomIndex,32
,,,atomName,C37
,,,chain,X
,,,resID,1
,,,resName,UNL
,,metrics
,,,distance,2.77650031514495
,,receptorAtoms
,,,atomIndex,1011
,,,atomName,OE1
,,,chain,X
,,,resID,329
,,,resName,GLU
,closeContacts.126
,,ligandAtoms
,,,atomIndex,32
,,,atomName,C37
,,,chain,X
,,,resID,1
,,,resName,UNL
,,metrics
,,,distance,3.5551627248270923
,,receptorAtoms
,,,atomIndex,1012
,,,atomName,OE2
,,,chain,X
,,,resID,329
,,,resName,GLU
,closeContacts.127
,,ligandAtoms
,,,atomIndex,33
,,,atomName,C38
,,,chain,X
,,,resID,1
,,,resName,UNL
,,metrics
,,,distance,3.2514984238040157
,,receptorAtoms
,,,atomIndex,910
,,,atomName,O
,,,chain,X
,,,resID,320
,,,resName,TYR
,closeContacts.128
,,ligandAtoms
,,,atomIndex,34
,,,atomName,N13
,,,chain,X
,,,resID,1
,,,resName,UNL
,,metrics
,,,distance,3.998975118702291
,,receptorAtoms
,,,atomIndex,909
,,,atomName,C
,,,chain,X
,,,resID,320
,,,resName,TYR
,closeContacts.129
,,ligandAtoms
,,,atomIndex,34
,,,atomName,N13
,,,chain,X
,,,resID,1
,,,resName,UNL
,,metrics
,,,distance,2.8723631386020814
,,receptorAtoms
,,,atomIndex,910
,,,atomName,O
,,,chain,X
,,,resID,320
,,,resName,TYR
,closeContacts.130
,,ligandAtoms
,,,atomIndex,34
,,,atomName,N13
,,,chain,X
,,,resID,1
,,,resName,UNL
,,metrics
,,,distance,3.6525752558982263
,,receptorAtoms
,,,atomIndex,929
,,,atomName,O
,,,chain,X
,,,resID,322
,,,resName,ASN
,closeContacts.131
,,ligandAtoms
,,,atomIndex,34
,,,atomName,N13
,,,chain,X
,,,resID,1
,,,resName,UNL
,,metrics
,,,distance,3.8608944559518856
,,receptorAtoms
,,,atomIndex,934
,,,atomName,H
,,,chain,X
,,,resID,322
,,,resName,ASN
,closeContacts.132
,,ligandAtoms
,,,atomIndex,34
,,,atomName,N13
,,,chain,X
,,,resID,1
,,,resName,UNL
,,metrics
,,,distance,3.8125781303469704
,,receptorAtoms
,,,atomIndex,957
,,,atomName,C
,,,chain,X
,,,resID,325
,,,resName,ASP
,closeContacts.133
,,ligandAtoms
,,,atomIndex,34
,,,atomName,N13
,,,chain,X
,,,resID,1
,,,resName,UNL
,,metrics
,,,distance,3.407226584775366
,,receptorAtoms
,,,atomIndex,959
,,,atomName,CB
,,,chain,X
,,,resID,325
,,,resName,ASP
,closeContacts.134
,,ligandAtoms
,,,atomIndex,34
,,,atomName,N13
,,,chain,X
,,,resID,1
,,,resName,UNL
,,metrics
,,,distance,3.603916896933113
,,receptorAtoms
,,,atomIndex,964
,,,atomName,N
,,,chain,X
,,,resID,326
,,,resName,TYR
,closeContacts.135
,,ligandAtoms
,,,atomIndex,34
,,,atomName,N13
,,,chain,X
,,,resID,1
,,,resName,UNL
,,metrics
,,,distance,3.644487481114457
,,receptorAtoms
,,,atomIndex,976
,,,atomName,H
,,,chain,X
,,,resID,326
,,,resName,TYR
,closeContacts.136
,,ligandAtoms
,,,atomIndex,35
,,,atomName,H42
,,,chain,X
,,,resID,1
,,,resName,UNL
,,metrics
,,,distance,3.1163334224694252
,,receptorAtoms
,,,atomIndex,909
,,,atomName,C
,,,chain,X
,,,resID,320
,,,resName,TYR
,closeContacts.137
,,ligandAtoms
,,,atomIndex,35
,,,atomName,H42
,,,chain,X
,,,resID,1
,,,resName,UNL
,,metrics
,,,distance,2.030337410382816
,,receptorAtoms
,,,atomIndex,910
,,,atomName,O
,,,chain,X
,,,resID,320
,,,resName,TYR
,closeContacts.138
,,ligandAtoms
,,,atomIndex,35
,,,atomName,H42
,,,chain,X
,,,resID,1
,,,resName,UNL
,,metrics
,,,distance,3.675288968230934
,,receptorAtoms
,,,atomIndex,921
,,,atomName,N
,,,chain,X
,,,resID,321
,,,resName,GLY
,closeContacts.139
,,ligandAtoms
,,,atomIndex,35
,,,atomName,H42
,,,chain,X
,,,resID,1
,,,resName,UNL
,,metrics
,,,distance,3.3215354882945323
,,receptorAtoms
,,,atomIndex,922
,,,atomName,CA
,,,chain,X
,,,resID,321
,,,resName,GLY
,closeContacts.140
,,ligandAtoms
,,,atomIndex,35
,,,atomName,H42
,,,chain,X
,,,resID,1
,,,resName,UNL
,,metrics
,,,distance,3.4058897515920856
,,receptorAtoms
,,,atomIndex,923
,,,atomName,C
,,,chain,X
,,,resID,321
,,,resName,GLY
,closeContacts.141
,,ligandAtoms
,,,atomIndex,35
,,,atomName,H42
,,,chain,X
,,,resID,1
,,,resName,UNL
,,metrics
,,,distance,3.381725299310992
,,receptorAtoms
,,,atomIndex,926
,,,atomName,N
,,,chain,X
,,,resID,322
,,,resName,ASN
,closeContacts.142
,,ligandAtoms
,,,atomIndex,35
,,,atomName,H42
,,,chain,X
,,,resID,1
,,,resName,UNL
,,metrics
,,,distance,3.27777088888165
,,receptorAtoms
,,,atomIndex,929
,,,atomName,O
,,,chain,X
,,,resID,322
,,,resName,ASN
,closeContacts.143
,,ligandAtoms
,,,atomIndex,35
,,,atomName,H42
,,,chain,X
,,,resID,1
,,,resName,UNL
,,metrics
,,,distance,3.201583670623027
,,receptorAtoms
,,,atomIndex,934
,,,atomName,H
,,,chain,X
,,,resID,322
,,,resName,ASN
,closeContacts.144
,,ligandAtoms
,,,atomIndex,35
,,,atomName,H42
,,,chain,X
,,,resID,1
,,,resName,UNL
,,metrics
,,,distance,3.9369812039175396
,,receptorAtoms
,,,atomIndex,964
,,,atomName,N
,,,chain,X
,,,resID,326
,,,resName,TYR
,closeContacts.145
,,ligandAtoms
,,,atomIndex,35
,,,atomName,H42
,,,chain,X
,,,resID,1
,,,resName,UNL
,,metrics
,,,distance,3.7747689995548073
,,receptorAtoms
,,,atomIndex,976
,,,atomName,H
,,,chain,X
,,,resID,326
,,,resName,TYR
,closeContacts.146
,,ligandAtoms
,,,atomIndex,36
,,,atomName,H13
,,,chain,X
,,,resID,1
,,,resName,UNL
,,metrics
,,,distance,3.6456099626811422
,,receptorAtoms
,,,atomIndex,910
,,,atomName,O
,,,chain,X
,,,resID,320
,,,resName,TYR
,closeContacts.147
,,ligandAtoms
,,,atomIndex,36
,,,atomName,H13
,,,chain,X
,,,resID,1
,,,resName,UNL
,,metrics
,,,distance,3.351546807072817
,,receptorAtoms
,,,atomIndex,929
,,,atomName,O
,,,chain,X
,,,resID,322
,,,resName,ASN
,closeContacts.148
,,ligandAtoms
,,,atomIndex,36
,,,atomName,H13
,,,chain,X
,,,resID,1
,,,resName,UNL
,,metrics
,,,distance,3.222294213755162
,,receptorAtoms
,,,atomIndex,956
,,,atomName,CA
,,,chain,X
,,,resID,325
,,,resName,ASP
,closeContacts.149
,,ligandAtoms
,,,atomIndex,36
,,,atomName,H13
,,,chain,X
,,,resID,1
,,,resName,UNL
,,metrics
,,,distance,2.824706356420079
,,receptorAtoms
,,,atomIndex,957
,,,atomName,C
,,,chain,X
,,,resID,325
,,,resName,ASP
,closeContacts.150
,,ligandAtoms
,,,atomIndex,36
,,,atomName,H13
,,,chain,X
,,,resID,1
,,,resName,UNL
,,metrics
,,,distance,3.3708804487848574
,,receptorAtoms
,,,atomIndex,958
,,,atomName,O
,,,chain,X
,,,resID,325
,,,resName,ASP
,closeContacts.151
,,ligandAtoms
,,,atomIndex,36
,,,atomName,H13
,,,chain,X
,,,resID,1
,,,resName,UNL
,,metrics
,,,distance,2.548904274389292
,,receptorAtoms
,,,atomIndex,959
,,,atomName,CB
,,,chain,X
,,,resID,325
,,,resName,ASP
,closeContacts.152
,,ligandAtoms
,,,atomIndex,36
,,,atomName,H13
,,,chain,X
,,,resID,1
,,,resName,UNL
,,metrics
,,,distance,3.8962605149040015
,,receptorAtoms
,,,atomIndex,960
,,,atomName,CG
,,,chain,X
,,,resID,325
,,,resName,ASP
,closeContacts.153
,,ligandAtoms
,,,atomIndex,36
,,,atomName,H13
,,,chain,X
,,,resID,1
,,,resName,UNL
,,metrics
,,,distance,3.9757283609421794
,,receptorAtoms
,,,atomIndex,963
,,,atomName,H
,,,chain,X
,,,resID,325
,,,resName,ASP
,closeContacts.154
,,ligandAtoms
,,,atomIndex,36
,,,atomName,H13
,,,chain,X
,,,resID,1
,,,resName,UNL
,,metrics
,,,distance,2.7718519080210613
,,receptorAtoms
,,,atomIndex,964
,,,atomName,N
,,,chain,X
,,,resID,326
,,,resName,TYR
,closeContacts.155
,,ligandAtoms
,,,atomIndex,36
,,,atomName,H13
,,,chain,X
,,,resID,1
,,,resName,UNL
,,metrics
,,,distance,3.486101117294219
,,receptorAtoms
,,,atomIndex,965
,,,atomName,CA
,,,chain,X
,,,resID,326
,,,resName,TYR
,closeContacts.156
,,ligandAtoms
,,,atomIndex,36
,,,atomName,H13
,,,chain,X
,,,resID,1
,,,resName,UNL
,,metrics
,,,distance,2.898652273040007
,,receptorAtoms
,,,atomIndex,976
,,,atomName,H
,,,chain,X
,,,resID,326
,,,resName,TYR
,closeContacts.157
,,ligandAtoms
,,,atomIndex,37
,,,atomName,N14
,,,chain,X
,,,resID,1
,,,resName,UNL
,,metrics
,,,distance,3.53110223584648
,,receptorAtoms
,,,atomIndex,909
,,,atomName,C
,,,chain,X
,,,resID,320
,,,resName,TYR
,closeContacts.158
,,ligandAtoms
,,,atomIndex,37
,,,atomName,N14
,,,chain,X
,,,resID,1
,,,resName,UNL
,,metrics
,,,distance,2.923089290459667
,,receptorAtoms
,,,atomIndex,910
,,,atomName,O
,,,chain,X
,,,resID,320
,,,resName,TYR
,closeContacts.159
,,ligandAtoms
,,,atomIndex,38
,,,atomName,H43
,,,chain,X
,,,resID,1
,,,resName,UNL
,,metrics
,,,distance,3.6580676592977346
,,receptorAtoms
,,,atomIndex,909
,,,atomName,C
,,,chain,X
,,,resID,320
,,,resName,TYR
,closeContacts.160
,,ligandAtoms
,,,atomIndex,38
,,,atomName,H43
,,,chain,X
,,,resID,1
,,,resName,UNL
,,metrics
,,,distance,3.1652505430060343
,,receptorAtoms
,,,atomIndex,910
,,,atomName,O
,,,chain,X
,,,resID,320
,,,resName,TYR
,closeContacts.161
,,ligandAtoms
,,,atomIndex,39
,,,atomName,H44
,,,chain,X
,,,resID,1
,,,resName,UNL
,,metrics
,,,distance,3.6696914039194084
,,receptorAtoms
,,,atomIndex,908
,,,atomName,CA
,,,chain,X
,,,resID,320
,,,resName,TYR
,closeContacts.162
,,ligandAtoms
,,,atomIndex,39
,,,atomName,H44
,,,chain,X
,,,resID,1
,,,resName,UNL
,,metrics
,,,distance,2.707199475472762
,,receptorAtoms
,,,atomIndex,909
,,,atomName,C
,,,chain,X
,,,resID,320
,,,resName,TYR
,closeContacts.163
,,ligandAtoms
,,,atomIndex,39
,,,atomName,H44
,,,chain,X
,,,resID,1
,,,resName,UNL
,,metrics
,,,distance,2.279057041848667
,,receptorAtoms
,,,atomIndex,910
,,,atomName,O
,,,chain,X
,,,resID,320
,,,resName,TYR
,closeContacts.164
,,ligandAtoms
,,,atomIndex,39
,,,atomName,H44
,,,chain,X
,,,resID,1
,,,resName,UNL
,,metrics
,,,distance,3.1699750787663925
,,receptorAtoms
,,,atomIndex,921
,,,atomName,N
,,,chain,X
,,,resID,321
,,,resName,GLY
,closeContacts.165
,,ligandAtoms
,,,atomIndex,39
,,,atomName,H44
,,,chain,X
,,,resID,1
,,,resName,UNL
,,metrics
,,,distance,3.1636290869822243
,,receptorAtoms
,,,atomIndex,922
,,,atomName,CA
,,,chain,X
,,,resID,321
,,,resName,GLY
,closeContacts.166
,,ligandAtoms
,,,atomIndex,39
,,,atomName,H44
,,,chain,X
,,,resID,1
,,,resName,UNL
,,metrics
,,,distance,3.9432761759734745
,,receptorAtoms
,,,atomIndex,925
,,,atomName,H
,,,chain,X
,,,resID,321
,,,resName,GLY
,closeContacts.167
,,ligandAtoms
,,,atomIndex,40
,,,atomName,C18
,,,chain,X
,,,resID,1
,,,resName,UNL
,,metrics
,,,distance,3.6848183130244023
,,receptorAtoms
,,,atomIndex,619
,,,atomName,CE
,,,chain,X
,,,resID,290
,,,resName,MET
,closeContacts.168
,,ligandAtoms
,,,atomIndex,41
,,,atomName,N5
,,,chain,X
,,,resID,1
,,,resName,UNL
,,metrics
,,,distance,3.85556532819767
,,receptorAtoms
,,,atomIndex,590
,,,atomName,OE2
,,,chain,X
,,,resID,286
,,,resName,GLU
,closeContacts.169
,,ligandAtoms
,,,atomIndex,41
,,,atomName,N5
,,,chain,X
,,,resID,1
,,,resName,UNL
,,metrics
,,,distance,3.5987572855084293
,,receptorAtoms
,,,atomIndex,1517
,,,atomName,O
,,,chain,X
,,,resID,381
,,,resName,ASP
,closeContacts.170
,,ligandAtoms
,,,atomIndex,41
,,,atomName,N5
,,,chain,X
,,,resID,1
,,,resName,UNL
,,metrics
,,,distance,3.5828079769923478
,,receptorAtoms
,,,atomIndex,1522
,,,atomName,H
,,,chain,X
,,,resID,381
,,,resName,ASP
,closeContacts.171
,,ligandAtoms
,,,atomIndex,42
,,,atomName,H35
,,,chain,X
,,,resID,1
,,,resName,UNL
,,metrics
,,,distance,3.2442888280792745
,,receptorAtoms
,,,atomIndex,1517
,,,atomName,O
,,,chain,X
,,,resID,381
,,,resName,ASP
,closeContacts.172
,,ligandAtoms
,,,atomIndex,42
,,,atomName,H35
,,,chain,X
,,,resID,1
,,,resName,UNL
,,metrics
,,,distance,3.5084755948987296
,,receptorAtoms
,,,atomIndex,1522
,,,atomName,H
,,,chain,X
,,,resID,381
,,,resName,ASP
,closeContacts.173
,,ligandAtoms
,,,atomIndex,42
,,,atomName,H35
,,,chain,X
,,,resID,1
,,,resName,UNL
,,metrics
,,,distance,3.6047009584707577
,,receptorAtoms
,,,atomIndex,1530
,,,atomName,CD2
,,,chain,X
,,,resID,382
,,,resName,PHE
,closeContacts.174
,,ligandAtoms
,,,atomIndex,42
,,,atomName,H35
,,,chain,X
,,,resID,1
,,,resName,UNL
,,metrics
,,,distance,3.406906221192478
,,receptorAtoms
,,,atomIndex,1532
,,,atomName,CE2
,,,chain,X
,,,resID,382
,,,resName,PHE
,closeContacts.175
,,ligandAtoms
,,,atomIndex,42
,,,atomName,H35
,,,chain,X
,,,resID,1
,,,resName,UNL
,,metrics
,,,distance,3.948609122209998
,,receptorAtoms
,,,atomIndex,1533
,,,atomName,CZ
,,,chain,X
,,,resID,382
,,,resName,PHE
,closeContacts.176
,,ligandAtoms
,,,atomIndex,43
,,,atomName,O3
,,,chain,X
,,,resID,1
,,,resName,UNL
,,metrics
,,,distance,3.582356487006841
,,receptorAtoms
,,,atomIndex,618
,,,atomName,SD
,,,chain,X
,,,resID,290
,,,resName,MET
,closeContacts.177
,,ligandAtoms
,,,atomIndex,43
,,,atomName,O3
,,,chain,X
,,,resID,1
,,,resName,UNL
,,metrics
,,,distance,2.5926804662356684
,,receptorAtoms
,,,atomIndex,619
,,,atomName,CE
,,,chain,X
,,,resID,290
,,,resName,MET
,closeContacts.178
,,ligandAtoms
,,,atomIndex,43
,,,atomName,O3
,,,chain,X
,,,resID,1
,,,resName,UNL
,,metrics
,,,distance,3.9799796481891723
,,receptorAtoms
,,,atomIndex,711
,,,atomName,CG2
,,,chain,X
,,,resID,299
,,,resName,VAL
,closeContacts.179
,,ligandAtoms
,,,atomIndex,43
,,,atomName,O3
,,,chain,X
,,,resID,1
,,,resName,UNL
,,metrics
,,,distance,3.0662410211853866
,,receptorAtoms
,,,atomIndex,864
,,,atomName,CG2
,,,chain,X
,,,resID,315
,,,resName,ILE
,closeContacts.180
,,ligandAtoms
,,,atomIndex,43
,,,atomName,O3
,,,chain,X
,,,resID,1
,,,resName,UNL
,,metrics
,,,distance,3.8201556251022026
,,receptorAtoms
,,,atomIndex,865
,,,atomName,CD1
,,,chain,X
,,,resID,315
,,,resName,ILE
,closeContacts.181
,,ligandAtoms
,,,atomIndex,44
,,,atomName,C19
,,,chain,X
,,,resID,1
,,,resName,UNL
,,metrics
,,,distance,3.6718182144545217
,,receptorAtoms
,,,atomIndex,590
,,,atomName,OE2
,,,chain,X
,,,resID,286
,,,resName,GLU
,closeContacts.182
,,ligandAtoms
,,,atomIndex,44
,,,atomName,C19
,,,chain,X
,,,resID,1
,,,resName,UNL
,,metrics
,,,distance,3.674344295245071
,,receptorAtoms
,,,atomIndex,1514
,,,atomName,N
,,,chain,X
,,,resID,381
,,,resName,ASP
,closeContacts.183
,,ligandAtoms
,,,atomIndex,44
,,,atomName,C19
,,,chain,X
,,,resID,1
,,,resName,UNL
,,metrics
,,,distance,3.048503075281374
,,receptorAtoms
,,,atomIndex,1517
,,,atomName,O
,,,chain,X
,,,resID,381
,,,resName,ASP
,closeContacts.184
,,ligandAtoms
,,,atomIndex,44
,,,atomName,C19
,,,chain,X
,,,resID,1
,,,resName,UNL
,,metrics
,,,distance,2.7463466642068335
,,receptorAtoms
,,,atomIndex,1522
,,,atomName,H
,,,chain,X
,,,resID,381
,,,resName,ASP
,closeContacts.185
,,ligandAtoms
,,,atomIndex,45
,,,atomName,C20
,,,chain,X
,,,resID,1
,,,resName,UNL
,,metrics
,,,distance,3.9090840359347605
,,receptorAtoms
,,,atomIndex,710
,,,atomName,CG1
,,,chain,X
,,,resID,299
,,,resName,VAL
,closeContacts.186
,,ligandAtoms
,,,atomIndex,45
,,,atomName,C20
,,,chain,X
,,,resID,1
,,,resName,UNL
,,metrics
,,,distance,3.1277482315557306
,,receptorAtoms
,,,atomIndex,711
,,,atomName,CG2
,,,chain,X
,,,resID,299
,,,resName,VAL
,closeContacts.187
,,ligandAtoms
,,,atomIndex,45
,,,atomName,C20
,,,chain,X
,,,resID,1
,,,resName,UNL
,,metrics
,,,distance,3.4664653467184685
,,receptorAtoms
,,,atomIndex,1509
,,,atomName,CA
,,,chain,X
,,,resID,380
,,,resName,ALA
,closeContacts.188
,,ligandAtoms
,,,atomIndex,45
,,,atomName,C20
,,,chain,X
,,,resID,1
,,,resName,UNL
,,metrics
,,,distance,3.675149656816712
,,receptorAtoms
,,,atomIndex,1510
,,,atomName,C
,,,chain,X
,,,resID,380
,,,resName,ALA
,closeContacts.189
,,ligandAtoms
,,,atomIndex,45
,,,atomName,C20
,,,chain,X
,,,resID,1
,,,resName,UNL
,,metrics
,,,distance,3.475913836676621
,,receptorAtoms
,,,atomIndex,1512
,,,atomName,CB
,,,chain,X
,,,resID,380
,,,resName,ALA
,closeContacts.190
,,ligandAtoms
,,,atomIndex,45
,,,atomName,C20
,,,chain,X
,,,resID,1
,,,resName,UNL
,,metrics
,,,distance,3.072157059787145
,,receptorAtoms
,,,atomIndex,1514
,,,atomName,N
,,,chain,X
,,,resID,381
,,,resName,ASP
,closeContacts.191
,,ligandAtoms
,,,atomIndex,45
,,,atomName,C20
,,,chain,X
,,,resID,1
,,,resName,UNL
,,metrics
,,,distance,3.5587629873314124
,,receptorAtoms
,,,atomIndex,1517
,,,atomName,O
,,,chain,X
,,,resID,381
,,,resName,ASP
,closeContacts.192
,,ligandAtoms
,,,atomIndex,45
,,,atomName,C20
,,,chain,X
,,,resID,1
,,,resName,UNL
,,metrics
,,,distance,2.246032279376233
,,receptorAtoms
,,,atomIndex,1522
,,,atomName,H
,,,chain,X
,,,resID,381
,,,resName,ASP
,closeContacts.193
,,ligandAtoms
,,,atomIndex,46
,,,atomName,N6
,,,chain,X
,,,resID,1
,,,resName,UNL
,,metrics
,,,distance,3.555185649160954
,,receptorAtoms
,,,atomIndex,711
,,,atomName,CG2
,,,chain,X
,,,resID,299
,,,resName,VAL
,closeContacts.194
,,ligandAtoms
,,,atomIndex,46
,,,atomName,N6
,,,chain,X
,,,resID,1
,,,resName,UNL
,,metrics
,,,distance,3.5955252745600323
,,receptorAtoms
,,,atomIndex,1509
,,,atomName,CA
,,,chain,X
,,,resID,380
,,,resName,ALA
,closeContacts.195
,,ligandAtoms
,,,atomIndex,46
,,,atomName,N6
,,,chain,X
,,,resID,1
,,,resName,UNL
,,metrics
,,,distance,3.46716411495043
,,receptorAtoms
,,,atomIndex,1510
,,,atomName,C
,,,chain,X
,,,resID,380
,,,resName,ALA
,closeContacts.196
,,ligandAtoms
,,,atomIndex,46
,,,atomName,N6
,,,chain,X
,,,resID,1
,,,resName,UNL
,,metrics
,,,distance,2.9258381705077268
,,receptorAtoms
,,,atomIndex,1514
,,,atomName,N
,,,chain,X
,,,resID,381
,,,resName,ASP
,closeContacts.197
,,ligandAtoms
,,,atomIndex,46
,,,atomName,N6
,,,chain,X
,,,resID,1
,,,resName,UNL
,,metrics
,,,distance,3.82236445148811
,,receptorAtoms
,,,atomIndex,1515
,,,atomName,CA
,,,chain,X
,,,resID,381
,,,resName,ASP
,closeContacts.198
,,ligandAtoms
,,,atomIndex,46
,,,atomName,N6
,,,chain,X
,,,resID,1
,,,resName,UNL
,,metrics
,,,distance,3.620964512391692
,,receptorAtoms
,,,atomIndex,1517
,,,atomName,O
,,,chain,X
,,,resID,381
,,,resName,ASP
,closeContacts.199
,,ligandAtoms
,,,atomIndex,46
,,,atomName,N6
,,,chain,X
,,,resID,1
,,,resName,UNL
,,metrics
,,,distance,3.812112931170849
,,receptorAtoms
,,,atomIndex,1518
,,,atomName,CB
,,,chain,X
,,,resID,381
,,,resName,ASP
,closeContacts.200
,,ligandAtoms
,,,atomIndex,46
,,,atomName,N6
,,,chain,X
,,,resID,1
,,,resName,UNL
,,metrics
,,,distance,2.459213492155572
,,receptorAtoms
,,,atomIndex,1522
,,,atomName,H
,,,chain,X
,,,resID,381
,,,resName,ASP
,closeContacts.201
,,ligandAtoms
,,,atomIndex,47
,,,atomName,C21
,,,chain,X
,,,resID,1
,,,resName,UNL
,,metrics
,,,distance,3.7324516071879623
,,receptorAtoms
,,,atomIndex,590
,,,atomName,OE2
,,,chain,X
,,,resID,286
,,,resName,GLU
,closeContacts.202
,,ligandAtoms
,,,atomIndex,47
,,,atomName,C21
,,,chain,X
,,,resID,1
,,,resName,UNL
,,metrics
,,,distance,3.469146004422413
,,receptorAtoms
,,,atomIndex,1514
,,,atomName,N
,,,chain,X
,,,resID,381
,,,resName,ASP
,closeContacts.203
,,ligandAtoms
,,,atomIndex,47
,,,atomName,C21
,,,chain,X
,,,resID,1
,,,resName,UNL
,,metrics
,,,distance,3.877694289136264
,,receptorAtoms
,,,atomIndex,1515
,,,atomName,CA
,,,chain,X
,,,resID,381
,,,resName,ASP
,closeContacts.204
,,ligandAtoms
,,,atomIndex,47
,,,atomName,C21
,,,chain,X
,,,resID,1
,,,resName,UNL
,,metrics
,,,distance,3.937634061209853
,,receptorAtoms
,,,atomIndex,1516
,,,atomName,C
,,,chain,X
,,,resID,381
,,,resName,ASP
,closeContacts.205
,,ligandAtoms
,,,atomIndex,47
,,,atomName,C21
,,,chain,X
,,,resID,1
,,,resName,UNL
,,metrics
,,,distance,3.1690877236201587
,,receptorAtoms
,,,atomIndex,1517
,,,atomName,O
,,,chain,X
,,,resID,381
,,,resName,ASP
,closeContacts.206
,,ligandAtoms
,,,atomIndex,47
,,,atomName,C21
,,,chain,X
,,,resID,1
,,,resName,UNL
,,metrics
,,,distance,3.5701994342053216
,,receptorAtoms
,,,atomIndex,1518
,,,atomName,CB
,,,chain,X
,,,resID,381
,,,resName,ASP
,closeContacts.207
,,ligandAtoms
,,,atomIndex,47
,,,atomName,C21
,,,chain,X
,,,resID,1
,,,resName,UNL
,,metrics
,,,distance,3.0398634837768617
,,receptorAtoms
,,,atomIndex,1522
,,,atomName,H
,,,chain,X
,,,resID,381
,,,resName,ASP
,closeContacts.208
,,ligandAtoms
,,,atomIndex,48
,,,atomName,C33
,,,chain,X
,,,resID,1
,,,resName,UNL
,,metrics
,,,distance,3.565850529677315
,,receptorAtoms
,,,atomIndex,711
,,,atomName,CG2
,,,chain,X
,,,resID,299
,,,resName,VAL
,closeContacts.209
,,ligandAtoms
,,,atomIndex,48
,,,atomName,C33
,,,chain,X
,,,resID,1
,,,resName,UNL
,,metrics
,,,distance,3.177175003049091
,,receptorAtoms
,,,atomIndex,1509
,,,atomName,CA
,,,chain,X
,,,resID,380
,,,resName,ALA
,closeContacts.210
,,ligandAtoms
,,,atomIndex,48
,,,atomName,C33
,,,chain,X
,,,resID,1
,,,resName,UNL
,,metrics
,,,distance,3.163802459067252
,,receptorAtoms
,,,atomIndex,1510
,,,atomName,C
,,,chain,X
,,,resID,380
,,,resName,ALA
,closeContacts.211
,,ligandAtoms
,,,atomIndex,48
,,,atomName,C33
,,,chain,X
,,,resID,1
,,,resName,UNL
,,metrics
,,,distance,3.8637620268334327
,,receptorAtoms
,,,atomIndex,1511
,,,atomName,O
,,,chain,X
,,,resID,380
,,,resName,ALA
,closeContacts.212
,,ligandAtoms
,,,atomIndex,48
,,,atomName,C33
,,,chain,X
,,,resID,1
,,,resName,UNL
,,metrics
,,,distance,3.1684611406801246
,,receptorAtoms
,,,atomIndex,1514
,,,atomName,N
,,,chain,X
,,,resID,381
,,,resName,ASP
,closeContacts.213
,,ligandAtoms
,,,atomIndex,48
,,,atomName,C33
,,,chain,X
,,,resID,1
,,,resName,UNL
,,metrics
,,,distance,3.9568929730282068
,,receptorAtoms
,,,atomIndex,1518
,,,atomName,CB
,,,chain,X
,,,resID,381
,,,resName,ASP
,closeContacts.214
,,ligandAtoms
,,,atomIndex,48
,,,atomName,C33
,,,chain,X
,,,resID,1
,,,resName,UNL
,,metrics
,,,distance,3.0865887319174865
,,receptorAtoms
,,,atomIndex,1522
,,,atomName,H
,,,chain,X
,,,resID,381
,,,resName,ASP
,closeContacts.215
,,ligandAtoms
,,,atomIndex,49
,,,atomName,C22
,,,chain,X
,,,resID,1
,,,resName,UNL
,,metrics
,,,distance,3.7953964219828205
,,receptorAtoms
,,,atomIndex,588
,,,atomName,CD
,,,chain,X
,,,resID,286
,,,resName,GLU
,closeContacts.216
,,ligandAtoms
,,,atomIndex,49
,,,atomName,C22
,,,chain,X
,,,resID,1
,,,resName,UNL
,,metrics
,,,distance,2.7193171937087435
,,receptorAtoms
,,,atomIndex,590
,,,atomName,OE2
,,,chain,X
,,,resID,286
,,,resName,GLU
,closeContacts.217
,,ligandAtoms
,,,atomIndex,49
,,,atomName,C22
,,,chain,X
,,,resID,1
,,,resName,UNL
,,metrics
,,,distance,3.8840866365208693
,,receptorAtoms
,,,atomIndex,1514
,,,atomName,N
,,,chain,X
,,,resID,381
,,,resName,ASP
,closeContacts.218
,,ligandAtoms
,,,atomIndex,49
,,,atomName,C22
,,,chain,X
,,,resID,1
,,,resName,UNL
,,metrics
,,,distance,3.8287445723108773
,,receptorAtoms
,,,atomIndex,1516
,,,atomName,C
,,,chain,X
,,,resID,381
,,,resName,ASP
,closeContacts.219
,,ligandAtoms
,,,atomIndex,49
,,,atomName,C22
,,,chain,X
,,,resID,1
,,,resName,UNL
,,metrics
,,,distance,2.7552088850030954
,,receptorAtoms
,,,atomIndex,1517
,,,atomName,O
,,,chain,X
,,,resID,381
,,,resName,ASP
,closeContacts.220
,,ligandAtoms
,,,atomIndex,49
,,,atomName,C22
,,,chain,X
,,,resID,1
,,,resName,UNL
,,metrics
,,,distance,3.1808393546358174
,,receptorAtoms
,,,atomIndex,1522
,,,atomName,H
,,,chain,X
,,,resID,381
,,,resName,ASP
,closeContacts.221
,,ligandAtoms
,,,atomIndex,50
,,,atomName,C23
,,,chain,X
,,,resID,1
,,,resName,UNL
,,metrics
,,,distance,3.9094607044962104
,,receptorAtoms
,,,atomIndex,1517
,,,atomName,O
,,,chain,X
,,,resID,381
,,,resName,ASP
,closeContacts.222
,,ligandAtoms
,,,atomIndex,50
,,,atomName,C23
,,,chain,X
,,,resID,1
,,,resName,UNL
,,metrics
,,,distance,3.422546712610363
,,receptorAtoms
,,,atomIndex,1518
,,,atomName,CB
,,,chain,X
,,,resID,381
,,,resName,ASP
,closeContacts.223
,,ligandAtoms
,,,atomIndex,51
,,,atomName,N7
,,,chain,X
,,,resID,1
,,,resName,UNL
,,metrics
,,,distance,3.7917687165754193
,,receptorAtoms
,,,atomIndex,1518
,,,atomName,CB
,,,chain,X
,,,resID,381
,,,resName,ASP
,closeContacts.224
,,ligandAtoms
,,,atomIndex,53
,,,atomName,O4
,,,chain,X
,,,resID,1
,,,resName,UNL
,,metrics
,,,distance,3.854753169789215
,,receptorAtoms
,,,atomIndex,587
,,,atomName,CG
,,,chain,X
,,,resID,286
,,,resName,GLU
,closeContacts.225
,,ligandAtoms
,,,atomIndex,53
,,,atomName,O4
,,,chain,X
,,,resID,1
,,,resName,UNL
,,metrics
,,,distance,3.9597643869301113
,,receptorAtoms
,,,atomIndex,588
,,,atomName,CD
,,,chain,X
,,,resID,286
,,,resName,GLU
,closeContacts.226
,,ligandAtoms
,,,atomIndex,53
,,,atomName,O4
,,,chain,X
,,,resID,1
,,,resName,UNL
,,metrics
,,,distance,3.7353114997279673
,,receptorAtoms
,,,atomIndex,590
,,,atomName,OE2
,,,chain,X
,,,resID,286
,,,resName,GLU
,closeContacts.227
,,ligandAtoms
,,,atomIndex,53
,,,atomName,O4
,,,chain,X
,,,resID,1
,,,resName,UNL
,,metrics
,,,distance,3.6837343823896966
,,receptorAtoms
,,,atomIndex,1518
,,,atomName,CB
,,,chain,X
,,,resID,381
,,,resName,ASP
,closeContacts.228
,,ligandAtoms
,,,atomIndex,53
,,,atomName,O4
,,,chain,X
,,,resID,1
,,,resName,UNL
,,metrics
,,,distance,3.701087813062533
,,receptorAtoms
,,,atomIndex,1521
,,,atomName,OD2
,,,chain,X
,,,resID,381
,,,resName,ASP
,closeContacts.229
,,ligandAtoms
,,,atomIndex,55
,,,atomName,C25
,,,chain,X
,,,resID,1
,,,resName,UNL
,,metrics
,,,distance,3.0481435333658413
,,receptorAtoms
,,,atomIndex,609
,,,atomName,CG1
,,,chain,X
,,,resID,289
,,,resName,VAL
,closeContacts.230
,,ligandAtoms
,,,atomIndex,55
,,,atomName,C25
,,,chain,X
,,,resID,1
,,,resName,UNL
,,metrics
,,,distance,3.4554088036005233
,,receptorAtoms
,,,atomIndex,651
,,,atomName,CD1
,,,chain,X
,,,resID,293
,,,resName,ILE
,closeContacts.231
,,ligandAtoms
,,,atomIndex,56
,,,atomName,N8
,,,chain,X
,,,resID,1
,,,resName,UNL
,,metrics
,,,distance,3.224512521296824
,,receptorAtoms
,,,atomIndex,609
,,,atomName,CG1
,,,chain,X
,,,resID,289
,,,resName,VAL
,closeContacts.232
,,ligandAtoms
,,,atomIndex,57
,,,atomName,C26
,,,chain,X
,,,resID,1
,,,resName,UNL
,,metrics
,,,distance,3.909512885258214
,,receptorAtoms
,,,atomIndex,1313
,,,atomName,O
,,,chain,X
,,,resID,360
,,,resName,ILE
,closeContacts.233
,,ligandAtoms
,,,atomIndex,58
,,,atomName,C32
,,,chain,X
,,,resID,1
,,,resName,UNL
,,metrics
,,,distance,3.0384558578330543
,,receptorAtoms
,,,atomIndex,609
,,,atomName,CG1
,,,chain,X
,,,resID,289
,,,resName,VAL
,closeContacts.234
,,ligandAtoms
,,,atomIndex,58
,,,atomName,C32
,,,chain,X
,,,resID,1
,,,resName,UNL
,,metrics
,,,distance,3.9206331121389058
,,receptorAtoms
,,,atomIndex,1302
,,,atomName,CB
,,,chain,X
,,,resID,359
,,,resName,PHE
,closeContacts.235
,,ligandAtoms
,,,atomIndex,58
,,,atomName,C32
,,,chain,X
,,,resID,1
,,,resName,UNL
,,metrics
,,,distance,3.8777903501865594
,,receptorAtoms
,,,atomIndex,1303
,,,atomName,CG
,,,chain,X
,,,resID,359
,,,resName,PHE
,closeContacts.236
,,ligandAtoms
,,,atomIndex,58
,,,atomName,C32
,,,chain,X
,,,resID,1
,,,resName,UNL
,,metrics
,,,distance,3.862118201194779
,,receptorAtoms
,,,atomIndex,1305
,,,atomName,CD2
,,,chain,X
,,,resID,359
,,,resName,PHE
,closeContacts.237
,,ligandAtoms
,,,atomIndex,59
,,,atomName,C27
,,,chain,X
,,,resID,1
,,,resName,UNL
,,metrics
,,,distance,3.7261741773567167
,,receptorAtoms
,,,atomIndex,1521
,,,atomName,OD2
,,,chain,X
,,,resID,381
,,,resName,ASP
,closeContacts.238
,,ligandAtoms
,,,atomIndex,60
,,,atomName,C28
,,,chain,X
,,,resID,1
,,,resName,UNL
,,metrics
,,,distance,2.9179050704229574
,,receptorAtoms
,,,atomIndex,1313
,,,atomName,O
,,,chain,X
,,,resID,360
,,,resName,ILE
,closeContacts.239
,,ligandAtoms
,,,atomIndex,60
,,,atomName,C28
,,,chain,X
,,,resID,1
,,,resName,UNL
,,metrics
,,,distance,3.551822912252242
,,receptorAtoms
,,,atomIndex,1322
,,,atomName,O
,,,chain,X
,,,resID,361
,,,resName,HIE
,closeContacts.240
,,ligandAtoms
,,,atomIndex,61
,,,atomName,N9
,,,chain,X
,,,resID,1
,,,resName,UNL
,,metrics
,,,distance,3.4784543981486955
,,receptorAtoms
,,,atomIndex,1313
,,,atomName,O
,,,chain,X
,,,resID,360
,,,resName,ILE
,closeContacts.241
,,ligandAtoms
,,,atomIndex,61
,,,atomName,N9
,,,chain,X
,,,resID,1
,,,resName,UNL
,,metrics
,,,distance,3.9193046577167228
,,receptorAtoms
,,,atomIndex,1321
,,,atomName,C
,,,chain,X
,,,resID,361
,,,resName,HIE
,closeContacts.242
,,ligandAtoms
,,,atomIndex,61
,,,atomName,N9
,,,chain,X
,,,resID,1
,,,resName,UNL
,,metrics
,,,distance,2.968857187538666
,,receptorAtoms
,,,atomIndex,1322
,,,atomName,O
,,,chain,X
,,,resID,361
,,,resName,HIE
,closeContacts.243
,,ligandAtoms
,,,atomIndex,62
,,,atomName,H37
,,,chain,X
,,,resID,1
,,,resName,UNL
,,metrics
,,,distance,3.4189836209025626
,,receptorAtoms
,,,atomIndex,1322
,,,atomName,O
,,,chain,X
,,,resID,361
,,,resName,HIE
,closeContacts.244
,,ligandAtoms
,,,atomIndex,62
,,,atomName,H37
,,,chain,X
,,,resID,1
,,,resName,UNL
,,metrics
,,,distance,3.2826757378699467
,,receptorAtoms
,,,atomIndex,1521
,,,atomName,OD2
,,,chain,X
,,,resID,381
,,,resName,ASP
,closeContacts.245
,,ligandAtoms
,,,atomIndex,63
,,,atomName,O5
,,,chain,X
,,,resID,1
,,,resName,UNL
,,metrics
,,,distance,3.4437417150535548
,,receptorAtoms
,,,atomIndex,1312
,,,atomName,C
,,,chain,X
,,,resID,360
,,,resName,ILE
,closeContacts.246
,,ligandAtoms
,,,atomIndex,63
,,,atomName,O5
,,,chain,X
,,,resID,1
,,,resName,UNL
,,metrics
,,,distance,2.266463765428426
,,receptorAtoms
,,,atomIndex,1313
,,,atomName,O
,,,chain,X
,,,resID,360
,,,resName,ILE
,closeContacts.247
,,ligandAtoms
,,,atomIndex,63
,,,atomName,O5
,,,chain,X
,,,resID,1
,,,resName,UNL
,,metrics
,,,distance,3.388587611380293
,,receptorAtoms
,,,atomIndex,1318
,,,atomName,H
,,,chain,X
,,,resID,360
,,,resName,ILE
,closeContacts.248
,,ligandAtoms
,,,atomIndex,64
,,,atomName,C29
,,,chain,X
,,,resID,1
,,,resName,UNL
,,metrics
,,,distance,3.603842948853349
,,receptorAtoms
,,,atomIndex,1313
,,,atomName,O
,,,chain,X
,,,resID,360
,,,resName,ILE
,closeContacts.249
,,ligandAtoms
,,,atomIndex,64
,,,atomName,C29
,,,chain,X
,,,resID,1
,,,resName,UNL
,,metrics
,,,distance,3.190427557554002
,,receptorAtoms
,,,atomIndex,1322
,,,atomName,O
,,,chain,X
,,,resID,361
,,,resName,HIE
,closeContacts.250
,,ligandAtoms
,,,atomIndex,64
,,,atomName,C29
,,,chain,X
,,,resID,1
,,,resName,UNL
,,metrics
,,,distance,3.7573003606312874
,,receptorAtoms
,,,atomIndex,1335
,,,atomName,CB
,,,chain,X
,,,resID,362
,,,resName,ARG
,closeContacts.251
,,ligandAtoms
,,,atomIndex,67
,,,atomName,N11
,,,chain,X
,,,resID,1
,,,resName,UNL
,,metrics
,,,distance,3.9392112154592573
,,receptorAtoms
,,,atomIndex,1312
,,,atomName,C
,,,chain,X
,,,resID,360
,,,resName,ILE
,closeContacts.252
,,ligandAtoms
,,,atomIndex,67
,,,atomName,N11
,,,chain,X
,,,resID,1
,,,resName,UNL
,,metrics
,,,distance,3.050252120727072
,,receptorAtoms
,,,atomIndex,1313
,,,atomName,O
,,,chain,X
,,,resID,360
,,,resName,ILE
,closeContacts.253
,,ligandAtoms
,,,atomIndex,67
,,,atomName,N11
,,,chain,X
,,,resID,1
,,,resName,UNL
,,metrics
,,,distance,3.768114382552632
,,receptorAtoms
,,,atomIndex,1314
,,,atomName,CB
,,,chain,X
,,,resID,360
,,,resName,ILE
,closeContacts.254
,,ligandAtoms
,,,atomIndex,67
,,,atomName,N11
,,,chain,X
,,,resID,1
,,,resName,UNL
,,metrics
,,,distance,3.849427230121386
,,receptorAtoms
,,,atomIndex,1318
,,,atomName,H
,,,chain,X
,,,resID,360
,,,resName,ILE
,closeContacts.255
,,ligandAtoms
,,,atomIndex,68
,,,atomName,H39
,,,chain,X
,,,resID,1
,,,resName,UNL
,,metrics
,,,distance,3.8181798019475197
,,receptorAtoms
,,,atomIndex,1310
,,,atomName,N
,,,chain,X
,,,resID,360
,,,resName,ILE
,closeContacts.256
,,ligandAtoms
,,,atomIndex,68
,,,atomName,H39
,,,chain,X
,,,resID,1
,,,resName,UNL
,,metrics
,,,distance,3.7003629551707493
,,receptorAtoms
,,,atomIndex,1311
,,,atomName,CA
,,,chain,X
,,,resID,360
,,,resName,ILE
,closeContacts.257
,,ligandAtoms
,,,atomIndex,68
,,,atomName,H39
,,,chain,X
,,,resID,1
,,,resName,UNL
,,metrics
,,,distance,3.1450011128773863
,,receptorAtoms
,,,atomIndex,1312
,,,atomName,C
,,,chain,X
,,,resID,360
,,,resName,ILE
,closeContacts.258
,,ligandAtoms
,,,atomIndex,68
,,,atomName,H39
,,,chain,X
,,,resID,1
,,,resName,UNL
,,metrics
,,,distance,2.133664219131023
,,receptorAtoms
,,,atomIndex,1313
,,,atomName,O
,,,chain,X
,,,resID,360
,,,resName,ILE
,closeContacts.259
,,ligandAtoms
,,,atomIndex,68
,,,atomName,H39
,,,chain,X
,,,resID,1
,,,resName,UNL
,,metrics
,,,distance,3.5122518417676143
,,receptorAtoms
,,,atomIndex,1314
,,,atomName,CB
,,,chain,X
,,,resID,360
,,,resName,ILE
,closeContacts.260
,,ligandAtoms
,,,atomIndex,68
,,,atomName,H39
,,,chain,X
,,,resID,1
,,,resName,UNL
,,metrics
,,,distance,3.160895284567333
,,receptorAtoms
,,,atomIndex,1318
,,,atomName,H
,,,chain,X
,,,resID,360
,,,resName,ILE
,closeContacts.261
,,ligandAtoms
,,,atomIndex,69
,,,atomName,H40
,,,chain,X
,,,resID,1
,,,resName,UNL
,,metrics
,,,distance,3.499948142472971
,,receptorAtoms
,,,atomIndex,1313
,,,atomName,O
,,,chain,X
,,,resID,360
,,,resName,ILE
,closeContacts.262
,,ligandAtoms
,,,atomIndex,69
,,,atomName,H40
,,,chain,X
,,,resID,1
,,,resName,UNL
,,metrics
,,,distance,3.4077293026295385
,,receptorAtoms
,,,atomIndex,1314
,,,atomName,CB
,,,chain,X
,,,resID,360
,,,resName,ILE
,closeContacts.263
,,ligandAtoms
,,,atomIndex,69
,,,atomName,H40
,,,chain,X
,,,resID,1
,,,resName,UNL
,,metrics
,,,distance,3.66396138080084
,,receptorAtoms
,,,atomIndex,1318
,,,atomName,H
,,,chain,X
,,,resID,360
,,,resName,ILE
,closeContacts.264
,,ligandAtoms
,,,atomIndex,71
,,,atomName,H38
,,,chain,X
,,,resID,1
,,,resName,UNL
,,metrics
,,,distance,3.428980314904126
,,receptorAtoms
,,,atomIndex,580
,,,atomName,HZ2
,,,chain,X
,,,resID,285
,,,resName,LYS
closestContacts
,closestContacts.1
,,ligandAtoms
,,,atomIndex,16
,,,atomName,C34
,,,chain,X
,,,resID,1
,,,resName,UNL
,,metrics
,,,distance,1.9755335988031157
,,receptorAtoms
,,,atomIndex,897
,,,atomName,H
,,,chain,X
,,,resID,318
,,,resName,MET
,closestContacts.2
,,ligandAtoms
,,,atomIndex,20
,,,atomName,H33
,,,chain,X
,,,resID,1
,,,resName,UNL
,,metrics
,,,distance,2.3605942048560578
,,receptorAtoms
,,,atomIndex,922
,,,atomName,CA
,,,chain,X
,,,resID,321
,,,resName,GLY
,closestContacts.3
,,ligandAtoms
,,,atomIndex,35
,,,atomName,H42
,,,chain,X
,,,resID,1
,,,resName,UNL
,,metrics
,,,distance,2.030337410382816
,,receptorAtoms
,,,atomIndex,910
,,,atomName,O
,,,chain,X
,,,resID,320
,,,resName,TYR
,closestContacts.4
,,ligandAtoms
,,,atomIndex,39
,,,atomName,H44
,,,chain,X
,,,resID,1
,,,resName,UNL
,,metrics
,,,distance,2.279057041848667
,,receptorAtoms
,,,atomIndex,910
,,,atomName,O
,,,chain,X
,,,resID,320
,,,resName,TYR
,closestContacts.5
,,ligandAtoms
,,,atomIndex,45
,,,atomName,C20
,,,chain,X
,,,resID,1
,,,resName,UNL
,,metrics
,,,distance,2.246032279376233
,,receptorAtoms
,,,atomIndex,1522
,,,atomName,H
,,,chain,X
,,,resID,381
,,,resName,ASP
,closestContacts.6
,,ligandAtoms
,,,atomIndex,46
,,,atomName,N6
,,,chain,X
,,,resID,1
,,,resName,UNL
,,metrics
,,,distance,2.459213492155572
,,receptorAtoms
,,,atomIndex,1522
,,,atomName,H
,,,chain,X
,,,resID,381
,,,resName,ASP
,closestContacts.7
,,ligandAtoms
,,,atomIndex,63
,,,atomName,O5
,,,chain,X
,,,resID,1
,,,resName,UNL
,,metrics
,,,distance,2.266463765428426
,,receptorAtoms
,,,atomIndex,1313
,,,atomName,O
,,,chain,X
,,,resID,360
,,,resName,ILE
,closestContacts.8
,,ligandAtoms
,,,atomIndex,68
,,,atomName,H39
,,,chain,X
,,,resID,1
,,,resName,UNL
,,metrics
,,,distance,2.133664219131023
,,receptorAtoms
,,,atomIndex,1313
,,,atomName,O
,,,chain,X
,,,resID,360
,,,resName,ILE
electrostaticEnergies
,C_C,0
,C_HH,0
,C_N,0
,C_NN,0
,C_OO,0
,HH_HH,0
,HH_N,0
,HH_OO,0
,NN_OO,0
,N_N,0
,N_OO,0
,OO_OO,0
,OO_SS,0
halogenBonds,none
hydrogenBonds
,hydrogenBonds.1
,,ligandAtoms
,,,atomIndex,15
,,,atomName,N3
,,,chain,X
,,,resID,1
,,,resName,UNL
,,metrics
,,,angle,26.20491698034533
,,,distance,3.790753355205267
,,receptorAtoms
,,,receptorAtoms.1
,,,,atomIndex,889
,,,,atomName,N
,,,,chain,X
,,,,resID,318
,,,,resName,MET
,,,receptorAtoms.2
,,,,atomIndex,897
,,,,atomName,H
,,,,chain,X
,,,,resID,318
,,,,resName,MET
,hydrogenBonds.2
,,ligandAtoms
,,,atomIndex,25
,,,atomName,N1
,,,chain,X
,,,resID,1
,,,resName,UNL
,,metrics
,,,angle,27.02324471217122
,,,distance,3.5541416685326435
,,receptorAtoms
,,,receptorAtoms.1
,,,,atomIndex,932
,,,,atomName,ND2
,,,,chain,X
,,,,resID,322
,,,,resName,ASN
,,,receptorAtoms.2
,,,,atomIndex,9351
,,,,atomName,1HD2
,,,,chain,X
,,,,resID,322
,,,,resName,ASN
,hydrogenBonds.3
,,ligandAtoms
,,,ligandAtoms.1
,,,,atomIndex,67
,,,,atomName,N11
,,,,chain,X
,,,,resID,1
,,,,resName,UNL
,,,ligandAtoms.2
,,,,atomIndex,68
,,,,atomName,H39
,,,,chain,X
,,,,resID,1
,,,,resName,UNL
,,metrics
,,,angle,30.64750820084342
,,,distance,3.050252120727072
,,receptorAtoms
,,,atomIndex,1313
,,,atomName,O
,,,chain,X
,,,resID,360
,,,resName,ILE
hydrophobicContacts
,hydrophobicContacts.1
,,ligandAtoms
,,,atomIndex,1
,,,atomName,C12
,,,chain,X
,,,resID,1
,,,resName,UNL
,,metrics
,,,distance,3.4577411701861083
,,receptorAtoms
,,,atomIndex,419
,,,atomName,CB
,,,chain,X
,,,resID,269
,,,resName,ALA
,hydrophobicContacts.2
,,ligandAtoms
,,,atomIndex,1
,,,atomName,C12
,,,chain,X
,,,resID,1
,,,resName,UNL
,,metrics
,,,distance,3.827266518025626
,,receptorAtoms
,,,atomIndex,1532
,,,atomName,CE2
,,,chain,X
,,,resID,382
,,,resName,PHE
,hydrophobicContacts.3
,,ligandAtoms
,,,atomIndex,2
,,,atomName,C13
,,,chain,X
,,,resID,1
,,,resName,UNL
,,metrics
,,,distance,3.9928273190810555
,,receptorAtoms
,,,atomIndex,284
,,,atomName,CB
,,,chain,X
,,,resID,256
,,,resName,VAL
,hydrophobicContacts.4
,,ligandAtoms
,,,atomIndex,2
,,,atomName,C13
,,,chain,X
,,,resID,1
,,,resName,UNL
,,metrics
,,,distance,3.865406058876609
,,receptorAtoms
,,,atomIndex,285
,,,atomName,CG1
,,,chain,X
,,,resID,256
,,,resName,VAL
,hydrophobicContacts.5
,,ligandAtoms
,,,atomIndex,2
,,,atomName,C13
,,,chain,X
,,,resID,1
,,,resName,UNL
,,metrics
,,,distance,3.519692884329543
,,receptorAtoms
,,,atomIndex,417
,,,atomName,C
,,,chain,X
,,,resID,269
,,,resName,ALA
,hydrophobicContacts.6
,,ligandAtoms
,,,atomIndex,2
,,,atomName,C13
,,,chain,X
,,,resID,1
,,,resName,UNL
,,metrics
,,,distance,3.451718557472496
,,receptorAtoms
,,,atomIndex,419
,,,atomName,CB
,,,chain,X
,,,resID,269
,,,resName,ALA
,hydrophobicContacts.7
,,ligandAtoms
,,,atomIndex,2
,,,atomName,C13
,,,chain,X
,,,resID,1
,,,resName,UNL
,,metrics
,,,distance,3.865142817542452
,,receptorAtoms
,,,atomIndex,422
,,,atomName,CA
,,,chain,X
,,,resID,270
,,,resName,VAL
,hydrophobicContacts.8
,,ligandAtoms
,,,atomIndex,2
,,,atomName,C13
,,,chain,X
,,,resID,1
,,,resName,UNL
,,metrics
,,,distance,3.6113341025166874
,,receptorAtoms
,,,atomIndex,423
,,,atomName,C
,,,chain,X
,,,resID,270
,,,resName,VAL
,hydrophobicContacts.9
,,ligandAtoms
,,,atomIndex,3
,,,atomName,C14
,,,chain,X
,,,resID,1
,,,resName,UNL
,,metrics
,,,distance,3.9635727569958896
,,receptorAtoms
,,,atomIndex,417
,,,atomName,C
,,,chain,X
,,,resID,269
,,,resName,ALA
,hydrophobicContacts.10
,,ligandAtoms
,,,atomIndex,3
,,,atomName,C14
,,,chain,X
,,,resID,1
,,,resName,UNL
,,metrics
,,,distance,3.7949624504071173
,,receptorAtoms
,,,atomIndex,422
,,,atomName,CA
,,,chain,X
,,,resID,270
,,,resName,VAL
,hydrophobicContacts.11
,,ligandAtoms
,,,atomIndex,3
,,,atomName,C14
,,,chain,X
,,,resID,1
,,,resName,UNL
,,metrics
,,,distance,3.4749798560567227
,,receptorAtoms
,,,atomIndex,423
,,,atomName,C
,,,chain,X
,,,resID,270
,,,resName,VAL
,hydrophobicContacts.12
,,ligandAtoms
,,,atomIndex,3
,,,atomName,C14
,,,chain,X
,,,resID,1
,,,resName,UNL
,,metrics
,,,distance,3.614289556745558
,,receptorAtoms
,,,atomIndex,430
,,,atomName,CA
,,,chain,X
,,,resID,271
,,,resName,LYS
,hydrophobicContacts.13
,,ligandAtoms
,,,atomIndex,3
,,,atomName,C14
,,,chain,X
,,,resID,1
,,,resName,UNL
,,metrics
,,,distance,3.2686683833022907
,,receptorAtoms
,,,atomIndex,433
,,,atomName,CB
,,,chain,X
,,,resID,271
,,,resName,LYS
,hydrophobicContacts.14
,,ligandAtoms
,,,atomIndex,4
,,,atomName,C15
,,,chain,X
,,,resID,1
,,,resName,UNL
,,metrics
,,,distance,3.7153975561169763
,,receptorAtoms
,,,atomIndex,433
,,,atomName,CB
,,,chain,X
,,,resID,271
,,,resName,LYS
,hydrophobicContacts.15
,,ligandAtoms
,,,atomIndex,4
,,,atomName,C15
,,,chain,X
,,,resID,1
,,,resName,UNL
,,metrics
,,,distance,3.9797513741438664
,,receptorAtoms
,,,atomIndex,846
,,,atomName,CG2
,,,chain,X
,,,resID,313
,,,resName,ILE
,hydrophobicContacts.16
,,ligandAtoms
,,,atomIndex,5
,,,atomName,C16
,,,chain,X
,,,resID,1
,,,resName,UNL
,,metrics
,,,distance,3.978271106900584
,,receptorAtoms
,,,atomIndex,865
,,,atomName,CD1
,,,chain,X
,,,resID,315
,,,resName,ILE
,hydrophobicContacts.17
,,ligandAtoms
,,,atomIndex,6
,,,atomName,C17
,,,chain,X
,,,resID,1
,,,resName,UNL
,,metrics
,,,distance,3.9374603490067046
,,receptorAtoms
,,,atomIndex,863
,,,atomName,CG1
,,,chain,X
,,,resID,315
,,,resName,ILE
,hydrophobicContacts.18
,,ligandAtoms
,,,atomIndex,6
,,,atomName,C17
,,,chain,X
,,,resID,1
,,,resName,UNL
,,metrics
,,,distance,3.7356941791319054
,,receptorAtoms
,,,atomIndex,865
,,,atomName,CD1
,,,chain,X
,,,resID,315
,,,resName,ILE
,hydrophobicContacts.19
,,ligandAtoms
,,,atomIndex,6
,,,atomName,C17
,,,chain,X
,,,resID,1
,,,resName,UNL
,,metrics
,,,distance,3.534778210864155
,,receptorAtoms
,,,atomIndex,1532
,,,atomName,CE2
,,,chain,X
,,,resID,382
,,,resName,PHE
,hydrophobicContacts.20
,,ligandAtoms
,,,atomIndex,7
,,,atomName,C11
,,,chain,X
,,,resID,1
,,,resName,UNL
,,metrics
,,,distance,3.0908307944628732
,,receptorAtoms
,,,atomIndex,419
,,,atomName,CB
,,,chain,X
,,,resID,269
,,,resName,ALA
,hydrophobicContacts.21
,,ligandAtoms
,,,atomIndex,7
,,,atomName,C11
,,,chain,X
,,,resID,1
,,,resName,UNL
,,metrics
,,,distance,3.581759623425335
,,receptorAtoms
,,,atomIndex,1532
,,,atomName,CE2
,,,chain,X
,,,resID,382
,,,resName,PHE
,hydrophobicContacts.22
,,ligandAtoms
,,,atomIndex,11
,,,atomName,C9
,,,chain,X
,,,resID,1
,,,resName,UNL
,,metrics
,,,distance,3.933463105203862
,,receptorAtoms
,,,atomIndex,419
,,,atomName,CB
,,,chain,X
,,,resID,269
,,,resName,ALA
,hydrophobicContacts.23
,,ligandAtoms
,,,atomIndex,11
,,,atomName,C9
,,,chain,X
,,,resID,1
,,,resName,UNL
,,metrics
,,,distance,3.9249872611258243
,,receptorAtoms
,,,atomIndex,1420
,,,atomName,CD1
,,,chain,X
,,,resID,370
,,,resName,LEU
,hydrophobicContacts.24
,,ligandAtoms
,,,atomIndex,11
,,,atomName,C9
,,,chain,X
,,,resID,1
,,,resName,UNL
,,metrics
,,,distance,3.618225670131701
,,receptorAtoms
,,,atomIndex,1421
,,,atomName,CD2
,,,chain,X
,,,resID,370
,,,resName,LEU
,hydrophobicContacts.25
,,ligandAtoms
,,,atomIndex,11
,,,atomName,C9
,,,chain,X
,,,resID,1
,,,resName,UNL
,,metrics
,,,distance,3.90545503110713
,,receptorAtoms
,,,atomIndex,1533
,,,atomName,CZ
,,,chain,X
,,,resID,382
,,,resName,PHE
,hydrophobicContacts.26
,,ligandAtoms
,,,atomIndex,12
,,,atomName,C10
,,,chain,X
,,,resID,1
,,,resName,UNL
,,metrics
,,,distance,3.6352123734384487
,,receptorAtoms
,,,atomIndex,1421
,,,atomName,CD2
,,,chain,X
,,,resID,370
,,,resName,LEU
,hydrophobicContacts.27
,,ligandAtoms
,,,atomIndex,12
,,,atomName,C10
,,,chain,X
,,,resID,1
,,,resName,UNL
,,metrics
,,,distance,3.8616795568767737
,,receptorAtoms
,,,atomIndex,1533
,,,atomName,CZ
,,,chain,X
,,,resID,382
,,,resName,PHE
,hydrophobicContacts.28
,,ligandAtoms
,,,atomIndex,13
,,,atomName,C7
,,,chain,X
,,,resID,1
,,,resName,UNL
,,metrics
,,,distance,3.995742859594448
,,receptorAtoms
,,,atomIndex,922
,,,atomName,CA
,,,chain,X
,,,resID,321
,,,resName,GLY
,hydrophobicContacts.29
,,ligandAtoms
,,,atomIndex,13
,,,atomName,C7
,,,chain,X
,,,resID,1
,,,resName,UNL
,,metrics
,,,distance,3.2926635115055407
,,receptorAtoms
,,,atomIndex,1421
,,,atomName,CD2
,,,chain,X
,,,resID,370
,,,resName,LEU
,hydrophobicContacts.30
,,ligandAtoms
,,,atomIndex,14
,,,atomName,C8
,,,chain,X
,,,resID,1
,,,resName,UNL
,,metrics
,,,distance,3.9869242531053937
,,receptorAtoms
,,,atomIndex,893
,,,atomName,CB
,,,chain,X
,,,resID,318
,,,resName,MET
,hydrophobicContacts.31
,,ligandAtoms
,,,atomIndex,14
,,,atomName,C8
,,,chain,X
,,,resID,1
,,,resName,UNL
,,metrics
,,,distance,3.998856586575718
,,receptorAtoms
,,,atomIndex,922
,,,atomName,CA
,,,chain,X
,,,resID,321
,,,resName,GLY
,hydrophobicContacts.32
,,ligandAtoms
,,,atomIndex,14
,,,atomName,C8
,,,chain,X
,,,resID,1
,,,resName,UNL
,,metrics
,,,distance,3.067942959052532
,,receptorAtoms
,,,atomIndex,1421
,,,atomName,CD2
,,,chain,X
,,,resID,370
,,,resName,LEU
,hydrophobicContacts.33
,,ligandAtoms
,,,atomIndex,16
,,,atomName,C34
,,,chain,X
,,,resID,1
,,,resName,UNL
,,metrics
,,,distance,3.7195259106504426
,,receptorAtoms
,,,atomIndex,878
,,,atomName,CA
,,,chain,X
,,,resID,317
,,,resName,PHE
,hydrophobicContacts.34
,,ligandAtoms
,,,atomIndex,16
,,,atomName,C34
,,,chain,X
,,,resID,1
,,,resName,UNL
,,metrics
,,,distance,3.6022855244969123
,,receptorAtoms
,,,atomIndex,879
,,,atomName,C
,,,chain,X
,,,resID,317
,,,resName,PHE
,hydrophobicContacts.35
,,ligandAtoms
,,,atomIndex,16
,,,atomName,C34
,,,chain,X
,,,resID,1
,,,resName,UNL
,,metrics
,,,distance,3.575446965066044
,,receptorAtoms
,,,atomIndex,890
,,,atomName,CA
,,,chain,X
,,,resID,318
,,,resName,MET
,hydrophobicContacts.36
,,ligandAtoms
,,,atomIndex,16
,,,atomName,C34
,,,chain,X
,,,resID,1
,,,resName,UNL
,,metrics
,,,distance,3.279205544030444
,,receptorAtoms
,,,atomIndex,893
,,,atomName,CB
,,,chain,X
,,,resID,318
,,,resName,MET
,hydrophobicContacts.37
,,ligandAtoms
,,,atomIndex,16
,,,atomName,C34
,,,chain,X
,,,resID,1
,,,resName,UNL
,,metrics
,,,distance,3.3115220065703914
,,receptorAtoms
,,,atomIndex,894
,,,atomName,CG
,,,chain,X
,,,resID,318
,,,resName,MET
,hydrophobicContacts.38
,,ligandAtoms
,,,atomIndex,16
,,,atomName,C34
,,,chain,X
,,,resID,1
,,,resName,UNL
,,metrics
,,,distance,3.65261303726524
,,receptorAtoms
,,,atomIndex,1420
,,,atomName,CD1
,,,chain,X
,,,resID,370
,,,resName,LEU
,hydrophobicContacts.39
,,ligandAtoms
,,,atomIndex,21
,,,atomName,C5
,,,chain,X
,,,resID,1
,,,resName,UNL
,,metrics
,,,distance,3.9994630889658187
,,receptorAtoms
,,,atomIndex,922
,,,atomName,CA
,,,chain,X
,,,resID,321
,,,resName,GLY
,hydrophobicContacts.40
,,ligandAtoms
,,,atomIndex,22
,,,atomName,C4
,,,chain,X
,,,resID,1
,,,resName,UNL
,,metrics
,,,distance,3.417326440362407
,,receptorAtoms
,,,atomIndex,922
,,,atomName,CA
,,,chain,X
,,,resID,321
,,,resName,GLY
,hydrophobicContacts.41
,,ligandAtoms
,,,atomIndex,26
,,,atomName,C1
,,,chain,X
,,,resID,1
,,,resName,UNL
,,metrics
,,,distance,3.221631574218257
,,receptorAtoms
,,,atomIndex,225
,,,atomName,CA
,,,chain,X
,,,resID,249
,,,resName,GLY
,hydrophobicContacts.42
,,ligandAtoms
,,,atomIndex,26
,,,atomName,C1
,,,chain,X
,,,resID,1
,,,resName,UNL
,,metrics
,,,distance,3.476760129775994
,,receptorAtoms
,,,atomIndex,256
,,,atomName,CG
,,,chain,X
,,,resID,253
,,,resName,TYR
,hydrophobicContacts.43
,,ligandAtoms
,,,atomIndex,26
,,,atomName,C1
,,,chain,X
,,,resID,1
,,,resName,UNL
,,metrics
,,,distance,3.0950917595444567
,,receptorAtoms
,,,atomIndex,257
,,,atomName,CD1
,,,chain,X
,,,resID,253
,,,resName,TYR
,hydrophobicContacts.44
,,ligandAtoms
,,,atomIndex,26
,,,atomName,C1
,,,chain,X
,,,resID,1
,,,resName,UNL
,,metrics
,,,distance,3.989495456821576
,,receptorAtoms
,,,atomIndex,258
,,,atomName,CD2
,,,chain,X
,,,resID,253
,,,resName,TYR
,hydrophobicContacts.45
,,ligandAtoms
,,,atomIndex,26
,,,atomName,C1
,,,chain,X
,,,resID,1
,,,resName,UNL
,,metrics
,,,distance,3.3342370941491235
,,receptorAtoms
,,,atomIndex,259
,,,atomName,CE1
,,,chain,X
,,,resID,253
,,,resName,TYR
,hydrophobicContacts.46
,,ligandAtoms
,,,atomIndex,26
,,,atomName,C1
,,,chain,X
,,,resID,1
,,,resName,UNL
,,metrics
,,,distance,3.8775503865198186
,,receptorAtoms
,,,atomIndex,261
,,,atomName,CZ
,,,chain,X
,,,resID,253
,,,resName,TYR
,hydrophobicContacts.47
,,ligandAtoms
,,,atomIndex,28
,,,atomName,C35
,,,chain,X
,,,resID,1
,,,resName,UNL
,,metrics
,,,distance,3.8303944966543595
,,receptorAtoms
,,,atomIndex,959
,,,atomName,CB
,,,chain,X
,,,resID,325
,,,resName,ASP
,hydrophobicContacts.48
,,ligandAtoms
,,,atomIndex,32
,,,atomName,C37
,,,chain,X
,,,resID,1
,,,resName,UNL
,,metrics
,,,distance,3.4616355960730463
,,receptorAtoms
,,,atomIndex,1010
,,,atomName,CD
,,,chain,X
,,,resID,329
,,,resName,GLU
,hydrophobicContacts.49
,,ligandAtoms
,,,atomIndex,40
,,,atomName,C18
,,,chain,X
,,,resID,1
,,,resName,UNL
,,metrics
,,,distance,3.6848183130244023
,,receptorAtoms
,,,atomIndex,619
,,,atomName,CE
,,,chain,X
,,,resID,290
,,,resName,MET
,hydrophobicContacts.50
,,ligandAtoms
,,,atomIndex,45
,,,atomName,C20
,,,chain,X
,,,resID,1
,,,resName,UNL
,,metrics
,,,distance,3.9090840359347605
,,receptorAtoms
,,,atomIndex,710
,,,atomName,CG1
,,,chain,X
,,,resID,299
,,,resName,VAL
,hydrophobicContacts.51
,,ligandAtoms
,,,atomIndex,45
,,,atomName,C20
,,,chain,X
,,,resID,1
,,,resName,UNL
,,metrics
,,,distance,3.1277482315557306
,,receptorAtoms
,,,atomIndex,711
,,,atomName,CG2
,,,chain,X
,,,resID,299
,,,resName,VAL
,hydrophobicContacts.52
,,ligandAtoms
,,,atomIndex,45
,,,atomName,C20
,,,chain,X
,,,resID,1
,,,resName,UNL
,,metrics
,,,distance,3.4664653467184685
,,receptorAtoms
,,,atomIndex,1509
,,,atomName,CA
,,,chain,X
,,,resID,380
,,,resName,ALA
,hydrophobicContacts.53
,,ligandAtoms
,,,atomIndex,45
,,,atomName,C20
,,,chain,X
,,,resID,1
,,,resName,UNL
,,metrics
,,,distance,3.675149656816712
,,receptorAtoms
,,,atomIndex,1510
,,,atomName,C
,,,chain,X
,,,resID,380
,,,resName,ALA
,hydrophobicContacts.54
,,ligandAtoms
,,,atomIndex,45
,,,atomName,C20
,,,chain,X
,,,resID,1
,,,resName,UNL
,,metrics
,,,distance,3.475913836676621
,,receptorAtoms
,,,atomIndex,1512
,,,atomName,CB
,,,chain,X
,,,resID,380
,,,resName,ALA
,hydrophobicContacts.55
,,ligandAtoms
,,,atomIndex,47
,,,atomName,C21
,,,chain,X
,,,resID,1
,,,resName,UNL
,,metrics
,,,distance,3.877694289136264
,,receptorAtoms
,,,atomIndex,1515
,,,atomName,CA
,,,chain,X
,,,resID,381
,,,resName,ASP
,hydrophobicContacts.56
,,ligandAtoms
,,,atomIndex,47
,,,atomName,C21
,,,chain,X
,,,resID,1
,,,resName,UNL
,,metrics
,,,distance,3.937634061209853
,,receptorAtoms
,,,atomIndex,1516
,,,atomName,C
,,,chain,X
,,,resID,381
,,,resName,ASP
,hydrophobicContacts.57
,,ligandAtoms
,,,atomIndex,47
,,,atomName,C21
,,,chain,X
,,,resID,1
,,,resName,UNL
,,metrics
,,,distance,3.5701994342053216
,,receptorAtoms
,,,atomIndex,1518
,,,atomName,CB
,,,chain,X
,,,resID,381
,,,resName,ASP
,hydrophobicContacts.58
,,ligandAtoms
,,,atomIndex,48
,,,atomName,C33
,,,chain,X
,,,resID,1
,,,resName,UNL
,,metrics
,,,distance,3.565850529677315
,,receptorAtoms
,,,atomIndex,711
,,,atomName,CG2
,,,chain,X
,,,resID,299
,,,resName,VAL
,hydrophobicContacts.59
,,ligandAtoms
,,,atomIndex,48
,,,atomName,C33
,,,chain,X
,,,resID,1
,,,resName,UNL
,,metrics
,,,distance,3.177175003049091
,,receptorAtoms
,,,atomIndex,1509
,,,atomName,CA
,,,chain,X
,,,resID,380
,,,resName,ALA
,hydrophobicContacts.60
,,ligandAtoms
,,,atomIndex,48
,,,atomName,C33
,,,chain,X
,,,resID,1
,,,resName,UNL
,,metrics
,,,distance,3.163802459067252
,,receptorAtoms
,,,atomIndex,1510
,,,atomName,C
,,,chain,X
,,,resID,380
,,,resName,ALA
,hydrophobicContacts.61
,,ligandAtoms
,,,atomIndex,48
,,,atomName,C33
,,,chain,X
,,,resID,1
,,,resName,UNL
,,metrics
,,,distance,3.9568929730282068
,,receptorAtoms
,,,atomIndex,1518
,,,atomName,CB
,,,chain,X
,,,resID,381
,,,resName,ASP
,hydrophobicContacts.62
,,ligandAtoms
,,,atomIndex,49
,,,atomName,C22
,,,chain,X
,,,resID,1
,,,resName,UNL
,,metrics
,,,distance,3.7953964219828205
,,receptorAtoms
,,,atomIndex,588
,,,atomName,CD
,,,chain,X
,,,resID,286
,,,resName,GLU
,hydrophobicContacts.63
,,ligandAtoms
,,,atomIndex,49
,,,atomName,C22
,,,chain,X
,,,resID,1
,,,resName,UNL
,,metrics
,,,distance,3.8287445723108773
,,receptorAtoms
,,,atomIndex,1516
,,,atomName,C
,,,chain,X
,,,resID,381
,,,resName,ASP
,hydrophobicContacts.64
,,ligandAtoms
,,,atomIndex,50
,,,atomName,C23
,,,chain,X
,,,resID,1
,,,resName,UNL
,,metrics
,,,distance,3.422546712610363
,,receptorAtoms
,,,atomIndex,1518
,,,atomName,CB
,,,chain,X
,,,resID,381
,,,resName,ASP
,hydrophobicContacts.65
,,ligandAtoms
,,,atomIndex,55
,,,atomName,C25
,,,chain,X
,,,resID,1
,,,resName,UNL
,,metrics
,,,distance,3.0481435333658413
,,receptorAtoms
,,,atomIndex,609
,,,atomName,CG1
,,,chain,X
,,,resID,289
,,,resName,VAL
,hydrophobicContacts.66
,,ligandAtoms
,,,atomIndex,55
,,,atomName,C25
,,,chain,X
,,,resID,1
,,,resName,UNL
,,metrics
,,,distance,3.4554088036005233
,,receptorAtoms
,,,atomIndex,651
,,,atomName,CD1
,,,chain,X
,,,resID,293
,,,resName,ILE
,hydrophobicContacts.67
,,ligandAtoms
,,,atomIndex,58
,,,atomName,C32
,,,chain,X
,,,resID,1
,,,resName,UNL
,,metrics
,,,distance,3.0384558578330543
,,receptorAtoms
,,,atomIndex,609
,,,atomName,CG1
,,,chain,X
,,,resID,289
,,,resName,VAL
,hydrophobicContacts.68
,,ligandAtoms
,,,atomIndex,58
,,,atomName,C32
,,,chain,X
,,,resID,1
,,,resName,UNL
,,metrics
,,,distance,3.9206331121389058
,,receptorAtoms
,,,atomIndex,1302
,,,atomName,CB
,,,chain,X
,,,resID,359
,,,resName,PHE
,hydrophobicContacts.69
,,ligandAtoms
,,,atomIndex,58
,,,atomName,C32
,,,chain,X
,,,resID,1
,,,resName,UNL
,,metrics
,,,distance,3.8777903501865594
,,receptorAtoms
,,,atomIndex,1303
,,,atomName,CG
,,,chain,X
,,,resID,359
,,,resName,PHE
,hydrophobicContacts.70
,,ligandAtoms
,,,atomIndex,58
,,,atomName,C32
,,,chain,X
,,,resID,1
,,,resName,UNL
,,metrics
,,,distance,3.862118201194779
,,receptorAtoms
,,,atomIndex,1305
,,,atomName,CD2
,,,chain,X
,,,resID,359
,,,resName,PHE
,hydrophobicContacts.71
,,ligandAtoms
,,,atomIndex,64
,,,atomName,C29
,,,chain,X
,,,resID,1
,,,resName,UNL
,,metrics
,,,distance,3.7573003606312874
,,receptorAtoms
,,,atomIndex,1335
,,,atomName,CB
,,,chain,X
,,,resID,362
,,,resName,ARG
ligandAtomTypes
,C,38
,HH,14
,N,13
,NN,1
,OO,6
metalCoordinations,none
piPiStackingInteractions
,piPiStackingInteractions.1
,,ligandAtoms
,,,ligandAtoms.1
,,,,atomIndex,11
,,,,atomName,C9
,,,,chain,X
,,,,resID,1
,,,,resName,UNL
,,,ligandAtoms.2
,,,,atomIndex,12
,,,,atomName,C10
,,,,chain,X
,,,,resID,1
,,,,resName,UNL
,,,ligandAtoms.3
,,,,atomIndex,13
,,,,atomName,C7
,,,,chain,X
,,,,resID,1
,,,,resName,UNL
,,,ligandAtoms.4
,,,,atomIndex,14
,,,,atomName,C8
,,,,chain,X
,,,,resID,1
,,,,resName,UNL
,,,ligandAtoms.5
,,,,atomIndex,15
,,,,atomName,N3
,,,,chain,X
,,,,resID,1
,,,,resName,UNL
,,metrics
,,,angle,7.188007881860114
,,,distance,5.698986860447703
,,receptorAtoms
,,,receptorAtoms.1
,,,,atomIndex,882
,,,,atomName,CG
,,,,chain,X
,,,,resID,317
,,,,resName,PHE
,,,receptorAtoms.2
,,,,atomIndex,883
,,,,atomName,CD1
,,,,chain,X
,,,,resID,317
,,,,resName,PHE
,,,receptorAtoms.3
,,,,atomIndex,885
,,,,atomName,CE1
,,,,chain,X
,,,,resID,317
,,,,resName,PHE
,,,receptorAtoms.4
,,,,atomIndex,887
,,,,atomName,CZ
,,,,chain,X
,,,,resID,317
,,,,resName,PHE
,,,receptorAtoms.5
,,,,atomIndex,886
,,,,atomName,CE2
,,,,chain,X
,,,,resID,317
,,,,resName,PHE
,,,receptorAtoms.6
,,,,atomIndex,884
,,,,atomName,CD2
,,,,chain,X
,,,,resID,317
,,,,resName,PHE
,piPiStackingInteractions.2
,,ligandAtoms
,,,ligandAtoms.1
,,,,atomIndex,12
,,,,atomName,C10
,,,,chain,X
,,,,resID,1
,,,,resName,UNL
,,,ligandAtoms.2
,,,,atomIndex,11
,,,,atomName,C9
,,,,chain,X
,,,,resID,1
,,,,resName,UNL
,,,ligandAtoms.3
,,,,atomIndex,15
,,,,atomName,N3
,,,,chain,X
,,,,resID,1
,,,,resName,UNL
,,,ligandAtoms.4
,,,,atomIndex,14
,,,,atomName,C8
,,,,chain,X
,,,,resID,1
,,,,resName,UNL
,,,ligandAtoms.5
,,,,atomIndex,13
,,,,atomName,C7
,,,,chain,X
,,,,resID,1
,,,,resName,UNL
,,metrics
,,,angle,5.459197919577974
,,,distance,5.698986860447703
,,receptorAtoms
,,,receptorAtoms.1
,,,,atomIndex,882
,,,,atomName,CG
,,,,chain,X
,,,,resID,317
,,,,resName,PHE
,,,receptorAtoms.2
,,,,atomIndex,883
,,,,atomName,CD1
,,,,chain,X
,,,,resID,317
,,,,resName,PHE
,,,receptorAtoms.3
,,,,atomIndex,885
,,,,atomName,CE1
,,,,chain,X
,,,,resID,317
,,,,resName,PHE
,,,receptorAtoms.4
,,,,atomIndex,887
,,,,atomName,CZ
,,,,chain,X
,,,,resID,317
,,,,resName,PHE
,,,receptorAtoms.5
,,,,atomIndex,886
,,,,atomName,CE2
,,,,chain,X
,,,,resID,317
,,,,resName,PHE
,,,receptorAtoms.6
,,,,atomIndex,884
,,,,atomName,CD2
,,,,chain,X
,,,,resID,317
,,,,resName,PHE
,piPiStackingInteractions.3
,,ligandAtoms
,,,ligandAtoms.1
,,,,atomIndex,13
,,,,atomName,C7
,,,,chain,X
,,,,resID,1
,,,,resName,UNL
,,,ligandAtoms.2
,,,,atomIndex,12
,,,,atomName,C10
,,,,chain,X
,,,,resID,1
,,,,resName,UNL
,,,ligandAtoms.3
,,,,atomIndex,11
,,,,atomName,C9
,,,,chain,X
,,,,resID,1
,,,,resName,UNL
,,,ligandAtoms.4
,,,,atomIndex,15
,,,,atomName,N3
,,,,chain,X
,,,,resID,1
,,,,resName,UNL
,,,ligandAtoms.5
,,,,atomIndex,14
,,,,atomName,C8
,,,,chain,X
,,,,resID,1
,,,,resName,UNL
,,metrics
,,,angle,5.271424923082691
,,,distance,5.698986860447702
,,receptorAtoms
,,,receptorAtoms.1
,,,,atomIndex,882
,,,,atomName,CG
,,,,chain,X
,,,,resID,317
,,,,resName,PHE
,,,receptorAtoms.2
,,,,atomIndex,883
,,,,atomName,CD1
,,,,chain,X
,,,,resID,317
,,,,resName,PHE
,,,receptorAtoms.3
,,,,atomIndex,885
,,,,atomName,CE1
,,,,chain,X
,,,,resID,317
,,,,resName,PHE
,,,receptorAtoms.4
,,,,atomIndex,887
,,,,atomName,CZ
,,,,chain,X
,,,,resID,317
,,,,resName,PHE
,,,receptorAtoms.5
,,,,atomIndex,886
,,,,atomName,CE2
,,,,chain,X
,,,,resID,317
,,,,resName,PHE
,,,receptorAtoms.6
,,,,atomIndex,884
,,,,atomName,CD2
,,,,chain,X
,,,,resID,317
,,,,resName,PHE
,piPiStackingInteractions.4
,,ligandAtoms
,,,ligandAtoms.1
,,,,atomIndex,14
,,,,atomName,C8
,,,,chain,X
,,,,resID,1
,,,,resName,UNL
,,,ligandAtoms.2
,,,,atomIndex,13
,,,,atomName,C7
,,,,chain,X
,,,,resID,1
,,,,resName,UNL
,,,ligandAtoms.3
,,,,atomIndex,12
,,,,atomName,C10
,,,,chain,X
,,,,resID,1
,,,,resName,UNL
,,,ligandAtoms.4
,,,,atomIndex,11
,,,,atomName,C9
,,,,chain,X
,,,,resID,1
,,,,resName,UNL
,,,ligandAtoms.5
,,,,atomIndex,15
,,,,atomName,N3
,,,,chain,X
,,,,resID,1
,,,,resName,UNL
,,metrics
,,,angle,5.395846724963633
,,,distance,5.698986860447703
,,receptorAtoms
,,,receptorAtoms.1
,,,,atomIndex,882
,,,,atomName,CG
,,,,chain,X
,,,,resID,317
,,,,resName,PHE
,,,receptorAtoms.2
,,,,atomIndex,883
,,,,atomName,CD1
,,,,chain,X
,,,,resID,317
,,,,resName,PHE
,,,receptorAtoms.3
,,,,atomIndex,885
,,,,atomName,CE1
,,,,chain,X
,,,,resID,317
,,,,resName,PHE
,,,receptorAtoms.4
,,,,atomIndex,887
,,,,atomName,CZ
,,,,chain,X
,,,,resID,317
,,,,resName,PHE
,,,receptorAtoms.5
,,,,atomIndex,886
,,,,atomName,CE2
,,,,chain,X
,,,,resID,317
,,,,resName,PHE
,,,receptorAtoms.6
,,,,atomIndex,884
,,,,atomName,CD2
,,,,chain,X
,,,,resID,317
,,,,resName,PHE
,piPiStackingInteractions.5
,,ligandAtoms
,,,ligandAtoms.1
,,,,atomIndex,15
,,,,atomName,N3
,,,,chain,X
,,,,resID,1
,,,,resName,UNL
,,,ligandAtoms.2
,,,,atomIndex,11
,,,,atomName,C9
,,,,chain,X
,,,,resID,1
,,,,resName,UNL
,,,ligandAtoms.3
,,,,atomIndex,12
,,,,atomName,C10
,,,,chain,X
,,,,resID,1
,,,,resName,UNL
,,,ligandAtoms.4
,,,,atomIndex,13
,,,,atomName,C7
,,,,chain,X
,,,,resID,1
,,,,resName,UNL
,,,ligandAtoms.5
,,,,atomIndex,14
,,,,atomName,C8
,,,,chain,X
,,,,resID,1
,,,,resName,UNL
,,metrics
,,,angle,5.395846724963781
,,,distance,5.698986860447702
,,receptorAtoms
,,,receptorAtoms.1
,,,,atomIndex,882
,,,,atomName,CG
,,,,chain,X
,,,,resID,317
,,,,resName,PHE
,,,receptorAtoms.2
,,,,atomIndex,883
,,,,atomName,CD1
,,,,chain,X
,,,,resID,317
,,,,resName,PHE
,,,receptorAtoms.3
,,,,atomIndex,885
,,,,atomName,CE1
,,,,chain,X
,,,,resID,317
,,,,resName,PHE
,,,receptorAtoms.4
,,,,atomIndex,887
,,,,atomName,CZ
,,,,chain,X
,,,,resID,317
,,,,resName,PHE
,,,receptorAtoms.5
,,,,atomIndex,886
,,,,atomName,CE2
,,,,chain,X
,,,,resID,317
,,,,resName,PHE
,,,receptorAtoms.6
,,,,atomIndex,884
,,,,atomName,CD2
,,,,chain,X
,,,,resID,317
,,,,resName,PHE
,piPiStackingInteractions.6
,,ligandAtoms
,,,ligandAtoms.1
,,,,atomIndex,54
,,,,atomName,C24
,,,,chain,X
,,,,resID,1
,,,,resName,UNL
,,,ligandAtoms.2
,,,,atomIndex,55
,,,,atomName,C25
,,,,chain,X
,,,,resID,1
,,,,resName,UNL
,,,ligandAtoms.3
,,,,atomIndex,56
,,,,atomName,N8
,,,,chain,X
,,,,resID,1
,,,,resName,UNL
,,,ligandAtoms.4
,,,,atomIndex,57
,,,,atomName,C26
,,,,chain,X
,,,,resID,1
,,,,resName,UNL
,,,ligandAtoms.5
,,,,atomIndex,59
,,,,atomName,C27
,,,,chain,X
,,,,resID,1
,,,,resName,UNL
,,metrics
,,,angle,20.03961074019329
,,,distance,5.9036884267379826
,,receptorAtoms
,,,receptorAtoms.1
,,,,atomIndex,1324
,,,,atomName,CG
,,,,chain,X
,,,,resID,361
,,,,resName,HIE
,,,receptorAtoms.2
,,,,atomIndex,1326
,,,,atomName,ND1
,,,,chain,X
,,,,resID,361
,,,,resName,HIE
,,,receptorAtoms.3
,,,,atomIndex,1327
,,,,atomName,CE1
,,,,chain,X
,,,,resID,361
,,,,resName,HIE
,,,receptorAtoms.4
,,,,atomIndex,1328
,,,,atomName,NE2
,,,,chain,X
,,,,resID,361
,,,,resName,HIE
,,,receptorAtoms.5
,,,,atomIndex,1325
,,,,atomName,CD2
,,,,chain,X
,,,,resID,361
,,,,resName,HIE
,piPiStackingInteractions.7
,,ligandAtoms
,,,ligandAtoms.1
,,,,atomIndex,55
,,,,atomName,C25
,,,,chain,X
,,,,resID,1
,,,,resName,UNL
,,,ligandAtoms.2
,,,,atomIndex,54
,,,,atomName,C24
,,,,chain,X
,,,,resID,1
,,,,resName,UNL
,,,ligandAtoms.3
,,,,atomIndex,59
,,,,atomName,C27
,,,,chain,X
,,,,resID,1
,,,,resName,UNL
,,,ligandAtoms.4
,,,,atomIndex,57
,,,,atomName,C26
,,,,chain,X
,,,,resID,1
,,,,resName,UNL
,,,ligandAtoms.5
,,,,atomIndex,56
,,,,atomName,N8
,,,,chain,X
,,,,resID,1
,,,,resName,UNL
,,metrics
,,,angle,19.964143092216773
,,,distance,5.9036884267379826
,,receptorAtoms
,,,receptorAtoms.1
,,,,atomIndex,1324
,,,,atomName,CG
,,,,chain,X
,,,,resID,361
,,,,resName,HIE
,,,receptorAtoms.2
,,,,atomIndex,1326
,,,,atomName,ND1
,,,,chain,X
,,,,resID,361
,,,,resName,HIE
,,,receptorAtoms.3
,,,,atomIndex,1327
,,,,atomName,CE1
,,,,chain,X
,,,,resID,361
,,,,resName,HIE
,,,receptorAtoms.4
,,,,atomIndex,1328
,,,,atomName,NE2
,,,,chain,X
,,,,resID,361
,,,,resName,HIE
,,,receptorAtoms.5
,,,,atomIndex,1325
,,,,atomName,CD2
,,,,chain,X
,,,,resID,361
,,,,resName,HIE
,piPiStackingInteractions.8
,,ligandAtoms
,,,ligandAtoms.1
,,,,atomIndex,56
,,,,atomName,N8
,,,,chain,X
,,,,resID,1
,,,,resName,UNL
,,,ligandAtoms.2
,,,,atomIndex,55
,,,,atomName,C25
,,,,chain,X
,,,,resID,1
,,,,resName,UNL
,,,ligandAtoms.3
,,,,atomIndex,54
,,,,atomName,C24
,,,,chain,X
,,,,resID,1
,,,,resName,UNL
,,,ligandAtoms.4
,,,,atomIndex,59
,,,,atomName,C27
,,,,chain,X
,,,,resID,1
,,,,resName,UNL
,,,ligandAtoms.5
,,,,atomIndex,57
,,,,atomName,C26
,,,,chain,X
,,,,resID,1
,,,,resName,UNL
,,metrics
,,,angle,21.52651909514782
,,,distance,5.9036884267379826
,,receptorAtoms
,,,receptorAtoms.1
,,,,atomIndex,1324
,,,,atomName,CG
,,,,chain,X
,,,,resID,361
,,,,resName,HIE
,,,receptorAtoms.2
,,,,atomIndex,1326
,,,,atomName,ND1
,,,,chain,X
,,,,resID,361
,,,,resName,HIE
,,,receptorAtoms.3
,,,,atomIndex,1327
,,,,atomName,CE1
,,,,chain,X
,,,,resID,361
,,,,resName,HIE
,,,receptorAtoms.4
,,,,atomIndex,1328
,,,,atomName,NE2
,,,,chain,X
,,,,resID,361
,,,,resName,HIE
,,,receptorAtoms.5
,,,,atomIndex,1325
,,,,atomName,CD2
,,,,chain,X
,,,,resID,361
,,,,resName,HIE
,piPiStackingInteractions.9
,,ligandAtoms
,,,ligandAtoms.1
,,,,atomIndex,57
,,,,atomName,C26
,,,,chain,X
,,,,resID,1
,,,,resName,UNL
,,,ligandAtoms.2
,,,,atomIndex,56
,,,,atomName,N8
,,,,chain,X
,,,,resID,1
,,,,resName,UNL
,,,ligandAtoms.3
,,,,atomIndex,55
,,,,atomName,C25
,,,,chain,X
,,,,resID,1
,,,,resName,UNL
,,,ligandAtoms.4
,,,,atomIndex,54
,,,,atomName,C24
,,,,chain,X
,,,,resID,1
,,,,resName,UNL
,,,ligandAtoms.5
,,,,atomIndex,59
,,,,atomName,C27
,,,,chain,X
,,,,resID,1
,,,,resName,UNL
,,metrics
,,,angle,19.07409296379015
,,,distance,5.9036884267379826
,,receptorAtoms
,,,receptorAtoms.1
,,,,atomIndex,1324
,,,,atomName,CG
,,,,chain,X
,,,,resID,361
,,,,resName,HIE
,,,receptorAtoms.2
,,,,atomIndex,1326
,,,,atomName,ND1
,,,,chain,X
,,,,resID,361
,,,,resName,HIE
,,,receptorAtoms.3
,,,,atomIndex,1327
,,,,atomName,CE1
,,,,chain,X
,,,,resID,361
,,,,resName,HIE
,,,receptorAtoms.4
,,,,atomIndex,1328
,,,,atomName,NE2
,,,,chain,X
,,,,resID,361
,,,,resName,HIE
,,,receptorAtoms.5
,,,,atomIndex,1325
,,,,atomName,CD2
,,,,chain,X
,,,,resID,361
,,,,resName,HIE
,piPiStackingInteractions.10
,,ligandAtoms
,,,ligandAtoms.1
,,,,atomIndex,59
,,,,atomName,C27
,,,,chain,X
,,,,resID,1
,,,,resName,UNL
,,,ligandAtoms.2
,,,,atomIndex,54
,,,,atomName,C24
,,,,chain,X
,,,,resID,1
,,,,resName,UNL
,,,ligandAtoms.3
,,,,atomIndex,55
,,,,atomName,C25
,,,,chain,X
,,,,resID,1
,,,,resName,UNL
,,,ligandAtoms.4
,,,,atomIndex,56
,,,,atomName,N8
,,,,chain,X
,,,,resID,1
,,,,resName,UNL
,,,ligandAtoms.5
,,,,atomIndex,57
,,,,atomName,C26
,,,,chain,X
,,,,resID,1
,,,,resName,UNL
,,metrics
,,,angle,19.074092963790143
,,,distance,5.903688426737981
,,receptorAtoms
,,,receptorAtoms.1
,,,,atomIndex,1324
,,,,atomName,CG
,,,,chain,X
,,,,resID,361
,,,,resName,HIE
,,,receptorAtoms.2
,,,,atomIndex,1326
,,,,atomName,ND1
,,,,chain,X
,,,,resID,361
,,,,resName,HIE
,,,receptorAtoms.3
,,,,atomIndex,1327
,,,,atomName,CE1
,,,,chain,X
,,,,resID,361
,,,,resName,HIE
,,,receptorAtoms.4
,,,,atomIndex,1328
,,,,atomName,NE2
,,,,chain,X
,,,,resID,361
,,,,resName,HIE
,,,receptorAtoms.5
,,,,atomIndex,1325
,,,,atomName,CD2
,,,,chain,X
,,,,resID,361
,,,,resName,HIE
saltBridges
,ligandAtoms
,,ligandAtoms.1
,,,atomIndex,37
,,,atomName,N14
,,,chain,X
,,,resID,1
,,,resName,UNL
,,ligandAtoms.2
,,,atomIndex,33
,,,atomName,C38
,,,chain,X
,,,resID,1
,,,resName,UNL
,,ligandAtoms.3
,,,atomIndex,38
,,,atomName,H43
,,,chain,X
,,,resID,1
,,,resName,UNL
,,ligandAtoms.4
,,,atomIndex,39
,,,atomName,H44
,,,chain,X
,,,resID,1
,,,resName,UNL
,metrics
,,distance,5.418185489626576
,receptorAtoms
,,receptorAtoms.1
,,,atomIndex,1010
,,,atomName,CD
,,,chain,X
,,,resID,329
,,,resName,GLU
,,receptorAtoms.2
,,,atomIndex,1011
,,,atomName,OE1
,,,chain,X
,,,resID,329
,,,resName,GLU
,,receptorAtoms.3
,,,atomIndex,1012
,,,atomName,OE2
,,,chain,X
,,,resID,329
,,,resName,GLU
tStackingInteractions
,tStackingInteractions.1
,,ligandAtoms
,,,ligandAtoms.1
,,,,atomIndex,21
,,,,atomName,C5
,,,,chain,X
,,,,resID,1
,,,,resName,UNL
,,,ligandAtoms.2
,,,,atomIndex,22
,,,,atomName,C4
,,,,chain,X
,,,,resID,1
,,,,resName,UNL
,,,ligandAtoms.3
,,,,atomIndex,23
,,,,atomName,C3
,,,,chain,X
,,,,resID,1
,,,,resName,UNL
,,,ligandAtoms.4
,,,,atomIndex,24
,,,,atomName,C2
,,,,chain,X
,,,,resID,1
,,,,resName,UNL
,,,ligandAtoms.5
,,,,atomIndex,25
,,,,atomName,N1
,,,,chain,X
,,,,resID,1
,,,,resName,UNL
,,metrics
,,,angle,73.83259914083281
,,,distance,5.164349910685758
,,receptorAtoms
,,,receptorAtoms.1
,,,,atomIndex,256
,,,,atomName,CG
,,,,chain,X
,,,,resID,253
,,,,resName,TYR
,,,receptorAtoms.2
,,,,atomIndex,257
,,,,atomName,CD1
,,,,chain,X
,,,,resID,253
,,,,resName,TYR
,,,receptorAtoms.3
,,,,atomIndex,259
,,,,atomName,CE1
,,,,chain,X
,,,,resID,253
,,,,resName,TYR
,,,receptorAtoms.4
,,,,atomIndex,261
,,,,atomName,CZ
,,,,chain,X
,,,,resID,253
,,,,resName,TYR
,,,receptorAtoms.5
,,,,atomIndex,260
,,,,atomName,CE2
,,,,chain,X
,,,,resID,253
,,,,resName,TYR
,,,receptorAtoms.6
,,,,atomIndex,258
,,,,atomName,CD2
,,,,chain,X
,,,,resID,253
,,,,resName,TYR
,tStackingInteractions.2
,,ligandAtoms
,,,ligandAtoms.1
,,,,atomIndex,22
,,,,atomName,C4
,,,,chain,X
,,,,resID,1
,,,,resName,UNL
,,,ligandAtoms.2
,,,,atomIndex,21
,,,,atomName,C5
,,,,chain,X
,,,,resID,1
,,,,resName,UNL
,,,ligandAtoms.3
,,,,atomIndex,25
,,,,atomName,N1
,,,,chain,X
,,,,resID,1
,,,,resName,UNL
,,,ligandAtoms.4
,,,,atomIndex,24
,,,,atomName,C2
,,,,chain,X
,,,,resID,1
,,,,resName,UNL
,,,ligandAtoms.5
,,,,atomIndex,23
,,,,atomName,C3
,,,,chain,X
,,,,resID,1
,,,,resName,UNL
,,metrics
,,,angle,74.05610464268115
,,,distance,7.294554133050216
,,receptorAtoms
,,,receptorAtoms.1
,,,,atomIndex,256
,,,,atomName,CG
,,,,chain,X
,,,,resID,253
,,,,resName,TYR
,,,receptorAtoms.2
,,,,atomIndex,257
,,,,atomName,CD1
,,,,chain,X
,,,,resID,253
,,,,resName,TYR
,,,receptorAtoms.3
,,,,atomIndex,259
,,,,atomName,CE1
,,,,chain,X
,,,,resID,253
,,,,resName,TYR
,,,receptorAtoms.4
,,,,atomIndex,261
,,,,atomName,CZ
,,,,chain,X
,,,,resID,253
,,,,resName,TYR
,,,receptorAtoms.5
,,,,atomIndex,260
,,,,atomName,CE2
,,,,chain,X
,,,,resID,253
,,,,resName,TYR
,,,receptorAtoms.6
,,,,atomIndex,258
,,,,atomName,CD2
,,,,chain,X
,,,,resID,253
,,,,resName,TYR
,tStackingInteractions.3
,,ligandAtoms
,,,ligandAtoms.1
,,,,atomIndex,23
,,,,atomName,C3
,,,,chain,X
,,,,resID,1
,,,,resName,UNL
,,,ligandAtoms.2
,,,,atomIndex,22
,,,,atomName,C4
,,,,chain,X
,,,,resID,1
,,,,resName,UNL
,,,ligandAtoms.3
,,,,atomIndex,21
,,,,atomName,C5
,,,,chain,X
,,,,resID,1
,,,,resName,UNL
,,,ligandAtoms.4
,,,,atomIndex,25
,,,,atomName,N1
,,,,chain,X
,,,,resID,1
,,,,resName,UNL
,,,ligandAtoms.5
,,,,atomIndex,24
,,,,atomName,C2
,,,,chain,X
,,,,resID,1
,,,,resName,UNL
,,metrics
,,,angle,74.17438950023664
,,,distance,6.315111400442595
,,receptorAtoms
,,,receptorAtoms.1
,,,,atomIndex,256
,,,,atomName,CG
,,,,chain,X
,,,,resID,253
,,,,resName,TYR
,,,receptorAtoms.2
,,,,atomIndex,257
,,,,atomName,CD1
,,,,chain,X
,,,,resID,253
,,,,resName,TYR
,,,receptorAtoms.3
,,,,atomIndex,259
,,,,atomName,CE1
,,,,chain,X
,,,,resID,253
,,,,resName,TYR
,,,receptorAtoms.4
,,,,atomIndex,261
,,,,atomName,CZ
,,,,chain,X
,,,,resID,253
,,,,resName,TYR
,,,receptorAtoms.5
,,,,atomIndex,260
,,,,atomName,CE2
,,,,chain,X
,,,,resID,253
,,,,resName,TYR
,,,receptorAtoms.6
,,,,atomIndex,258
,,,,atomName,CD2
,,,,chain,X
,,,,resID,253
,,,,resName,TYR
,tStackingInteractions.4
,,ligandAtoms
,,,ligandAtoms.1
,,,,atomIndex,24
,,,,atomName,C2
,,,,chain,X
,,,,resID,1
,,,,resName,UNL
,,,ligandAtoms.2
,,,,atomIndex,23
,,,,atomName,C3
,,,,chain,X
,,,,resID,1
,,,,resName,UNL
,,,ligandAtoms.3
,,,,atomIndex,22
,,,,atomName,C4
,,,,chain,X
,,,,resID,1
,,,,resName,UNL
,,,ligandAtoms.4
,,,,atomIndex,21
,,,,atomName,C5
,,,,chain,X
,,,,resID,1
,,,,resName,UNL
,,,ligandAtoms.5
,,,,atomIndex,25
,,,,atomName,N1
,,,,chain,X
,,,,resID,1
,,,,resName,UNL
,,metrics
,,,angle,74.04222782995248
,,,distance,5.164349910685758
,,receptorAtoms
,,,receptorAtoms.1
,,,,atomIndex,256
,,,,atomName,CG
,,,,chain,X
,,,,resID,253
,,,,resName,TYR
,,,receptorAtoms.2
,,,,atomIndex,257
,,,,atomName,CD1
,,,,chain,X
,,,,resID,253
,,,,resName,TYR
,,,receptorAtoms.3
,,,,atomIndex,259
,,,,atomName,CE1
,,,,chain,X
,,,,resID,253
,,,,resName,TYR
,,,receptorAtoms.4
,,,,atomIndex,261
,,,,atomName,CZ
,,,,chain,X
,,,,resID,253
,,,,resName,TYR
,,,receptorAtoms.5
,,,,atomIndex,260
,,,,atomName,CE2
,,,,chain,X
,,,,resID,253
,,,,resName,TYR
,,,receptorAtoms.6
,,,,atomIndex,258
,,,,atomName,CD2
,,,,chain,X
,,,,resID,253
,,,,resName,TYR
,tStackingInteractions.5
,,ligandAtoms
,,,ligandAtoms.1
,,,,atomIndex,25
,,,,atomName,N1
,,,,chain,X
,,,,resID,1
,,,,resName,UNL
,,,ligandAtoms.2
,,,,atomIndex,21
,,,,atomName,C5
,,,,chain,X
,,,,resID,1
,,,,resName,UNL
,,,ligandAtoms.3
,,,,atomIndex,22
,,,,atomName,C4
,,,,chain,X
,,,,resID,1
,,,,resName,UNL
,,,ligandAtoms.4
,,,,atomIndex,23
,,,,atomName,C3
,,,,chain,X
,,,,resID,1
,,,,resName,UNL
,,,ligandAtoms.5
,,,,atomIndex,24
,,,,atomName,C2
,,,,chain,X
,,,,resID,1
,,,,resName,UNL
,,metrics
,,,angle,74.04222782995248
,,,distance,6.315111400442595
,,receptorAtoms
,,,receptorAtoms.1
,,,,atomIndex,256
,,,,atomName,CG
,,,,chain,X
,,,,resID,253
,,,,resName,TYR
,,,receptorAtoms.2
,,,,atomIndex,257
,,,,atomName,CD1
,,,,chain,X
,,,,resID,253
,,,,resName,TYR
,,,receptorAtoms.3
,,,,atomIndex,259
,,,,atomName,CE1
,,,,chain,X
,,,,resID,253
,,,,resName,TYR
,,,receptorAtoms.4
,,,,atomIndex,261
,,,,atomName,CZ
,,,,chain,X
,,,,resID,253
,,,,resName,TYR
,,,receptorAtoms.5
,,,,atomIndex,260
,,,,atomName,CE2
,,,,chain,X
,,,,resID,253
,,,,resName,TYR
,,,receptorAtoms.6
,,,,atomIndex,258
,,,,atomName,CD2
,,,,chain,X
,,,,resID,253
,,,,resName,TYR
